Date;Open;High;Low;Close;Adj Close;Volume;ret;tret;Adj Low;Adj High;Adj Open;Returns;Target;Vol;MM20;Detrend
2022-10-07;24.770000457763672;24.969999313354492;24.299999237060547;24.5;22.29322624206543;7688700;;;22.093225479125977;22.763225555419922;22.5632266998291;;0.0481633795687928;;;
2022-10-10;24.600000381469727;25.75;24.459999084472656;25.68000030517578;23.366943359375;11259500;4.82;4.82;22.146942138671875;23.43694305419922;22.286943435668945;0.0481633795687928;-0.04088798244193459;;;
2022-10-11;25.600000381469727;25.670000076293945;24.6299991607666;24.6299991607666;22.411516189575195;9309900;-4.09;0.7300000000000004;22.411516189575195;23.45151710510254;23.38151741027832;-0.04088798244193459;0.005684212264264632;;;
2022-10-13;24.299999237060547;25.059999465942383;24.1299991607666;24.770000457763672;22.538908004760742;9806200;0.57;1.3000000000000003;21.898906707763672;22.828907012939453;22.068906784057617;0.005684212264264632;-0.021396851063635314;;;
2022-10-14;24.84000015258789;25.040000915527344;24.079999923706055;24.239999771118164;22.0566463470459;6768100;-2.14;-0.8399999999999999;21.89664649963379;22.856647491455078;22.656646728515625;-0.021396851063635314;0.021039628468782823;;;
2022-10-17;24.34000015258789;24.940000534057617;24.239999771118164;24.75;22.520709991455078;5252700;2.1;1.2600000000000002;22.010709762573242;22.710710525512695;22.11071014404297;0.021039628468782823;0.02787876488332941;;;
2022-10-18;24.959999084472656;25.59000015258789;24.920000076293945;25.440000534057617;23.1485595703125;9740200;2.79;4.050000000000001;22.628559112548828;23.298559188842773;22.66855812072754;0.02787876488332941;0.009434012012677018;;;
2022-10-19;25.389999389648438;25.739999771118164;25.229999542236328;25.68000030517578;23.366943359375;6407400;0.94;4.99;22.916942596435547;23.426942825317383;23.076942443847656;0.009434012012677018;-0.007788257096885465;;;
2022-10-20;25.75;26.350000381469727;25.34000015258789;25.479999542236328;23.184955596923828;10878300;-0.78;4.21;23.04495620727539;24.054956436157227;23.4549560546875;-0.007788257096885465;0.010596520416854993;;;
2022-10-21;25.399999618530273;26.0;25.149999618530273;25.75;23.430635452270508;7496400;1.06;5.27;22.83063507080078;23.680635452270508;23.08063507080078;0.010596520416854993;0.010097114218267533;;;
2022-10-24;25.469999313354492;26.43000030517578;25.469999313354492;26.010000228881836;23.667217254638672;7674000;1.01;6.279999999999999;23.127216339111328;24.087217330932617;23.127216339111328;0.010097114218267533;-0.004229138268652344;;;
2022-10-25;26.190000534057617;26.43000030517578;25.510000228881836;25.899999618530273;23.56712532043457;8034900;-0.42;5.859999999999999;23.177125930786133;24.097126007080078;23.857126235961914;-0.004229138268652344;-0.04285712782680362;;;
2022-10-26;25.690000534057617;25.690000534057617;24.739999771118164;24.790000915527344;22.557106018066406;10249900;-4.29;1.5699999999999994;22.507104873657227;23.45710563659668;23.45710563659668;-0.04285712782680362;0.005647440222823041;;;
2022-10-27;24.8799991607666;25.329999923706055;24.479999542236328;24.93000030517578;22.68449592590332;5251300;0.56;2.1299999999999994;22.234495162963867;23.084495544433594;22.63449478149414;0.005647440222823041;0.03449666107776306;;;
2022-10-28;24.799999237060547;26.030000686645508;24.68000030517578;25.790000915527344;23.4670352935791;7182600;3.45;5.58;22.35703468322754;23.707035064697266;22.477033615112305;0.03449666107776306;-0.03218315786137016;;;
2022-10-31;25.790000915527344;25.950000762939453;24.65999984741211;24.959999084472656;22.7117919921875;9900400;-3.22;2.36;22.411792755126953;23.701793670654297;23.541793823242188;-0.03218315786137016;-0.0024037750933864066;;;
2022-11-01;25.049999237060547;25.18000030517578;24.3700008392334;24.899999618530273;22.657197952270508;8303800;-0.24;2.12;22.127199172973633;22.937198638916016;22.80719757080078;-0.0024037750933864066;0.0012048256668948376;;;
2022-11-03;24.780000686645508;25.200000762939453;24.280000686645508;24.93000030517578;22.68449592590332;6527000;0.12;2.24;22.034496307373047;22.954496383666992;22.534496307373047;0.0012048256668948376;0.025270723822309105;;;
2022-11-04;25.25;25.81999969482422;25.170000076293945;25.559999465942383;23.257749557495117;6595200;2.53;4.77;22.86775016784668;23.517749786376953;22.947750091552734;0.025270723822309105;-0.0062598416124183265;;;
2022-11-07;25.6200008392334;25.850000381469727;25.1299991607666;25.399999618530273;23.112159729003906;5171400;-0.63;4.14;22.842159271240234;23.56216049194336;23.33216094970703;-0.0062598416124183265;0.0027559478793683923;;22.93427095413208;0.17788877487182475
2022-11-08;25.280000686645508;25.770000457763672;24.899999618530273;25.469999313354492;23.17585563659668;7530100;0.28;4.42;22.60585594177246;23.47585678100586;22.985857009887695;0.0027559478793683923;-0.005496582412565787;0.378;22.978402423858643;0.1974532127380364
2022-11-09;25.280000686645508;26.290000915527344;25.280000686645508;25.329999923706055;23.0484676361084;6463100;-0.55;3.87;22.99846839904785;24.008468627929688;22.99846839904785;-0.005496582412565787;-0.01934469736309108;0.3373;22.962478637695312;0.08598899841308594
2022-11-10;24.969999313354492;25.600000381469727;24.40999984741211;24.84000015258789;22.602602005004883;9814100;-1.93;1.9400000000000002;22.1726016998291;23.36260223388672;22.732601165771484;-0.01934469736309108;0.1191626555776395;0.3106;22.972032928466795;-0.36943092346191264
2022-11-11;24.950000762939453;27.860000610351562;24.709999084472656;27.799999237060547;25.295988082885742;16192100;11.92;13.86;22.20598793029785;25.355989456176758;22.44598960876465;0.1191626555776395;-0.030935239918798874;0.5235;23.109886932373048;2.1861011505126946
2022-11-14;28.0;28.0;26.149999618530273;26.940000534057617;24.513450622558594;12829900;-3.09;10.77;23.72344970703125;25.573450088500977;25.573450088500977;-0.030935239918798874;-0.045657101543186585;0.5312;23.232727146148683;1.2807234764099107
2022-11-16;25.600000381469727;26.459999084472656;25.479999542236328;25.709999084472656;23.394237518310547;12054100;-4.57;6.199999999999999;23.16423797607422;24.144237518310547;23.284238815307617;-0.045657101543186585;-0.031161360838748764;0.5579;23.276403522491456;0.11783399581909038
2022-11-17;24.40999984741211;24.40999984741211;23.559999465942383;23.940000534057617;22.665241241455078;13478200;-3.12;3.079999999999999;22.285240173339844;23.13524055480957;23.13524055480957;-0.031161360838748764;-0.03675863077641095;0.5616;23.252237606048585;-0.5869963645935066
2022-11-18;24.139999389648438;24.299999237060547;23.010000228881836;23.059999465942383;21.83209800720215;13314300;-3.68;-0.600000000000001;21.7820987701416;23.072097778320312;22.912097930908203;-0.03675863077641095;0.01821338533030792;0.5746;23.17549533843994;-1.3433973312377923
2022-11-21;23.399999618530273;23.799999237060547;23.1299991607666;23.479999542236328;22.229734420776367;5738100;1.82;1.219999999999999;21.87973403930664;22.549734115600586;22.149734497070312;0.01821338533030792;-0.008517876308808181;0.579;23.12773427963257;-0.8979998588562026
2022-11-22;23.559999465942383;24.100000381469727;23.06999969482422;23.280000686645508;22.04038429260254;6523600;-0.85;0.3699999999999991;21.83038330078125;22.860383987426758;22.320383071899414;-0.008517876308808181;-0.0017182280763227142;0.5777;23.05822172164917;-1.0178374290466294
2022-11-23;23.110000610351562;23.440000534057617;22.90999984741211;23.239999771118164;22.002513885498047;4852800;-0.17;0.1999999999999991;21.672513961791992;22.2025146484375;21.872514724731445;-0.0017182280763227142;0.01678136324130386;0.5758;22.97498655319214;-0.9724726676940918
2022-11-24;23.43000030517578;23.950000762939453;23.209999084472656;23.6299991607666;22.371746063232422;4495600;1.68;1.879999999999999;21.951745986938477;22.691747665405273;22.1717472076416;0.01678136324130386;-0.013118840286129418;0.58;22.91521759033203;-0.5434715270996087
2022-11-25;23.600000381469727;24.06999969482422;23.1299991607666;23.31999969482422;22.07825469970703;4324300;-1.31;0.569999999999999;21.888254165649414;22.82825469970703;22.35825538635254;-0.013118840286129418;-0.024442600681931048;0.5615;22.891275024414064;-0.8130203247070327
2022-11-28;23.360000610351562;23.469999313354492;22.729999542236328;22.75;21.538604736328125;6168600;-2.44;-1.870000000000001;21.518604278564453;22.258604049682617;22.148605346679688;-0.024442600681931048;-0.012747298367614679;0.5673;22.8339804649353;-1.2953757286071763
2022-11-29;22.84000015258789;23.0;22.43000030517578;22.459999084472656;21.26404571533203;5865200;-1.27;-3.140000000000001;21.234046936035156;21.804046630859375;21.644046783447266;-0.012747298367614679;-0.018254589592629822;0.5515;22.72383098602295;-1.4597852706909187
2022-11-30;22.549999237060547;22.549999237060547;21.469999313354492;22.049999237060547;20.875879287719727;11784100;-1.83;-4.970000000000001;20.295879364013672;21.375879287719727;21.375879287719727;-0.018254589592629822;-0.0217687151900694;0.5444;22.632035350799562;-1.7561560630798354
2022-12-01;21.989999771118164;22.420000076293945;21.510000228881836;21.56999969482422;20.421438217163086;8127500;-2.18;-7.15;20.361438751220703;21.271438598632812;20.84143829345703;-0.0217687151900694;0.03013445300449291;0.5481;22.520247364044188;-2.098809146881102
2022-12-02;21.65999984741211;23.219999313354492;21.3799991607666;22.219999313354492;21.036827087402344;8548100;3.01;-4.140000000000001;20.196826934814453;22.036827087402344;20.47682762145996;0.03013445300449291;-0.03915387262864667;0.5617;22.437863922119142;-1.4010368347167983
2022-12-05;22.309999465942383;22.56999969482422;21.209999084472656;21.350000381469727;20.213153839111328;8554400;-3.92;-8.06;20.073152542114258;21.43315315246582;21.173152923583984;-0.03915387262864667;-0.026697865178569202;0.5649;22.285634136199953;-2.0724802970886245
2022-12-06;21.559999465942383;21.670000076293945;20.639999389648438;20.780000686645508;19.673505783081055;8704200;-2.67;-10.73;19.533504486083984;20.563505172729492;20.45350456237793;-0.026697865178569202;0.03272366900339074;0.5695;22.11370143890381;-2.4401956558227553
2022-12-07;20.75;21.739999771118164;20.579999923706055;21.459999084472656;20.31729507446289;9722000;3.27;-7.460000000000001;19.43729591369629;20.5972957611084;19.607295989990234;0.03272366900339074;-0.012581540152499349;0.5863;21.97077341079712;-1.6534783363342278
2022-12-08;21.450000762939453;21.649999618530273;21.059999465942383;21.190000534057617;20.06167221069336;6757200;-1.26;-8.72;19.931671142578125;20.521671295166016;20.321672439575195;-0.012581540152499349;-0.0037753037765206887;0.5867;21.82143363952637;-1.7597614288330092
2022-12-09;21.309999465942383;21.719999313354492;21.030000686645508;21.110000610351562;19.985933303833008;6127600;-0.38;-9.100000000000001;19.905933380126953;20.595932006835938;20.185932159423828;-0.0037753037765206887;-0.010421644175128142;0.5848;21.690600204467774;-1.7046669006347663
2022-12-12;21.100000381469727;21.229999542236328;20.5;20.889999389648438;19.777647018432617;7187900;-1.04;-10.14;19.38764762878418;20.117647171020508;19.987648010253906;-0.010421644175128142;-0.012446207189129588;0.3535;21.414683151245118;-1.6370361328125007
2022-12-13;20.950000762939453;21.549999237060547;20.56999969482422;20.6299991607666;19.531490325927734;11911700;-1.24;-11.38;19.47149085998535;20.45149040222168;19.851491928100586;-0.012446207189129588;-0.0053319656418290284;0.3464;21.165585136413576;-1.6340948104858413
2022-12-14;20.579999923706055;20.760000228881836;20.030000686645508;20.520000457763672;19.427349090576172;12061100;-0.53;-11.91;18.937349319458008;19.667348861694336;19.487348556518555;-0.0053319656418290284;0.00048735823756174135;0.3217;20.967240715026854;-1.5398916244506822
2022-12-15;20.43000030517578;20.850000381469727;20.239999771118164;20.530000686645508;19.436817169189453;8424600;0.05;-11.86;19.14681625366211;19.756816864013672;19.336816787719727;0.00048735823756174135;-0.005358034795186484;0.3123;20.805819511413574;-1.369002342224121
2022-12-16;20.559999465942383;21.149999618530273;20.309999465942383;20.420000076293945;19.332674026489258;14253500;-0.54;-12.399999999999999;19.222673416137695;20.062673568725586;19.472673416137695;-0.005358034795186484;-0.0009794898109085626;0.2925;20.68084831237793;-1.3481742858886712
2022-12-19;20.520000457763672;20.989999771118164;20.18000030517578;20.399999618530273;19.313737869262695;7398800;-0.1;-12.499999999999998;19.093738555908203;19.903738021850586;19.433738708496094;-0.0009794898109085626;0.013235385757460527;0.2791;20.535048484802246;-1.2213106155395508
2022-12-20;20.219999313354492;20.93000030517578;20.219999313354492;20.670000076293945;19.56936264038086;8274400;1.32;-11.179999999999998;19.119361877441406;19.829362869262695;19.119361877441406;0.013235385757460527;-0.02080315540514599;0.288;20.411497402191163;-0.8421347618103034
2022-12-21;20.760000228881836;20.84000015258789;20.049999237060547;20.239999771118164;19.16225814819336;9432300;-2.08;-13.259999999999998;18.972257614135742;19.762258529663086;19.68225860595703;-0.02080315540514599;0.03211463207937615;0.2923;20.26948461532593;-1.1072264671325698
2022-12-22;20.31999969482422;20.940000534057617;20.15999984741211;20.889999389648438;19.777647018432617;5999200;3.21;-10.049999999999997;19.04764747619629;19.827648162841797;19.2076473236084;0.03211463207937615;0.010531398664677782;0.313;20.13977966308594;-0.36213264465332173
2022-12-23;20.969999313354492;21.3799991607666;20.6299991607666;21.110000610351562;19.985933303833008;8709800;1.05;-8.999999999999996;19.505931854248047;20.255931854248047;19.845932006835938;0.010531398664677782;-0.003315969016217668;0.3171;20.035163593292236;-0.049230289459227805
2022-12-26;21.190000534057617;21.239999771118164;20.75;21.040000915527344;19.919660568237305;2895100;-0.33;-9.329999999999997;19.62965965270996;20.119659423828125;20.069660186767578;-0.003315969016217668;0.0009505307489086068;0.3084;19.954216384887694;-0.034555816650389204
2022-12-27;21.1200008392334;21.25;20.770000457763672;21.059999465942383;19.938594818115234;4496900;0.1;-9.229999999999997;19.648595809936523;20.12859535217285;19.99859619140625;0.0009505307489086068;0.0275403627814661;0.307;19.887943840026857;0.050650978088377485
2022-12-28;21.1299991607666;21.75;21.1299991607666;21.639999389648438;20.48771095275879;6173200;2.75;-6.479999999999997;19.977710723876953;20.59771156311035;19.977710723876953;0.0275403627814661;0.016173777477756612;0.3196;19.868535423278807;0.6191755294799819
2022-12-29;21.729999542236328;22.100000381469727;21.579999923706055;21.989999771118164;20.819074630737305;6171000;1.62;-4.859999999999997;20.409074783325195;20.929075241088867;20.55907440185547;0.016173777477756612;-0.02455660189546849;0.3149;19.88841724395752;0.9306573867797852
2023-01-02;21.989999771118164;22.030000686645508;21.149999618530273;21.450000762939453;20.307828903198242;3552200;-2.46;-7.319999999999997;20.007827758789062;20.887828826904297;20.847827911376953;-0.02455660189546849;-0.02144526737716035;0.3079;19.851967334747314;0.45586156845092773
2023-01-03;21.459999084472656;21.690000534057617;20.989999771118164;20.989999771118164;19.87232208251953;8052700;-2.14;-9.459999999999997;19.87232208251953;20.572322845458984;20.342321395874023;-0.02144526737716035;0.01476894696328368;0.2848;19.834925746917726;0.03739633560180522
2023-01-04;21.239999771118164;21.450000762939453;20.780000686645508;21.299999237060547;20.165815353393555;7129800;1.48;-7.979999999999997;19.645816802978516;20.31581687927246;20.105815887451172;0.01476894696328368;0.037558730295350395;0.2723;19.85954122543335;0.30627412796020437
2023-01-05;21.40999984741211;22.170000076293945;20.950000762939453;22.100000381469727;20.9232177734375;9633400;3.76;-4.219999999999997;19.773218154907227;20.99321746826172;20.233217239379883;0.037558730295350395;0.004977304947987982;0.2801;19.88983736038208;1.0333804130554185
2023-01-06;22.25;22.450000762939453;21.829999923706055;22.209999084472656;21.027359008789062;5562700;0.5;-3.719999999999997;20.64735984802246;21.26736068725586;21.067359924316406;0.004977304947987982;0.030166561566388417;0.2752;19.938121700286864;1.0892373085021987
2023-01-09;21.93000030517578;23.020000457763672;21.920000076293945;22.8799991607666;21.66168212890625;8526700;3.02;-0.6999999999999971;20.701683044433594;21.80168342590332;20.71168327331543;0.030166561566388417;-0.010052426001324277;0.2909;20.021909141540526;1.639772987365724
2023-01-10;22.780000686645508;22.799999237060547;22.34000015258789;22.649999618530273;21.44392967224121;7712600;-1.01;-1.709999999999997;21.133930206298828;21.593929290771484;21.573930740356445;-0.010052426001324277;-0.010596030613383989;0.2906;20.10522327423096;1.3387063980102525
2023-01-11;22.280000686645508;22.59000015258789;21.719999313354492;22.40999984741211;21.21670913696289;12433600;-1.06;-2.769999999999997;20.526708602905273;21.396709442138672;21.08670997619629;-0.010596030613383989;-0.0169566400141824;0.2893;20.189484214782716;1.0272249221801744
2023-01-12;22.40999984741211;22.6200008392334;21.969999313354492;22.030000686645508;20.856945037841797;7975100;-1.7;-4.469999999999997;20.79694366455078;21.446945190429688;21.2369441986084;-0.0169566400141824;-0.024058152110196906;0.2973;20.260964012145998;0.5959810256957994
2023-01-13;21.93000030517578;22.059999465942383;21.31999969482422;21.5;20.355165481567383;8963200;-2.41;-6.879999999999997;20.1751651763916;20.915164947509766;20.785165786743164;-0.024058152110196906;-0.006046494325461449;0.3131;20.306881427764893;0.048284053802490234
2023-01-16;21.469999313354492;21.690000534057617;21.200000762939453;21.3700008392334;20.232088088989258;4421000;-0.6;-7.479999999999997;20.062088012695312;20.552087783813477;20.33208656311035;-0.006046494325461449;0.014038352888316785;0.3134;20.351852130889892;-0.11976404190063406
2023-01-17;21.459999084472656;21.8799991607666;21.31999969482422;21.670000076293945;20.51611328125;6128900;1.4;-6.0799999999999965;20.166112899780273;20.726112365722656;20.30611228942871;0.014038352888316785;-0.005076163368398556;0.3157;20.41197090148926;0.10414237976074148
2023-01-18;21.8700008392334;21.8799991607666;21.260000228881836;21.559999465942383;20.411970138549805;7631100;-0.51;-6.589999999999996;20.111970901489258;20.731969833374023;20.72197151184082;-0.005076163368398556;0.006493610251256943;0.3147;20.454101276397704;-0.04213113784789968
2023-01-19;21.579999923706055;21.81999969482422;21.34000015258789;21.700000762939453;20.544517517089844;5237100;0.65;-5.939999999999996;20.18451690673828;20.66451644897461;20.424516677856445;0.006493610251256943;-0.00460838135316588;0.3028;20.523214244842528;0.021303272247315874
2023-01-20;21.579999923706055;21.899999618530273;21.459999084472656;21.600000381469727;20.449840545654297;6387400;-0.46;-6.399999999999996;20.309839248657227;20.749839782714844;20.429840087890625;-0.00460838135316588;0.008333359759722603;0.2846;20.556823921203613;-0.1069833755493157
2023-01-23;21.65999984741211;22.170000076293945;21.59000015258789;21.780000686645508;20.620256423950195;5969300;0.83;-5.569999999999996;20.430255889892578;21.010255813598633;20.500255584716797;0.008333359759722603;0.014692414258021369;0.2838;20.588540077209473;0.031716346740722656
2023-01-24;21.860000610351562;22.200000762939453;21.809999465942383;22.100000381469727;20.9232177734375;4913100;1.47;-4.099999999999996;20.633216857910156;21.023218154907227;20.683218002319336;0.014692414258021369;-0.0013575462506490998;0.2867;20.638717937469483;0.28449983596801687
2023-01-25;22.06999969482422;22.260000228881836;21.760000228881836;22.06999969482422;20.894813537597656;3979700;-0.14;-4.239999999999996;20.584814071655273;21.084814071655273;20.894813537597656;-0.0013575462506490998;-0.006796502021926276;0.287;20.686528873443603;0.20828466415405344
2023-01-26;22.06999969482422;22.270000457763672;21.770000457763672;21.920000076293945;20.7528018951416;5223800;-0.68;-4.9199999999999955;20.602802276611328;21.102802276611328;20.902801513671875;-0.006796502021926276;-0.022354048938255766;0.2728;20.699783420562746;0.053018474578856
2023-01-27;21.860000610351562;21.899999618530273;21.229999542236328;21.43000030517578;20.28889274597168;5913300;-2.24;-7.159999999999996;20.088891983032227;20.758892059326172;20.71889305114746;-0.022354048938255766;-0.024265073694515915;0.2782;20.673274326324464;-0.3843815803527839
2023-01-30;21.43000030517578;21.81999969482422;20.770000457763672;20.90999984741211;19.796581268310547;9733500;-2.43;-9.589999999999996;19.65658187866211;20.706581115722656;20.31658172607422;-0.024265073694515915;-0.03969386585169632;0.2779;20.647711944580077;-0.8511306762695305
2023-01-31;20.81999969482422;20.950000762939453;19.829999923706055;20.079999923706055;19.010778427124023;21254400;-3.97;-13.559999999999997;18.760778427124023;19.880779266357422;19.750778198242188;-0.03969386585169632;0.0014940118628012922;0.3021;20.604634761810303;-1.5938563346862793
2023-02-01;20.010000228881836;20.34000015258789;19.639999389648438;20.110000610351562;19.039180755615234;13720700;0.15;-13.409999999999997;18.56917953491211;19.269180297851562;18.939180374145508;0.0014940118628012922;-0.012928853836510323;0.2959;20.548303031921385;-1.509122276306151
2023-02-02;20.15999984741211;20.389999389648438;19.760000228881836;19.850000381469727;18.793025970458984;10766700;-1.29;-14.699999999999996;18.703025817871094;19.333024978637695;19.103025436401367;-0.012928853836510323;-0.008060523550389664;0.2564;20.44179344177246;-1.6487674713134766
2023-02-03;19.799999237060547;20.030000686645508;19.6200008392334;19.690000534057617;18.641544342041016;8949400;-0.81;-15.509999999999996;18.571544647216797;18.981544494628906;18.751543045043945;-0.008060523550389664;-0.028948677541336565;0.2537;20.32250270843506;-1.6809583663940444
2023-02-06;19.440000534057617;19.440000534057617;18.8700008392334;19.1200008392334;18.101896286010742;17521000;-2.89;-18.399999999999995;17.851896286010742;18.42189598083496;18.42189598083496;-0.028948677541336565;-0.017259380775118016;0.2277;20.144513416290284;-2.0426171302795417
2023-02-07;19.190000534057617;19.190000534057617;18.6299991607666;18.790000915527344;17.78946876525879;14814600;-1.73;-20.129999999999995;17.629467010498047;18.189468383789062;18.189468383789062;-0.017259380775118016;0.001596581037129008;0.2297;19.961790370941163;-2.1723216056823738
2023-02-08;18.93000030517578;19.020000457763672;18.540000915527344;18.81999969482422;17.81787109375;7859200;0.16;-19.969999999999995;17.537872314453125;18.017871856689453;17.927871704101562;0.001596581037129008;-0.011689740278424843;0.2327;19.79184846878052;-1.9739773750305183
2023-02-09;18.690000534057617;19.18000030517578;18.209999084472656;18.600000381469727;17.60958480834961;20987400;-1.17;-21.139999999999993;17.21958351135254;18.189584732055664;17.6995849609375;-0.011689740278424843;0.012903230698010804;0.231;19.62948045730591;-2.0198956489563002
2023-02-10;18.530000686645508;19.100000381469727;18.520000457763672;18.84000015258789;17.83680534362793;8683600;1.29;-19.849999999999994;17.51680564880371;18.096805572509766;17.526805877685547;0.012903230698010804;0.029193221326394347;0.2348;19.503562450408936;-1.6667571067810059
2023-02-13;19.18000030517578;19.610000610351562;18.969999313354492;19.389999389648438;18.357519149780273;9491700;2.92;-16.929999999999993;17.937519073486328;18.5775203704834;18.147520065307617;0.029193221326394347;-0.0108303417888298;0.2668;19.409834003448488;-1.0523148536682143
2023-02-14;19.520000457763672;20.010000228881836;19.030000686645508;19.18000030517578;18.158700942993164;9971500;-1.08;-18.00999999999999;18.00870132446289;18.98870086669922;18.498701095581055;-0.0108303417888298;0.024504670975104004;0.2581;19.291963386535645;-1.1332624435424812
2023-02-15;19.18000030517578;19.860000610351562;19.030000686645508;19.649999618530273;18.603673934936523;9022700;2.45;-15.559999999999992;17.983675003051758;18.813674926757812;18.13367462158203;0.024504670975104004;-0.032569953319171896;0.2799;19.20154857635498;-0.597874641418457
2023-02-16;19.420000076293945;19.639999389648438;18.799999237060547;19.010000228881836;17.997753143310547;9713700;-3.26;-18.819999999999993;17.787752151489258;18.62775230407715;18.407752990722656;-0.032569953319171896;-0.01525518317813701;0.2936;19.074210357666015;-1.076457214355468
2023-02-17;18.84000015258789;19.219999313354492;18.68000030517578;18.719999313354492;17.723194122314453;10826000;-1.53;-20.349999999999994;17.683195114135742;18.223194122314453;17.84319496154785;-0.01525518317813701;-0.04326920903851439;0.2951;18.937878036499022;-1.214683914184569
2023-02-22;18.200000762939453;18.559999465942383;17.8799991607666;17.90999984741211;16.95632553100586;12234700;-4.33;-24.679999999999993;16.92632484436035;17.606325149536133;17.246326446533203;-0.04326920903851439;0.055276390388389274;0.3158;18.754681491851805;-1.7983559608459458
2023-02-23;17.790000915527344;18.940000534057617;17.549999237060547;18.899999618530273;17.89361000061035;18568500;5.53;-19.14999999999999;16.543609619140625;17.933610916137695;16.783611297607422;0.055276390388389274;-0.0047618666926755315;0.3828;18.60320110321045;-0.709591102600097
2023-02-24;18.799999237060547;19.020000457763672;18.43000030517578;18.809999465942383;17.80840301513672;11602600;-0.48;-19.629999999999992;17.428403854370117;18.018404006958008;17.798402786254883;-0.0047618666926755315;-0.0031897670405448553;0.3823;18.4488805770874;-0.6404775619506822
2023-02-27;18.829999923706055;19.100000381469727;18.68000030517578;18.75;17.751598358154297;6433000;-0.32;-19.949999999999992;17.681598663330078;18.101598739624023;17.83159828186035;-0.0031897670405448553;0.023466656638318595;0.3826;18.298820400238036;-0.5472220420837388
2023-02-28;18.690000534057617;19.280000686645508;18.690000534057617;19.190000534057617;18.168169021606445;9947600;2.35;-17.59999999999999;17.668169021606445;18.258169174194336;17.668169021606445;0.023466656638318595;0.0005211355421683717;0.3934;18.192784214019774;-0.024615192413328657
2023-03-01;19.31999969482422;20.049999237060547;19.030000686645508;19.200000762939453;18.177637100219727;15566900;0.05;-17.54999999999999;18.00763702392578;19.02763557434082;18.297636032104492;0.0005211355421683717;0.007812436879067075;0.3873;18.111837005615236;0.06580009460449077
2023-03-02;19.190000534057617;19.59000015258789;18.799999237060547;19.350000381469727;18.31964874267578;11511000;0.78;-16.76999999999999;17.7696475982666;18.559648513793945;18.159648895263672;0.007812436879067075;0.01602068221921349;0.3653;18.077280521392822;0.24236822128295898
2023-03-03;19.43000030517578;20.079999923706055;19.350000381469727;19.65999984741211;18.613142013549805;11010200;1.6;-15.16999999999999;18.303142547607422;19.03314208984375;18.383142471313477;0.01602068221921349;0.018311349923816334;0.3705;18.05597858428955;0.5571634292602532
2023-03-06;19.729999542236328;20.270000457763672;19.579999923706055;20.020000457763672;18.9539737701416;8807200;1.83;-13.33999999999999;18.513973236083984;19.2039737701416;18.663972854614258;0.018311349923816334;-0.02097905264597444;0.3736;18.064025974273683;0.8899477958679185
2023-03-07;20.010000228881836;20.09000015258789;19.510000228881836;19.600000381469727;18.556337356567383;11819000;-2.1;-15.439999999999989;18.466337203979492;19.046337127685547;18.966337203979492;-0.02097905264597444;0.013265370626481143;0.3804;18.059765625;0.4965717315673821
2023-03-08;19.68000030517578;19.979999542236328;19.40999984741211;19.860000610351562;18.802494049072266;8613400;1.33;-14.109999999999989;18.352493286132812;18.92249298095703;18.622493743896484;0.013265370626481143;-0.011581142557224533;0.367;18.094795513153077;0.7076985359191887
2023-03-09;19.860000610351562;20.059999465942383;19.56999969482422;19.6299991607666;18.584739685058594;7404300;-1.16;-15.269999999999989;18.52474021911621;19.014739990234375;18.814741134643555;-0.011581142557224533;-0.0264899901023794;0.3636;18.134559059143065;0.45018062591552876
2023-03-10;19.649999618530273;19.690000534057617;19.06999969482422;19.110000610351562;18.092430114746094;7077000;-2.65;-17.919999999999987;18.05242919921875;18.67243003845215;18.632429122924805;-0.0264899901023794;-0.016745199377079745;0.3778;18.14828701019287;-0.05585689544677663
2023-03-13;18.8799991607666;19.049999237060547;18.56999969482422;18.790000915527344;17.78946876525879;8423800;-1.67;-19.58999999999999;17.569467544555664;18.049467086791992;17.879467010498047;-0.016745199377079745;0.011708296678230035;0.3805;18.15728120803833;-0.3678124427795417
2023-03-14;18.790000915527344;19.059999465942383;18.610000610351562;19.010000228881836;17.997753143310547;7488000;1.17;-18.419999999999987;17.597753524780273;18.047752380371094;17.777753829956055;0.011708296678230035;0.012624938983718303;0.38;18.165328598022462;-0.16757545471191548
2023-03-15;18.68000030517578;19.329999923706055;18.610000610351562;19.25;18.224973678588867;10380200;1.26;-17.159999999999986;17.58497428894043;18.304973602294922;17.65497398376465;0.012624938983718303;0.037922017846948375;0.3679;18.15870132446289;0.06627235412597798
2023-03-16;19.5;20.950000762939453;19.459999084472656;19.979999542236328;18.916101455688477;15009100;3.79;-13.369999999999987;18.396100997924805;19.8861026763916;18.43610191345215;0.037922017846948375;0.025525624692147364;0.3891;18.196571350097656;0.7195301055908203
2023-03-17;19.84000015258789;20.65999984741211;19.809999465942383;20.489999771118164;19.39894676208496;15643100;2.55;-10.819999999999986;18.71894645690918;19.568946838378906;18.748947143554688;0.025525624692147364;-0.07271846841421403;0.3899;18.236334991455077;1.1626117706298835
2023-03-20;20.479999542236328;20.479999542236328;19.0;19.0;17.988285064697266;13796500;-7.27;-18.089999999999986;17.988285064697266;19.468284606933594;19.468284606933594;-0.07271846841421403;0.00736843288366229;0.4578;18.235861587524415;-0.24757652282714915
2023-03-21;19.059999465942383;19.600000381469727;18.84000015258789;19.139999389648438;18.120830535888672;10750100;0.74;-17.349999999999987;17.820831298828125;18.58083152770996;18.040830612182617;0.00736843288366229;-0.03239281076200562;0.4546;18.255743408203124;-0.1349128723144517
2023-03-22;18.299999237060547;19.079999923706055;18.149999618530273;18.520000457763672;17.533845901489258;20994000;-3.24;-20.58999999999999;17.16384506225586;18.09384536743164;17.313844680786133;-0.03239281076200562;-0.015658801984382298;0.4418;18.284619426727296;-0.7507735252380385
2023-03-23;19.190000534057617;19.3700008392334;18.040000915527344;18.229999542236328;17.259286880493164;10345600;-1.57;-22.15999999999999;17.06928825378418;18.399288177490234;18.219287872314453;-0.015658801984382298;-0.006582503364797043;0.3981;18.252903270721436;-0.9936163902282722
2023-03-24;18.229999542236328;18.43000030517578;17.90999984741211;18.110000610351562;17.14567756652832;15121700;-0.66;-22.81999999999999;16.945676803588867;17.46567726135254;17.265676498413086;-0.006582503364797043;0.009387077241952646;0.3983;18.219766998291014;-1.074089431762694
2023-03-27;18.309999465942383;18.420000076293945;18.0;18.280000686645508;17.306625366210938;4662500;0.94;-21.87999999999999;17.02662467956543;17.446624755859375;17.336624145507812;0.009387077241952646;-0.020240793788082745;0.4001;18.197518348693848;-0.8908929824829102
2023-03-28;18.1299991607666;18.270000457763672;17.6299991607666;17.90999984741211;16.95632553100586;13517900;-2.02;-23.899999999999988;16.67632484436035;17.316326141357422;17.17632484436035;-0.020240793788082745;0.002233521312378306;0.3948;18.13692617416382;-1.180600643157959
2023-03-29;17.93000030517578;18.1299991607666;17.649999618530273;17.950000762939453;16.994197845458984;9927700;0.22;-23.67999999999999;16.694196701049805;17.174196243286133;16.974197387695312;0.002233521312378306;0.014484524662244702;0.3951;18.07775421142578;-1.0835563659667962
2023-03-30;18.100000381469727;18.31999969482422;17.940000534057617;18.209999084472656;17.2403507232666;6952600;1.45;-22.22999999999999;16.970352172851562;17.350351333618164;17.130352020263672;0.014484524662244702;-0.019769310654637606;0.3982;18.02378931045532;-0.7834385871887193
2023-03-31;18.219999313354492;18.459999084472656;17.75;17.850000381469727;16.899520874023438;9025500;-1.98;-24.20999999999999;16.79952049255371;17.509519577026367;17.269519805908203;-0.019769310654637606;-0.030812341369555796;0.3961;17.938108253479005;-1.0385873794555671
2023-04-03;17.739999771118164;17.84000015258789;17.059999465942383;17.299999237060547;16.378807067871094;11163000;-3.08;-27.289999999999992;16.13880729675293;16.918807983398438;16.81880760192871;-0.030812341369555796;0.008670567350614;0.3969;17.809349918365477;-1.4305428504943833
2023-04-04;17.3700008392334;17.799999237060547;17.329999923706055;17.450000762939453;16.52082061767578;8851700;0.87;-26.41999999999999;16.400819778442383;16.870819091796875;16.440820693969727;0.008670567350614;-0.013180602165772215;0.397;17.707574081420898;-1.1867534637451165
2023-04-05;17.440000534057617;17.59000015258789;17.139999389648438;17.219999313354492;16.30306625366211;9471200;-1.32;-27.73999999999999;16.223066329956055;16.673067092895508;16.523067474365234;-0.013180602165772215;-0.02497080433558252;0.3915;17.58260269165039;-1.2795364379882805
2023-04-06;17.350000381469727;17.399999618530273;16.709999084472656;16.790000915527344;15.895965576171875;9995300;-2.5;-30.23999999999999;15.815963745117188;16.505964279174805;16.455965042114258;-0.02497080433558252;0.022632415589801003;0.3965;17.448163986206055;-1.5521984100341797
2023-04-10;16.84000015258789;17.3799991607666;16.770000457763672;17.170000076293945;16.25572967529297;6073800;2.26;-27.97999999999999;15.855730056762695;16.465728759765625;15.925729751586914;0.022632415589801003;0.019219532250638327;0.4036;17.3563289642334;-1.1005992889404297
2023-04-11;17.239999771118164;17.59000015258789;17.209999084472656;17.5;16.568157196044922;7109200;1.92;-26.059999999999988;16.278156280517578;16.658157348632812;16.308156967163086;0.019219532250638327;-0.004571353709658887;0.4098;17.295263385772706;-0.7271061897277846
2023-04-12;17.600000381469727;17.760000228881836;17.209999084472656;17.420000076293945;16.49241828918457;11107300;-0.46;-26.51999999999999;16.28241729736328;16.83241844177246;16.67241859436035;-0.004571353709658887;-0.029276688874941503;0.406;17.219996643066406;-0.7275783538818352
2023-04-13;17.459999084472656;17.479999542236328;16.850000381469727;16.90999984741211;16.00957489013672;10913300;-2.93;-29.44999999999999;15.949575424194336;16.579574584960938;16.559574127197266;-0.029276688874941503;-0.018923700216402217;0.4104;17.1092267036438;-1.09965181350708
2023-04-14;16.969999313354492;16.969999313354492;16.40999984741211;16.59000015258789;15.70661449432373;9579400;-1.89;-31.33999999999999;15.52661418914795;16.086613655090332;16.086613655090332;-0.018923700216402217;0.027124737068263904;0.3778;16.94875235557556;-1.2421378612518303
2023-04-17;16.84000015258789;17.18000030517578;16.649999618530273;17.040000915527344;16.132652282714844;7136900;2.71;-28.62999999999999;15.742650985717773;16.27265167236328;15.93265151977539;0.027124737068263904;0.01701872133831528;0.3798;16.785437631607056;-0.6527853488922126
2023-04-18;17.110000610351562;17.329999923706055;17.0;17.329999923706055;16.407209396362305;6672800;1.7;-26.92999999999999;16.07720947265625;16.407209396362305;16.187210083007812;0.01701872133831528;-0.0167339312258874;0.3062;16.706383848190306;-0.2991744518280015
2023-04-19;17.31999969482422;17.510000228881836;16.790000915527344;17.040000915527344;16.132652282714844;18424700;-1.67;-28.599999999999987;15.882652282714844;16.602651596069336;16.41265106201172;-0.0167339312258874;0.0064554259817388715;0.3059;16.606974935531618;-0.4743226528167739
2023-04-20;17.06999969482422;17.190000534057617;16.8799991607666;17.149999618530273;16.23679542541504;9114900;0.65;-27.94999999999999;15.966794967651367;16.276796340942383;16.156795501708984;0.0064554259817388715;-0.0029155066918977735;0.2915;16.542122411727906;-0.3053269863128669
2023-04-24;17.139999389648438;17.280000686645508;16.950000762939453;17.100000381469727;16.189456939697266;6195300;-0.29;-28.239999999999988;16.039457321166992;16.369457244873047;16.229455947875977;-0.0029155066918977735;-0.014619864094200463;0.2881;16.48863091468811;-0.2991739749908433
2023-04-25;16.989999771118164;16.989999771118164;16.600000381469727;16.850000381469727;15.95276927947998;9858300;-1.46;-29.69999999999999;15.70276927947998;16.092768669128418;16.092768669128418;-0.014619864094200463;-0.014243268840869905;0.2908;16.428985500335692;-0.47621622085571147
2023-04-26;16.860000610351562;16.899999618530273;16.549999237060547;16.610000610351562;15.725549697875977;9318700;-1.42;-31.11999999999999;15.665548324584961;16.015548706054688;15.975549697875977;-0.014243268840869905;0.024683927901952174;0.2891;16.349931716918945;-0.6243820190429688
2023-04-27;16.639999389648438;17.1299991607666;16.450000762939453;17.020000457763672;16.113718032836914;9255700;2.47;-28.64999999999999;15.543718338012695;16.223716735839844;15.73371696472168;0.024683927901952174;0.051703854145052075;0.3006;16.3078013420105;-0.1940833091735854
2023-04-28;17.020000457763672;17.899999618530273;16.950000762939453;17.899999618530273;16.94685935974121;9265700;5.17;-23.47999999999999;15.99686050415039;16.94685935974121;16.06686019897461;0.051703854145052075;-0.02849172794479704;0.3567;16.30543441772461;0.6414249420166023
2023-05-02;17.889999389648438;18.0;17.15999984741211;17.389999389648438;16.464014053344727;10240300;-2.85;-26.32999999999999;16.2340145111084;17.07401466369629;16.964014053344727;-0.02849172794479704;0.013801041139913206;0.3662;16.266617584228516;0.19739646911621023
2023-05-03;17.459999084472656;17.770000457763672;17.329999923706055;17.6299991607666;16.691234588623047;8317500;1.38;-24.949999999999992;16.3912353515625;16.831235885620117;16.5212345123291;0.013801041139913206;0.018151039410975622;0.3641;16.256203269958498;0.43503131866454936
2023-05-04;17.700000762939453;18.139999389648438;17.639999389648438;17.950000762939453;16.994197845458984;8639200;1.82;-23.129999999999992;16.68419647216797;17.18419647216797;16.744197845458984;0.018151039410975622;0.01838436409844646;0.351;16.28697280883789;0.707225036621093
2023-05-05;18.020000457763672;18.309999465942383;17.829999923706055;18.280000686645508;17.306625366210938;15235900;1.84;-21.289999999999992;16.856624603271484;17.336624145507812;17.0466251373291;0.01838436409844646;-0.02625832409780582;0.3551;16.32626304626465;0.9803623199462876
2023-05-08;17.5;17.899999618530273;17.209999084472656;17.799999237060547;16.852182388305664;13269400;-2.63;-23.91999999999999;16.262182235717773;16.95218276977539;16.552183151245117;-0.02625832409780582;-0.0005617178266013045;0.3657;16.353718852996828;0.49846353530883647
2023-05-09;17.649999618530273;17.940000534057617;17.549999237060547;17.790000915527344;16.842716217041016;9836800;-0.06;-23.97999999999999;16.60271453857422;16.99271583557129;16.702714920043945;-0.0005617178266013045;-0.027543606576981405;0.3519;16.401056385040285;0.441659832000731
2023-05-10;17.719999313354492;17.739999771118164;17.170000076293945;17.299999237060547;16.378807067871094;14434400;-2.75;-26.72999999999999;16.248807907104492;16.81880760192871;16.79880714416504;-0.027543606576981405;0.0;0.36;16.407210254669188;-0.028403186798094282
2023-05-11;17.200000762939453;17.540000915527344;17.190000534057617;17.299999237060547;16.378807067871094;13007900;0.0;-26.72999999999999;16.268808364868164;16.61880874633789;16.27880859375;0.0;-0.06705203039123753;0.3532;16.397742748260498;-0.018935680389404297
2023-05-12;15.5600004196167;16.420000076293945;15.119999885559082;16.139999389648438;15.280574798583984;60004300;-6.71;-33.43999999999999;14.260575294494629;15.560575485229492;14.700575828552246;-0.06705203039123753;0.0018587836216841236;0.4254;16.33715057373047;-1.0565757751464844
2023-05-15;16.25;16.649999618530273;15.84000015258789;16.170000076293945;15.308978080749512;19132700;0.19;-33.24999999999999;14.978978157043457;15.78897762298584;15.388978004455566;0.0018587836216841236;0.003092079570527595;0.4146;16.30212073326111;-0.9931426525115974
2023-05-16;16.260000228881836;16.3799991607666;15.970000267028809;16.219999313354492;15.356314659118652;15219700;0.31;-32.93999999999999;15.106315612792969;15.516314506530762;15.396315574645996;0.003092079570527595;-0.0012329322903246176;0.4099;16.284605741500854;-0.9282910823822021
2023-05-17;16.280000686645508;16.3700008392334;16.09000015258789;16.200000762939453;15.337381362915039;11535300;-0.12;-33.05999999999999;15.227380752563477;15.507381439208984;15.417381286621094;-0.0012329322903246176;0.012345599944286967;0.3964;16.244842195510863;-0.9074608325958238
2023-05-18;16.260000228881836;16.469999313354492;16.139999389648438;16.399999618530273;15.52673053741455;10929900;1.23;-31.829999999999988;15.266730308532715;15.59673023223877;15.386731147766113;0.012345599944286967;0.036585380085458086;0.3938;16.200818252563476;-0.6740877151489251
2023-05-19;16.469999313354492;17.0;16.3700008392334;17.0;16.09478187561035;18286500;3.66;-28.169999999999987;15.46478271484375;16.09478187561035;15.564781188964844;0.036585380085458086;0.008235307083736432;0.4131;16.19892473220825;-0.10414285659789968
2023-05-22;17.0;17.459999084472656;16.950000762939453;17.139999389648438;16.227327346801758;16098900;0.82;-27.349999999999987;16.037328720092773;16.547327041625977;16.08732795715332;0.008235307083736432;-0.009334853351509631;0.4135;16.19845132827759;0.02887601852416921
2023-05-23;17.139999389648438;17.299999237060547;16.799999237060547;16.979999542236328;16.075847625732422;10515500;-0.93;-28.279999999999987;15.89584732055664;16.39584732055664;16.23584747314453;-0.009334853351509631;-0.048881077180485843;0.4148;16.192770862579344;-0.11692323684692241
2023-05-24;16.8700008392334;16.8700008392334;16.1299991607666;16.149999618530273;15.290042877197266;17072900;-4.89;-33.16999999999999;15.270042419433594;16.01004409790039;16.01004409790039;-0.048881077180485843;0.017337488489201913;0.4474;16.15963454246521;-0.8695916652679436
2023-05-25;16.43000030517578;16.479999542236328;16.149999618530273;16.43000030517578;15.555133819580078;10451700;1.73;-31.439999999999987;15.27513313293457;15.605133056640625;15.555133819580078;0.017337488489201913;-0.0018259747871647303;0.4497;16.151113748550415;-0.5959799289703369
2023-05-26;16.510000228881836;16.799999237060547;16.31999969482422;16.399999618530273;15.52673053741455;7186300;-0.18;-31.619999999999987;15.446730613708496;15.926730155944824;15.636731147766113;-0.0018259747871647303;0.000609792163937195;0.44;16.121764373779296;-0.5950338363647454
2023-05-29;16.459999084472656;16.579999923706055;16.299999237060547;16.40999984741211;15.536198616027832;5461200;0.06;-31.559999999999988;15.42619800567627;15.706198692321777;15.586197853088379;0.000609792163937195;0.0;0.3929;16.051231336593627;-0.5150327205657952
2023-05-30;16.520000457763672;16.6200008392334;16.030000686645508;16.40999984741211;15.536198616027832;6505600;0.0;-31.559999999999988;15.15619945526123;15.746199607849121;15.646199226379395;0.0;0.02376592800206989;0.3823;16.004840564727782;-0.46864194869995046
2023-05-31;16.299999237060547;16.959999084472656;16.15999984741211;16.799999237060547;15.905430793762207;21852000;2.38;-29.17999999999999;15.26543140411377;16.065430641174316;15.405430793762207;0.02376592800206989;-0.023214220508832817;0.3895;15.96555037498474;-0.06011958122253347
2023-06-01;16.940000534057617;17.0;16.299999237060547;16.40999984741211;15.536198616027832;12096600;-2.32;-31.49999999999999;15.42619800567627;16.126198768615723;16.06619930267334;-0.023214220508832817;0.021937850521932978;0.3887;15.892650413513184;-0.3564517974853523
2023-06-02;16.549999237060547;16.770000457763672;16.3700008392334;16.770000457763672;15.877029418945312;13816100;2.19;-29.309999999999988;15.477029800415039;15.877029418945312;15.657028198242188;0.021937850521932978;0.0065592993675258615;0.3916;15.821170616149903;0.055858802795409446
2023-06-05;16.889999389648438;17.049999237060547;16.649999618530273;16.8799991607666;15.981171607971191;6771000;0.66;-28.649999999999988;15.751172065734863;16.151171684265137;15.991171836853027;0.0065592993675258615;0.04383888907354949;0.3841;15.777620077133179;0.2035515308380127
2023-06-06;16.90999984741211;17.700000762939453;16.81999969482422;17.6200008392334;16.6817684173584;13006900;4.38;-24.26999999999999;15.881767272949219;16.761768341064453;15.97176742553711;0.04383888907354949;0.002270167416128732;0.4178;15.769572687149047;0.9121957302093513
2023-06-07;17.65999984741211;17.799999237060547;17.399999618530273;17.65999984741211;16.71963882446289;9715200;0.23;-24.03999999999999;16.459638595581055;16.859638214111328;16.71963882446289;0.002270167416128732;0.0045299367800659684;0.405;15.786614274978637;0.9330245494842533
2023-06-09;17.81999969482422;17.829999923706055;17.540000915527344;17.739999771118164;16.795377731323242;9688200;0.45;-23.58999999999999;16.595378875732422;16.885377883911133;16.875377655029297;0.0045299367800659684;0.014656216516393261;0.4052;15.807442808151245;0.9879349231719967
2023-06-12;17.850000381469727;18.0;17.6299991607666;18.0;17.041534423828125;8416000;1.47;-22.11999999999999;16.671533584594727;17.041534423828125;16.89153480529785;0.014656216516393261;0.00499995970753031;0.3155;15.895490789413453;1.1460436344146725
2023-06-13;18.06999969482422;18.229999542236328;17.93000030517578;18.09000015258789;17.126741409301758;10745200;0.5;-21.61999999999999;16.96674156188965;17.266740798950195;17.106740951538086;0.00499995970753031;-0.0005528242872948619;0.3152;15.986378955841065;1.1403624534606926
2023-06-14;18.260000228881836;18.280000686645508;17.809999465942383;18.079999923706055;17.117273330688477;13761700;-0.06;-21.67999999999999;16.847272872924805;17.31727409362793;17.297273635864258;-0.0005528242872948619;0.007743375281259013;0.3159;16.074426889419556;1.042846441268921
2023-06-15;18.040000915527344;18.329999923706055;17.899999618530273;18.219999313354492;17.249818801879883;9662000;0.77;-20.90999999999999;16.929819107055664;17.359819412231445;17.069820404052734;0.007743375281259013;-0.018660810473565936;0.3149;16.1700487613678;1.0797700405120843
2023-06-16;18.200000762939453;18.200000762939453;17.649999618530273;17.8799991607666;16.92792320251465;19973400;-1.87;-22.77999999999999;16.69792366027832;17.2479248046875;17.2479248046875;-0.018660810473565936;0.03859063332982915;0.3257;16.2401083946228;0.6878148078918471
2023-06-19;18.0;18.93000030517578;17.90999984741211;18.56999969482422;17.5811824798584;13689700;3.86;-18.91999999999999;16.92118263244629;17.94118309020996;17.01118278503418;0.03859063332982915;0.0414647929619012;0.3284;16.314428424835206;1.266754055023192
2023-06-20;19.149999618530273;19.450000762939453;18.90999984741211;19.34000015258789;18.310182571411133;20038300;4.15;-14.76999999999999;17.88018226623535;18.420183181762695;18.120182037353516;0.0414647929619012;-0.023267962935512587;0.3535;16.418571186065673;1.8916113853454597
2023-06-21;19.510000228881836;19.530000686645508;18.829999923706055;18.889999389648438;17.88414192199707;16403600;-2.33;-17.09999999999999;17.824142456054688;18.52414321899414;18.50414276123047;-0.023267962935512587;-0.005823104949948532;0.3649;16.508985900878905;1.3751560211181655
2023-06-22;18.969999313354492;19.020000457763672;18.31999969482422;18.780000686645508;17.780000686645508;15971300;-0.58;-17.67999999999999;17.31999969482422;18.020000457763672;17.969999313354492;-0.005823104949948532;-0.03374580192903953;0.3071;16.633483791351317;1.1465168952941909
2023-06-23;17.799999237060547;18.030000686645508;17.100000381469727;17.18000030517578;17.18000030517578;15318900;-3.37;-21.04999999999999;17.100000381469727;18.030000686645508;17.799999237060547;-0.03374580192903953;-0.030849864798071946;0.3379;16.714727115631103;0.46527318954467844
2023-06-26;17.18000030517578;17.190000534057617;16.459999084472656;16.649999618530273;16.649999618530273;18258300;-3.08;-24.12999999999999;16.459999084472656;17.190000534057617;17.18000030517578;-0.030849864798071946;0.02462461602436372;0.3609;16.77089056968689;-0.12089095115661763
2023-06-27;16.81999969482422;17.149999618530273;16.6200008392334;17.059999465942383;17.059999465942383;11833100;2.46;-21.669999999999987;16.6200008392334;17.149999618530273;16.81999969482422;0.02462461602436372;-0.042203947004327724;0.3681;16.847080612182616;0.21291885375976705
2023-06-28;17.149999618530273;17.200000762939453;16.270000457763672;16.34000015258789;16.34000015258789;16295300;-4.22;-25.889999999999986;16.270000457763672;17.200000762939453;17.149999618530273;-0.042203947004327724;0.06670747505563868;0.4043;16.88727068901062;-0.5472705364227295
2023-06-29;16.850000381469727;17.600000381469727;16.670000076293945;17.43000030517578;17.43000030517578;19132600;6.67;-19.219999999999985;16.670000076293945;17.600000381469727;16.850000381469727;0.06670747505563868;0.0017211003311323747;0.4589;16.9634991645813;0.466501140594481
2023-06-30;17.600000381469727;17.84000015258789;17.389999389648438;17.459999084472656;17.459999084472656;16242700;0.17;-19.049999999999983;17.389999389648438;17.84000015258789;17.600000381469727;0.0017211003311323747;0.008591153135414809;0.4469;17.05968918800354;0.40030989646911763
2023-07-03;17.65999984741211;17.799999237060547;17.43000030517578;17.610000610351562;17.610000610351562;8090900;0.86;-18.189999999999984;17.43000030517578;17.799999237060547;17.65999984741211;0.008591153135414809;-0.003974996729021796;0.4432;17.146337747573853;0.46366286277770996
2023-07-04;17.610000610351562;17.670000076293945;17.459999084472656;17.540000915527344;17.540000915527344;4342100;-0.4;-18.589999999999982;17.459999084472656;17.670000076293945;17.610000610351562;-0.003974996729021796;0.036487990663778946;0.4445;17.22427921295166;0.3157217025756829
2023-07-05;17.5;18.31999969482422;17.440000534057617;18.18000030517578;18.18000030517578;10448500;3.65;-14.939999999999982;17.440000534057617;18.31999969482422;17.5;0.036487990663778946;-0.029703020157464288;0.4366;17.29919080734253;0.8808094978332512
2023-07-06;18.0;18.139999389648438;17.530000686645508;17.639999389648438;17.639999389648438;11831100;-2.97;-17.909999999999982;17.530000686645508;18.139999389648438;18.0;-0.029703020157464288;0.006235862480591381;0.4534;17.345208835601806;0.29479055404663157
2023-07-07;17.700000762939453;17.899999618530273;17.530000686645508;17.75;17.75;9604100;0.62;-17.28999999999998;17.530000686645508;17.899999618530273;17.700000762939453;0.006235862480591381;-0.010140862263424255;0.4535;17.392939949035643;0.3570600509643569
2023-07-10;17.719999313354492;17.760000228881836;17.530000686645508;17.56999969482422;17.56999969482422;5760700;-1.01;-18.299999999999983;17.530000686645508;17.760000228881836;17.719999313354492;-0.010140862263424255;-0.018782010781893566;0.4537;17.41936321258545;0.15063648223877024
2023-07-11;17.610000610351562;17.6299991607666;17.170000076293945;17.239999771118164;17.239999771118164;9475600;-1.88;-20.179999999999982;17.170000076293945;17.6299991607666;17.610000610351562;-0.018782010781893566;0.09048720920262543;0.4594;17.42502613067627;-0.18502635955810476
2023-07-12;18.510000228881836;18.950000762939453;18.350000381469727;18.799999237060547;18.799999237060547;35138600;9.05;-11.129999999999981;18.350000381469727;18.950000762939453;18.510000228881836;0.09048720920262543;0.027659599939695356;0.5589;17.509162425994873;1.2908368110656738
2023-07-13;18.889999389648438;19.479999542236328;18.889999389648438;19.31999969482422;19.31999969482422;20577700;2.77;-8.359999999999982;18.889999389648438;19.479999542236328;18.889999389648438;0.027659599939695356;-0.01604552126496306;0.5645;17.61267147064209;1.7073282241821275
2023-07-14;19.399999618530273;19.540000915527344;18.8700008392334;19.010000228881836;19.010000228881836;19142100;-1.6;-9.959999999999981;18.8700008392334;19.540000915527344;19.399999618530273;-0.01604552126496306;-0.0142030749349209;0.5631;17.716775321960448;1.2932249069213881
2023-07-17;18.8799991607666;19.049999237060547;18.450000762939453;18.739999771118164;18.739999771118164;13953400;-1.42;-11.379999999999981;18.450000762939453;19.049999237060547;18.8799991607666;-0.0142030749349209;-0.02774815710324019;0.5541;17.774716186523438;0.9652835845947259
2023-07-18;18.56999969482422;18.729999542236328;18.010000228881836;18.219999313354492;18.219999313354492;15252700;-2.77;-14.14999999999998;18.010000228881836;18.729999542236328;18.56999969482422;-0.02774815710324019;-0.0005488600032221846;0.5461;17.770207023620607;0.4497922897338853
2023-07-19;18.219999313354492;18.309999465942383;17.969999313354492;18.209999084472656;18.209999084472656;10529900;-0.05;-14.199999999999982;17.969999313354492;18.309999465942383;18.219999313354492;-0.0005488600032221846;-0.008786373171678963;0.539;17.786499881744383;0.4234992027282729
2023-07-20;18.260000228881836;18.360000610351562;18.020000457763672;18.049999237060547;18.049999237060547;6860600;-0.88;-15.079999999999982;18.020000457763672;18.360000610351562;18.260000228881836;-0.008786373171678963;0.002770146621752456;0.5396;17.799999809265138;0.24999942779540874
2023-07-21;17.90999984741211;18.139999389648438;17.84000015258789;18.100000381469727;18.100000381469727;10631600;0.28;-14.799999999999983;17.84000015258789;18.139999389648438;17.90999984741211;0.002770146621752456;-0.011602264496982095;0.5235;17.845999813079835;0.25400056838989116
2023-07-24;18.020000457763672;18.09000015258789;17.469999313354492;17.889999389648438;17.889999389648438;11086100;-1.16;-15.959999999999983;17.469999313354492;18.09000015258789;18.020000457763672;-0.011602264496982095;0.00223593722146731;0.5113;17.907999801635743;-0.018000411987305398
2023-07-25;18.110000610351562;18.170000076293945;17.81999969482422;17.93000030517578;17.93000030517578;8550900;0.22;-15.739999999999982;17.81999969482422;18.170000076293945;18.110000610351562;0.00223593722146731;0.017847166167188844;0.5055;17.95149984359741;-0.02149953842162944
2023-07-26;17.90999984741211;18.360000610351562;17.770000457763672;18.25;18.25;6252700;1.78;-13.959999999999983;17.770000457763672;18.360000610351562;17.90999984741211;0.017847166167188844;-0.008767114926690911;0.4785;18.046999835968016;0.20300016403198384
2023-07-27;18.399999618530273;18.510000228881836;18.040000915527344;18.09000015258789;18.09000015258789;6271600;-0.88;-14.839999999999984;18.040000915527344;18.510000228881836;18.399999618530273;-0.008767114926690911;0.022111642628872552;0.4233;18.07999982833862;0.010000324249269
2023-07-28;18.15999984741211;18.65999984741211;17.90999984741211;18.489999771118164;18.489999771118164;9495000;2.21;-12.629999999999985;17.90999984741211;18.65999984741211;18.15999984741211;0.022111642628872552;0.015684203305417643;0.4291;18.1314998626709;0.3584999084472642
2023-07-31;18.600000381469727;18.81999969482422;18.459999084472656;18.780000686645508;18.780000686645508;7205000;1.57;-11.059999999999985;18.459999084472656;18.81999969482422;18.600000381469727;0.015684203305417643;0.012779540060870564;0.431;18.189999866485596;0.5900008201599114
2023-08-01;18.700000762939453;19.239999771118164;18.59000015258789;19.020000457763672;19.020000457763672;10326300;1.28;-9.779999999999985;18.59000015258789;19.239999771118164;18.700000762939453;0.012779540060870564;0.025236568385065494;0.4312;18.26399984359741;0.7560006141662612
2023-08-02;19.0;19.649999618530273;18.8799991607666;19.5;19.5;12231400;2.52;-7.259999999999986;18.8799991607666;19.649999618530273;19.0;0.025236568385065494;0.008205120380108122;0.4219;18.32999982833862;1.1700001716613784
2023-08-03;19.649999618530273;19.809999465942383;19.350000381469727;19.65999984741211;19.65999984741211;9533800;0.82;-6.439999999999985;19.350000381469727;19.809999465942383;19.649999618530273;0.008205120380108122;0.01119019913845265;0.403;18.430999851226808;1.2289999961853013
2023-08-04;19.450000762939453;20.09000015258789;19.399999618530273;19.8799991607666;19.8799991607666;11786000;1.12;-5.319999999999985;19.399999618530273;20.09000015258789;19.450000762939453;0.01119019913845265;-0.02162969899293332;0.4034;18.537499809265135;1.3424993515014663
2023-08-07;19.8799991607666;19.969999313354492;19.149999618530273;19.450000762939453;19.450000762939453;16057500;-2.16;-7.479999999999985;19.149999618530273;19.969999313354492;19.8799991607666;-0.02162969899293332;0.0010282030658397279;0.4115;18.6314998626709;0.8185009002685533
2023-08-08;19.299999237060547;19.670000076293945;19.25;19.469999313354492;19.469999313354492;6400300;0.1;-7.379999999999986;19.25;19.670000076293945;19.299999237060547;0.0010282030658397279;-0.010785777703064325;0.4019;18.742999839782716;0.7269994735717766
2023-08-09;19.489999771118164;19.729999542236328;19.200000762939453;19.260000228881836;19.260000228881836;8840500;-1.08;-8.459999999999987;19.200000762939453;19.729999542236328;19.489999771118164;-0.010785777703064325;0.00623047406327748;0.2547;18.76599988937378;0.4940003395080552
2023-08-10;19.3799991607666;19.520000457763672;19.110000610351562;19.3799991607666;19.3799991607666;7331700;0.62;-7.8399999999999865;19.110000610351562;19.520000457763672;19.3799991607666;0.00623047406327748;-0.0015479246953532533;0.236;18.7689998626709;0.6109992980957024
2023-08-11;19.3700008392334;19.690000534057617;19.190000534057617;19.350000381469727;19.350000381469727;8277200;-0.15;-7.989999999999987;19.190000534057617;19.690000534057617;19.3700008392334;-0.0015479246953532533;0.001550324480902976;0.2282;18.785999870300294;0.5640005111694322
2023-08-14;19.43000030517578;19.6200008392334;19.25;19.3799991607666;19.3799991607666;7296500;0.16;-7.829999999999987;19.25;19.6200008392334;19.43000030517578;0.001550324480902976;0.013415905064030564;0.221;18.817999839782715;0.5619993209838867
2023-08-15;18.899999618530273;20.25;18.860000610351562;19.639999389648438;19.639999389648438;13702700;1.34;-6.489999999999987;18.860000610351562;20.25;18.899999618530273;0.013415905064030564;-0.012729124631835065;0.1949;18.88899984359741;0.7509995460510268
2023-08-16;19.59000015258789;19.75;19.329999923706055;19.389999389648438;19.389999389648438;10470000;-1.27;-7.759999999999987;19.329999923706055;19.75;19.59000015258789;-0.012729124631835065;0.0030944494677522805;0.2031;18.9479998588562;0.44199953079223775
2023-08-17;19.450000762939453;19.719999313354492;19.31999969482422;19.450000762939453;19.450000762939453;9581900;0.31;-7.449999999999988;19.31999969482422;19.719999313354492;19.450000762939453;0.0030944494677522805;-0.012339417432008615;0.1981;19.017999935150147;0.43200082778930593
2023-08-18;19.389999389648438;19.399999618530273;19.15999984741211;19.209999084472656;19.209999084472656;7446000;-1.23;-8.679999999999987;19.15999984741211;19.399999618530273;19.389999389648438;-0.012339417432008615;-0.027069160603726994;0.2063;19.073499870300292;0.136499214172364
2023-08-21;19.190000534057617;19.229999542236328;18.600000381469727;18.690000534057617;18.690000534057617;9660100;-2.71;-11.389999999999986;18.600000381469727;19.229999542236328;19.190000534057617;-0.027069160603726994;-0.008560719253086768;0.2271;19.113499927520753;-0.4234993934631355
2023-08-22;18.700000762939453;18.780000686645508;18.360000610351562;18.530000686645508;18.530000686645508;9002800;-0.86;-12.249999999999986;18.360000610351562;18.780000686645508;18.700000762939453;-0.008560719253086768;0.006475927006913018;0.2304;19.14349994659424;-0.6134992599487319
2023-08-23;18.579999923706055;18.739999771118164;18.079999923706055;18.649999618530273;18.649999618530273;10682600;0.65;-11.599999999999985;18.079999923706055;18.739999771118164;18.579999923706055;0.006475927006913018;-0.0037533349198929367;0.2232;19.163499927520753;-0.5135003089904799
2023-08-24;18.709999084472656;18.969999313354492;18.3700008392334;18.579999923706055;18.579999923706055;9988600;-0.38;-11.979999999999986;18.3700008392334;18.969999313354492;18.709999084472656;-0.0037533349198929367;-0.002691024610648851;0.221;19.18799991607666;-0.6079999923706048
2023-08-25;18.649999618530273;18.700000762939453;18.209999084472656;18.530000686645508;18.530000686645508;7192700;-0.27;-12.249999999999986;18.209999084472656;18.700000762939453;18.649999618530273;-0.002691024610648851;0.010793245989189737;0.2073;19.189999961853026;-0.6599992752075181
2023-08-28;18.600000381469727;18.8700008392334;18.3700008392334;18.729999542236328;18.729999542236328;9263900;1.08;-11.169999999999986;18.3700008392334;18.8700008392334;18.600000381469727;0.010793245989189737;0.01014418252542737;0.2031;19.187499904632567;-0.4575003623962388
2023-08-29;18.860000610351562;19.0;18.540000915527344;18.920000076293945;18.920000076293945;7609900;1.01;-10.159999999999986;18.540000915527344;19.0;18.860000610351562;0.01014418252542737;-0.006342539045956719;0.2011;19.182499885559082;-0.2624998092651367
2023-08-30;19.0;19.09000015258789;18.739999771118164;18.799999237060547;18.799999237060547;6724800;-0.63;-10.789999999999987;18.739999771118164;19.09000015258789;19.0;-0.006342539045956719;-0.021276576317181495;0.1781;19.14749984741211;-0.3475006103515632
2023-08-31;18.899999618530273;18.899999618530273;18.399999618530273;18.399999618530273;18.399999618530273;11179400;-2.13;-12.919999999999987;18.399999618530273;18.899999618530273;18.899999618530273;-0.021276576317181495;0.005978294164788123;0.1868;19.084499835968018;-0.6845002174377441
2023-09-01;18.469999313354492;18.649999618530273;18.399999618530273;18.510000228881836;18.510000228881836;7887500;0.6;-12.319999999999988;18.399999618530273;18.649999618530273;18.469999313354492;0.005978294164788123;0.00486224481226416;0.1823;19.01599988937378;-0.5059996604919448
2023-09-04;18.670000076293945;18.8799991607666;18.600000381469727;18.600000381469727;18.600000381469727;2102400;0.49;-11.829999999999988;18.600000381469727;18.8799991607666;18.670000076293945;0.00486224481226416;0.004838717781831425;0.1713;18.973499870300294;-0.3734994888305678
2023-09-05;18.65999984741211;18.799999237060547;18.450000762939453;18.690000534057617;18.690000534057617;7772100;0.48;-11.349999999999987;18.450000762939453;18.799999237060547;18.65999984741211;0.004838717781831425;-0.007490705885318416;0.1727;18.93449993133545;-0.24449939727783132
2023-09-06;18.719999313354492;18.90999984741211;18.5;18.549999237060547;18.549999237060547;6549400;-0.75;-12.099999999999987;18.5;18.90999984741211;18.719999313354492;-0.007490705885318416;-0.006468945381141733;0.1709;18.898999881744384;-0.3490006446838372
2023-09-08;18.549999237060547;18.709999084472656;18.290000915527344;18.43000030517578;18.43000030517578;5797400;-0.65;-12.749999999999988;18.290000915527344;18.709999084472656;18.549999237060547;-0.006468945381141733;0.015735160248329993;0.1689;18.851499938964842;-0.4214996337890611
2023-09-11;18.459999084472656;18.809999465942383;18.360000610351562;18.719999313354492;18.719999313354492;11056800;1.57;-11.179999999999987;18.360000610351562;18.809999465942383;18.459999084472656;0.015735160248329993;0.012820501064172207;0.1808;18.81999988555908;-0.10000057220458913
2023-09-12;18.700000762939453;18.959999084472656;18.6299991607666;18.959999084472656;18.959999084472656;7519800;1.28;-9.899999999999988;18.6299991607666;18.959999084472656;18.700000762939453;0.012820501064172207;0.0036920678034304544;0.1877;18.798999881744386;0.16099920272827006
2023-09-13;18.969999313354492;19.139999389648438;18.799999237060547;19.030000686645508;19.030000686645508;5861900;0.37;-9.529999999999989;18.799999237060547;19.139999389648438;18.969999313354492;0.0036920678034304544;-0.002627490415398115;0.1808;18.76849994659424;0.2615007400512681
2023-09-14;19.110000610351562;19.280000686645508;18.899999618530273;18.979999542236328;18.979999542236328;5553500;-0.26;-9.789999999999988;18.899999618530273;19.280000686645508;19.110000610351562;-0.002627490415398115;-0.0031611942776323954;0.176;18.747999954223634;0.2319995880126946
2023-09-15;19.06999969482422;19.110000610351562;18.739999771118164;18.920000076293945;18.920000076293945;9517000;-0.32;-10.109999999999989;18.739999771118164;19.110000610351562;19.06999969482422;-0.0031611942776323954;-0.01321353060210817;0.1755;18.721499919891357;0.1985001564025879
2023-09-18;18.8700008392334;18.920000076293945;18.540000915527344;18.670000076293945;18.670000076293945;7487900;-1.32;-11.429999999999989;18.540000915527344;18.920000076293945;18.8700008392334;-0.01321353060210817;-0.0016068926900327796;0.1763;18.694499969482422;-0.024499893188476562
2023-09-19;18.690000534057617;18.8700008392334;18.520000457763672;18.639999389648438;18.639999389648438;4933400;-0.16;-11.58999999999999;18.520000457763672;18.8700008392334;18.690000534057617;-0.0016068926900327796;-0.0010728836410877074;0.1479;18.691999912261963;-0.05200052261352539
2023-09-20;18.700000762939453;18.860000610351562;18.579999923706055;18.6200008392334;18.6200008392334;5989300;-0.11;-11.699999999999989;18.579999923706055;18.860000610351562;18.700000762939453;-0.0010728836410877074;-0.01611176857613561;0.1446;18.69649991989136;-0.0764990806579604
2023-09-21;18.5;18.540000915527344;18.239999771118164;18.31999969482422;18.31999969482422;10103400;-1.61;-13.309999999999988;18.239999771118164;18.540000915527344;18.5;-0.01611176857613561;-0.005458536197354813;0.1537;18.679999923706056;-0.36000022888183736
2023-09-22;18.3799991607666;18.40999984741211;18.15999984741211;18.219999313354492;18.219999313354492;6417400;-0.55;-13.859999999999989;18.15999984741211;18.40999984741211;18.3799991607666;-0.005458536197354813;-0.006037250666760752;0.1542;18.661999893188476;-0.44200057983398366
2023-09-25;18.219999313354492;18.290000915527344;17.979999542236328;18.110000610351562;18.110000610351562;6930400;-0.6;-14.459999999999988;17.979999542236328;18.290000915527344;18.219999313354492;-0.006037250666760752;-0.014908914890336411;0.1552;18.64099988937378;-0.5309992790222182
2023-09-26;18.030000686645508;18.06999969482422;17.729999542236328;17.84000015258789;17.84000015258789;7833200;-1.49;-15.949999999999989;17.729999542236328;18.06999969482422;18.030000686645508;-0.014908914890336411;-0.009529152177125133;0.1559;18.596499919891357;-0.7564997673034668
2023-09-27;17.950000762939453;18.1200008392334;17.579999923706055;17.670000076293945;17.670000076293945;6403100;-0.95;-16.899999999999988;17.579999923706055;18.1200008392334;17.950000762939453;-0.009529152177125133;0.006225275035461886;0.1504;18.533999919891357;-0.8639998435974121
2023-09-28;17.65999984741211;17.8700008392334;17.559999465942383;17.780000686645508;17.780000686645508;5400600;0.62;-16.279999999999987;17.559999465942383;17.8700008392334;17.65999984741211;0.006225275035461886;0.01518551968436288;0.1537;18.482999992370605;-0.702999305725097
2023-09-29;18.010000228881836;18.440000534057617;18.010000228881836;18.049999237060547;18.049999237060547;8810200;1.52;-14.759999999999987;18.010000228881836;18.440000534057617;18.010000228881836;0.01518551968436288;-0.0011079529784121522;0.1498;18.46549997329712;-0.4155007362365737
2023-10-02;18.059999465942383;18.219999313354492;17.90999984741211;18.030000686645508;18.030000686645508;5237600;-0.11;-14.869999999999987;17.90999984741211;18.219999313354492;18.059999465942383;-0.0011079529784121522;0.006655514548795649;0.1476;18.441499996185303;-0.41149930953979563
2023-10-03;17.959999084472656;18.59000015258789;17.959999084472656;18.149999618530273;18.149999618530273;12001600;0.67;-14.199999999999987;17.959999084472656;18.59000015258789;17.959999084472656;0.006655514548795649;0.003305755768783891;0.1487;18.41899995803833;-0.26900033950805735
2023-10-04;18.18000030517578;18.510000228881836;18.18000030517578;18.209999084472656;18.209999084472656;9971900;0.33;-13.869999999999987;18.18000030517578;18.510000228881836;18.18000030517578;0.003305755768783891;0.0;0.148;18.39499988555908;-0.18500080108642436
2023-10-05;18.219999313354492;18.31999969482422;17.969999313354492;18.209999084472656;18.209999084472656;7074200;0.0;-13.869999999999987;17.969999313354492;18.31999969482422;18.219999313354492;0.0;-0.0021965409220046084;0.1462;18.37799987792969;-0.16800079345703267
2023-10-06;18.049999237060547;18.280000686645508;17.959999084472656;18.170000076293945;18.170000076293945;10476500;-0.22;-14.089999999999987;17.959999084472656;18.280000686645508;18.049999237060547;-0.0021965409220046084;0.01155746194776519;0.1448;18.364999866485597;-0.1949997901916518
2023-10-09;18.100000381469727;18.40999984741211;17.8700008392334;18.3799991607666;18.3799991607666;9749000;1.16;-12.929999999999987;17.8700008392334;18.40999984741211;18.100000381469727;0.01155746194776519;0.022306951767218752;0.1392;18.347999858856202;0.03199930191039968
2023-10-10;18.450000762939453;18.8799991607666;18.239999771118164;18.790000915527344;18.790000915527344;12459400;2.23;-10.699999999999987;18.239999771118164;18.8799991607666;18.450000762939453;0.022306951767218752;0.02022347750140785;0.1548;18.339499950408936;0.4505009651184082
2023-10-11;19.0;19.229999542236328;18.850000381469727;19.170000076293945;19.170000076293945;11682500;2.02;-8.679999999999987;18.850000381469727;19.229999542236328;19.0;0.02022347750140785;-0.01043300793654034;0.1709;18.346499919891357;0.8235001564025879
2023-10-13;19.079999923706055;19.18000030517578;18.81999969482422;18.969999313354492;18.969999313354492;9986500;-1.04;-9.719999999999988;18.81999969482422;19.18000030517578;19.079999923706055;-0.01043300793654034;0.012651543479456517;0.1749;18.345999908447265;0.6239994049072273
2023-10-16;19.049999237060547;19.399999618530273;19.040000915527344;19.209999084472656;19.209999084472656;9590200;1.27;-8.449999999999989;19.040000915527344;19.399999618530273;19.049999237060547;0.012651543479456517;-0.009370036772809676;0.18;18.3604998588562;0.8494992256164551
2023-10-17;19.110000610351562;19.260000228881836;18.979999542236328;19.030000686645508;19.030000686645508;7059500;-0.94;-9.389999999999988;18.979999542236328;19.260000228881836;19.110000610351562;-0.009370036772809676;0.01050966097605932;0.1765;18.378499889373778;0.6515007972717299
2023-10-18;18.899999618530273;19.360000610351562;18.899999618530273;19.229999542236328;19.229999542236328;12195600;1.05;-8.339999999999987;18.899999618530273;19.360000610351562;18.899999618530273;0.01050966097605932;-0.013520553045816674;0.1794;18.407999897003172;0.8219996452331557
2023-10-19;19.239999771118164;19.260000228881836;18.93000030517578;18.969999313354492;18.969999313354492;8692100;-1.35;-9.689999999999987;18.93000030517578;19.260000228881836;19.239999771118164;-0.013520553045816674;0.012124483811817743;0.1871;18.425499820709227;0.5444994926452651
2023-10-20;18.8700008392334;19.260000228881836;18.860000610351562;19.200000762939453;19.200000762939453;9037800;1.21;-8.479999999999986;18.860000610351562;19.260000228881836;18.8700008392334;0.012124483811817743;0.010416606648103066;0.1796;18.46949987411499;0.7305008888244622
2023-10-23;19.139999389648438;19.579999923706055;19.1299991607666;19.399999618530273;19.399999618530273;5913500;1.04;-7.439999999999986;19.1299991607666;19.579999923706055;19.139999389648438;0.010416606648103066;-0.003092756037225586;0.1792;18.52849988937378;0.8714997291564934
2023-10-24;19.510000228881836;19.649999618530273;19.290000915527344;19.34000015258789;19.34000015258789;6294300;-0.31;-7.749999999999986;19.290000915527344;19.649999618530273;19.510000228881836;-0.003092756037225586;-0.002068299649004457;0.1775;18.589999866485595;0.7500002861022956
2023-10-25;19.34000015258789;19.479999542236328;19.18000030517578;19.299999237060547;19.299999237060547;5295100;-0.21;-7.959999999999986;19.18000030517578;19.479999542236328;19.34000015258789;-0.002068299649004457;0.03471503123209385;0.1654;18.662999820709228;0.6369994163513191
2023-10-26;19.440000534057617;19.989999771118164;19.43000030517578;19.969999313354492;19.969999313354492;10016800;3.47;-4.489999999999986;19.43000030517578;19.989999771118164;19.440000534057617;0.03471503123209385;-0.004506767936026224;0.1901;18.777999782562254;1.1919995307922377
2023-10-27;20.010000228881836;20.40999984741211;19.700000762939453;19.8799991607666;19.8799991607666;7528500;-0.45;-4.939999999999986;19.700000762939453;20.40999984741211;20.010000228881836;-0.004506767936026224;0.0015090889291742293;0.1939;18.88299970626831;0.9969994544982903
2023-10-30;19.989999771118164;20.190000534057617;19.770000457763672;19.90999984741211;19.90999984741211;6742100;0.15;-4.789999999999986;19.770000457763672;20.190000534057617;19.989999771118164;0.0015090889291742293;0.006027164246763972;0.191;18.975999736785887;0.9340001106262221
2023-10-31;19.989999771118164;20.18000030517578;19.770000457763672;20.030000686645508;20.030000686645508;5555900;0.6;-4.189999999999986;19.770000457763672;20.18000030517578;19.989999771118164;0.006027164246763972;0.02146771757795496;0.1897;19.07599973678589;0.9540009498596191
2023-11-01;20.020000457763672;20.770000457763672;20.020000457763672;20.459999084472656;20.459999084472656;10271800;2.15;-2.0399999999999863;20.020000457763672;20.770000457763672;20.020000457763672;0.02146771757795496;0.019061647822508743;0.1982;19.191499710083008;1.2684993743896484
2023-11-03;20.610000610351562;21.059999465942383;20.610000610351562;20.850000381469727;20.850000381469727;8696800;1.91;-0.12999999999998635;20.610000610351562;21.059999465942383;20.610000610351562;0.019061647822508743;0.022541933081795085;0.2031;19.323499774932863;1.5265006065368638
2023-11-06;20.93000030517578;21.510000228881836;20.899999618530273;21.31999969482422;21.31999969482422;9242900;2.25;2.1200000000000134;20.899999618530273;21.510000228881836;20.93000030517578;0.022541933081795085;0.016885582340742555;0.2086;19.47899980545044;1.84099988937378
2023-11-07;21.329999923706055;21.770000457763672;21.329999923706055;21.68000030517578;21.68000030517578;7689400;1.69;3.8100000000000134;21.329999923706055;21.770000457763672;21.329999923706055;0.016885582340742555;-0.008302596985333421;0.2073;19.654499816894532;2.0255004882812493
2023-11-08;21.719999313354492;21.899999618530273;21.34000015258789;21.5;21.5;9975500;-0.83;2.9800000000000133;21.34000015258789;21.899999618530273;21.719999313354492;-0.008302596985333421;-0.02000001419422237;0.2158;19.8104998588562;1.6895001411437995
2023-11-09;21.5;21.639999389648438;20.850000381469727;21.06999969482422;21.06999969482422;8132400;-2.0;0.9800000000000133;20.850000381469727;21.639999389648438;21.5;-0.02000001419422237;0.011390592054783877;0.2302;19.924499797821046;1.1454998970031731
2023-11-10;21.149999618530273;21.549999237060547;21.1200008392334;21.309999465942383;21.309999465942383;7469100;1.14;2.1200000000000134;21.1200008392334;21.549999237060547;21.149999618530273;0.011390592054783877;-0.01454713626050641;0.225;20.031499767303465;1.2784996986389174
2023-11-13;21.31999969482422;21.43000030517578;20.940000534057617;21.0;21.0;6770600;-1.45;0.6700000000000135;20.940000534057617;21.43000030517578;21.31999969482422;-0.01454713626050641;-0.0057143256777808515;0.2293;20.13299980163574;0.8670001983642592
2023-11-14;20.850000381469727;21.329999923706055;20.209999084472656;20.8799991607666;20.8799991607666;14366100;-0.57;0.10000000000001352;20.209999084472656;21.329999923706055;20.850000381469727;-0.0057143256777808515;0.03735635622587208;0.2306;20.21649980545044;0.6634993553161621
2023-11-16;20.809999465942383;21.719999313354492;20.6299991607666;21.65999984741211;21.65999984741211;11447800;3.74;3.8400000000000136;20.6299991607666;21.719999313354492;20.809999465942383;0.03735635622587208;-0.0009233821747262061;0.2525;20.34799976348877;1.3120000839233406
2023-11-17;21.65999984741211;22.139999389648438;21.639999389648438;21.639999389648438;21.639999389648438;9812300;-0.09;3.7500000000000138;21.639999389648438;22.139999389648438;21.65999984741211;-0.0009233821747262061;0.008317944096702945;0.2534;20.468499755859376;1.171499633789061
2023-11-20;21.729999542236328;21.8799991607666;21.479999542236328;21.81999969482422;21.81999969482422;5631000;0.83;4.580000000000013;21.479999542236328;21.8799991607666;21.729999542236328;0.008317944096702945;-0.02337306306208653;0.2427;20.61099977493286;1.2089999198913581
2023-11-21;21.81999969482422;21.8700008392334;21.170000076293945;21.309999465942383;21.309999465942383;8142600;-2.34;2.2400000000000135;21.170000076293945;21.8700008392334;21.81999969482422;-0.02337306306208653;0.040356669728031314;0.2647;20.716499710083006;0.5934997558593764
2023-11-22;21.3799991607666;22.299999237060547;21.3799991607666;22.170000076293945;22.170000076293945;12303800;4.04;6.280000000000014;21.3799991607666;22.299999237060547;21.3799991607666;0.040356669728031314;0.03157423367300538;0.2922;20.85499973297119;1.3150003433227546
2023-11-23;22.299999237060547;22.889999389648438;22.15999984741211;22.8700008392334;22.8700008392334;8151000;3.16;9.440000000000014;22.15999984741211;22.889999389648438;22.299999237060547;0.03157423367300538;0.004372473565875223;0.3023;21.031499767303465;1.838501071929933
2023-11-24;22.84000015258789;22.969999313354492;22.530000686645508;22.969999313354492;22.969999313354492;7124700;0.44;9.880000000000013;22.530000686645508;22.969999313354492;22.84000015258789;0.004372473565875223;0.010883761753299304;0.3002;21.214999771118165;1.7549995422363267
2023-11-27;23.010000228881836;23.219999313354492;22.829999923706055;23.219999313354492;23.219999313354492;8490700;1.09;10.970000000000013;22.829999923706055;23.219999313354492;23.010000228881836;0.010883761753299304;0.0051679949518510515;0.2845;21.377499771118163;1.8424995422363288
2023-11-28;23.25;23.3799991607666;23.010000228881836;23.34000015258789;23.34000015258789;7328700;0.52;11.490000000000013;23.010000228881836;23.3799991607666;23.25;0.0051679949518510515;-0.005569882916252711;0.281;21.550499820709227;1.7895003318786635
2023-11-29;23.479999542236328;23.530000686645508;23.110000610351562;23.209999084472656;23.209999084472656;8709300;-0.56;10.930000000000012;23.110000610351562;23.530000686645508;23.479999542236328;-0.005569882916252711;0.0;0.2844;21.715499782562254;1.4944993019104018
2023-11-30;23.219999313354492;23.459999084472656;23.049999237060547;23.209999084472656;23.209999084472656;18510200;0.0;10.930000000000012;23.049999237060547;23.459999084472656;23.219999313354492;0.0;0.028005237032247665;0.2857;21.874499702453612;1.3354993820190444
2023-12-01;23.209999084472656;23.860000610351562;23.149999618530273;23.860000610351562;23.860000610351562;6808000;2.8;13.730000000000011;23.149999618530273;23.860000610351562;23.209999084472656;0.028005237032247665;-0.010477786823338886;0.2908;22.044499778747557;1.8155008316040053
2023-12-04;23.75;23.940000534057617;23.540000915527344;23.610000610351562;23.610000610351562;4051000;-1.05;12.68000000000001;23.540000915527344;23.940000534057617;23.75;-0.010477786823338886;0.010588733313729337;0.2946;22.18249979019165;1.4275008201599135
2023-12-05;23.729999542236328;23.940000534057617;23.6299991607666;23.860000610351562;23.860000610351562;5428600;1.06;13.74000000000001;23.6299991607666;23.940000534057617;23.729999542236328;0.010588733313729337;-0.014668917540508364;0.2889;22.30949983596802;1.5505007743835435
2023-12-06;23.899999618530273;23.940000534057617;23.1200008392334;23.510000228881836;23.510000228881836;9732700;-1.47;12.27000000000001;23.1200008392334;23.940000534057617;23.899999618530273;-0.014668917540508364;0.003828164683610913;0.2945;22.40099983215332;1.109000396728515
2023-12-07;23.510000228881836;23.690000534057617;23.420000076293945;23.600000381469727;23.600000381469727;4454900;0.38;12.650000000000011;23.420000076293945;23.690000534057617;23.510000228881836;0.003828164683610913;0.011864354863177162;0.2908;22.505999851226807;1.0940005302429192
2023-12-08;23.719999313354492;23.899999618530273;23.450000762939453;23.8799991607666;23.8799991607666;5190000;1.19;13.84000000000001;23.450000762939453;23.899999618530273;23.719999313354492;0.011864354863177162;-0.0050250810762974;0.2764;22.646499824523925;1.2334993362426765
2023-12-11;23.8799991607666;23.969999313354492;23.75;23.760000228881836;23.760000228881836;3996100;-0.5;13.34000000000001;23.75;23.969999313354492;23.8799991607666;-0.0050250810762974;-0.0067340002470883675;0.2786;22.7689998626709;0.9910003662109368
2023-12-12;23.799999237060547;23.829999923706055;23.59000015258789;23.600000381469727;23.600000381469727;3939800;-0.67;12.67000000000001;23.59000015258789;23.829999923706055;23.799999237060547;-0.0067340002470883675;0.03177966050326364;0.2724;22.898999881744384;0.7010004997253425
2023-12-13;23.600000381469727;24.350000381469727;23.540000915527344;24.350000381469727;24.350000381469727;6426600;3.18;15.85000000000001;23.540000915527344;24.350000381469727;23.600000381469727;0.03177966050326364;-0.015605793107272947;0.2833;23.07249994277954;1.2775004386901863
2023-12-14;24.459999084472656;24.530000686645508;23.780000686645508;23.969999313354492;23.969999313354492;7535500;-1.56;14.29000000000001;23.780000686645508;24.530000686645508;24.459999084472656;-0.015605793107272947;-0.010429704095181846;0.2724;23.18799991607666;0.7819993972778327
2023-12-15;24.1299991607666;24.229999542236328;23.459999084472656;23.719999313354492;23.719999313354492;14701300;-1.04;13.25000000000001;23.459999084472656;24.229999542236328;24.1299991607666;-0.010429704095181846;-0.0016862988759106523;0.2773;23.291999912261964;0.4279994010925279
2023-12-18;23.799999237060547;23.809999465942383;23.510000228881836;23.68000030517578;23.68000030517578;7989100;-0.17;13.08000000000001;23.510000228881836;23.809999465942383;23.799999237060547;-0.0016862988759106523;0.022804011875822594;0.2778;23.38499994277954;0.29500036239624094
2023-12-19;23.739999771118164;24.219999313354492;23.6299991607666;24.219999313354492;24.219999313354492;9284900;2.28;15.36000000000001;23.6299991607666;24.219999313354492;23.739999771118164;0.022804011875822594;0.03385638420397141;0.265;23.530499935150146;0.6894993782043457
2023-12-20;24.139999389648438;25.309999465942383;24.06999969482422;25.040000915527344;25.040000915527344;13693500;3.39;18.75000000000001;24.06999969482422;25.309999465942383;24.139999389648438;0.03385638420397141;-0.008785990920898934;0.2548;23.673999977111816;1.366000938415528
2023-12-21;25.200000762939453;25.280000686645508;24.649999618530273;24.81999969482422;24.81999969482422;7837500;-0.88;17.87000000000001;24.649999618530273;25.280000686645508;25.200000762939453;-0.008785990920898934;0.0020145505650270845;0.2415;23.771499919891358;1.0484997749328606
2023-12-22;24.950000762939453;25.030000686645508;24.6299991607666;24.8700008392334;24.8700008392334;6896600;0.2;18.07000000000001;24.6299991607666;25.030000686645508;24.950000762939453;0.0020145505650270845;0.0052271474217855385;0.2416;23.866499996185304;1.0035008430480943
2023-12-26;24.969999313354492;25.079999923706055;24.850000381469727;25.0;25.0;2389400;0.52;18.59000000000001;24.850000381469727;25.079999923706055;24.969999313354492;0.0052271474217855385;-0.0004000091552733842;0.2403;23.955500030517577;1.0444999694824233
2023-12-27;24.93000030517578;25.079999923706055;24.790000915527344;24.989999771118164;24.989999771118164;2335200;-0.04;18.55000000000001;24.790000915527344;25.079999923706055;24.93000030517578;-0.0004000091552733842;-0.0032012774885461504;0.2407;24.03800001144409;0.9519997596740737
2023-12-28;25.0;25.1299991607666;24.8700008392334;24.90999984741211;24.90999984741211;2621300;-0.32;18.23000000000001;24.8700008392334;25.1299991607666;25.0;-0.0032012774885461504;0.010437584523263155;0.2397;24.123000049591063;0.7869997978210463
2024-01-02;24.90999984741211;25.290000915527344;24.790000915527344;25.170000076293945;25.170000076293945;4261800;1.04;19.27000000000001;24.790000915527344;25.290000915527344;24.90999984741211;0.010437584523263155;-0.027810916202528735;0.2404;24.221000099182127;0.9489999771118178
2024-01-03;25.170000076293945;25.329999923706055;24.469999313354492;24.469999313354492;24.469999313354492;5590800;-2.78;16.49000000000001;24.469999313354492;25.329999923706055;25.170000076293945;-0.027810916202528735;-0.014303166487221075;0.2486;24.251500034332274;0.21849927902221822
2024-01-04;24.399999618530273;24.43000030517578;23.959999084472656;24.1200008392334;24.1200008392334;4164000;-1.43;15.06000000000001;23.959999084472656;24.43000030517578;24.399999618530273;-0.014303166487221075;-0.002073015865233674;0.2513;24.27700004577637;-0.15699920654297017
2024-01-05;23.850000381469727;24.329999923706055;23.709999084472656;24.06999969482422;24.06999969482422;4090300;-0.21;14.850000000000009;23.709999084472656;24.329999923706055;23.850000381469727;-0.002073015865233674;-0.005400879202942188;0.2491;24.2875;-0.21750030517578267
2024-01-08;23.899999618530273;24.149999618530273;23.8799991607666;23.940000534057617;23.940000534057617;3050400;-0.54;14.31000000000001;23.8799991607666;24.149999618530273;23.899999618530273;-0.005400879202942188;0.002506243300079536;0.2437;24.30900001525879;-0.3689994812011719
2024-01-09;23.93000030517578;24.31999969482422;23.90999984741211;24.0;24.0;5939200;0.25;14.56000000000001;23.90999984741211;24.31999969482422;23.93000030517578;0.002506243300079536;0.011666695276896233;0.2435;24.328999996185303;-0.32899999618530273
2024-01-10;24.0;24.280000686645508;23.950000762939453;24.280000686645508;24.280000686645508;4094900;1.17;15.73000000000001;23.950000762939453;24.280000686645508;24.0;0.011666695276896233;-0.004942373799000865;0.2434;24.34900007247925;-0.06899938583374166
2024-01-11;24.200000762939453;24.309999465942383;24.059999465942383;24.15999984741211;24.15999984741211;7743700;-0.49;15.240000000000009;24.059999465942383;24.309999465942383;24.200000762939453;-0.004942373799000865;0.022764869227408502;0.2434;24.369000053405763;-0.20900020599365376
2024-01-12;24.139999389648438;24.780000686645508;24.079999923706055;24.709999084472656;24.709999084472656;6487000;2.28;17.52000000000001;24.079999923706055;24.780000686645508;24.139999389648438;0.022764869227408502;0.0008094074668032469;0.2533;24.424499988555908;0.28549909591674805
2024-01-15;24.799999237060547;24.950000762939453;24.649999618530273;24.729999542236328;24.729999542236328;2371300;0.08;17.60000000000001;24.649999618530273;24.950000762939453;24.799999237060547;0.0008094074668032469;-0.01577029506136296;0.2283;24.443499946594237;0.28649959564209126
2024-01-16;24.5;24.719999313354492;24.270000457763672;24.34000015258789;24.34000015258789;8494900;-1.58;16.02000000000001;24.270000457763672;24.719999313354492;24.5;-0.01577029506136296;0.0008217114888369181;0.2285;24.46199998855591;-0.121999835968019
2024-01-17;24.350000381469727;24.440000534057617;24.209999084472656;24.360000610351562;24.360000610351562;5748400;0.08;16.10000000000001;24.209999084472656;24.440000534057617;24.350000381469727;0.0008217114888369181;-0.017651900427008038;0.2246;24.494000053405763;-0.13399944305420064
2024-01-18;24.399999618530273;24.5;23.84000015258789;23.93000030517578;23.93000030517578;6269800;-1.77;14.330000000000009;23.84000015258789;24.5;24.399999618530273;-0.017651900427008038;-0.007521951645644065;0.2345;24.506500053405762;-0.5764997482299812
2024-01-19;23.93000030517578;23.93000030517578;23.510000228881836;23.75;23.75;6596700;-0.75;13.580000000000009;23.510000228881836;23.93000030517578;23.93000030517578;-0.007521951645644065;-0.0021052310341282965;0.2207;24.483000087738038;-0.7330000877380378
2024-01-22;23.75;23.950000762939453;23.530000686645508;23.700000762939453;23.700000762939453;4399700;-0.21;13.370000000000008;23.530000686645508;23.950000762939453;23.75;-0.0021052310341282965;0.024472569832699076;0.1785;24.416000080108642;-0.7159993171691887
2024-01-23;23.790000915527344;24.3799991607666;23.600000381469727;24.280000686645508;24.280000686645508;4933300;2.45;15.820000000000007;23.600000381469727;24.3799991607666;23.790000915527344;0.024472569832699076;-0.004530502769386824;0.2011;24.389000129699706;-0.10899944305419851
2024-01-24;24.3799991607666;24.469999313354492;24.020000457763672;24.170000076293945;24.170000076293945;4676900;-0.45;15.370000000000008;24.020000457763672;24.469999313354492;24.3799991607666;-0.004530502769386824;0.0012412365143072979;0.2011;24.354000091552734;-0.18400001525878906
2024-01-25;24.170000076293945;24.31999969482422;24.049999237060547;24.200000762939453;24.200000762939453;1992200;0.12;15.490000000000007;24.049999237060547;24.31999969482422;24.170000076293945;0.0012412365143072979;0.005785098563419799;0.1999;24.314000129699707;-0.1139993667602539
2024-01-26;24.25;24.559999465942383;24.170000076293945;24.34000015258789;24.34000015258789;1670500;0.58;16.070000000000007;24.170000076293945;24.559999465942383;24.25;0.005785098563419799;-0.023829084637223663;0.2015;24.281500148773194;0.058500003814696555
2024-01-29;24.25;24.299999237060547;23.6299991607666;23.760000228881836;23.760000228881836;4990200;-2.38;13.690000000000008;23.6299991607666;24.299999237060547;24.25;-0.023829084637223663;-0.009680115320737648;0.2169;24.22400016784668;-0.46399993896484304
2024-01-30;23.75;23.75;23.389999389648438;23.530000686645508;23.530000686645508;3770100;-0.97;12.720000000000008;23.389999389648438;23.75;23.75;-0.009680115320737648;-0.004249909840694621;0.213;24.142000198364258;-0.61199951171875
2024-01-31;23.530000686645508;23.90999984741211;23.43000030517578;23.43000030517578;23.43000030517578;4225700;-0.42;12.300000000000008;23.43000030517578;23.90999984741211;23.530000686645508;-0.004249909840694621;-0.014084503602552534;0.1924;24.090000247955324;-0.6599999427795424
2024-02-01;23.43000030517578;23.530000686645508;22.90999984741211;23.100000381469727;23.100000381469727;6361900;-1.41;10.890000000000008;22.90999984741211;23.530000686645508;23.43000030517578;-0.014084503602552534;-0.004329020771356551;0.1922;24.039000225067138;-0.9389998435974114
2024-02-02;23.100000381469727;23.260000228881836;22.59000015258789;23.0;23.0;7729900;-0.43;10.460000000000008;22.59000015258789;23.260000228881836;23.100000381469727;-0.004329020771356551;0.019999960194463373;0.1924;23.985500240325926;-0.9855002403259263
2024-02-05;23.190000534057617;23.59000015258789;22.8799991607666;23.459999084472656;23.459999084472656;7060400;2.0;12.460000000000008;22.8799991607666;23.59000015258789;23.190000534057617;0.019999960194463373;0.012361505833104802;0.2073;23.96150016784668;-0.5015010833740234
2024-02-06;23.5;23.889999389648438;23.389999389648438;23.75;23.75;3419800;1.24;13.700000000000008;23.389999389648438;23.889999389648438;23.5;0.012361505833104802;-0.009263128983347024;0.2124;23.94900016784668;-0.1990001678466804
2024-02-07;23.670000076293945;23.790000915527344;23.3700008392334;23.530000686645508;23.530000686645508;4324300;-0.93;12.770000000000008;23.3700008392334;23.790000915527344;23.670000076293945;-0.009263128983347024;-0.022524465413479966;0.2096;23.91150016784668;-0.38149948120117116
2024-02-08;23.610000610351562;23.610000610351562;22.899999618530273;23.0;23.0;5304100;-2.25;10.520000000000008;22.899999618530273;23.610000610351562;23.610000610351562;-0.022524465413479966;-0.023913010306980342;0.2223;23.853500175476075;-0.8535001754760749
2024-02-09;22.899999618530273;23.059999465942383;22.329999923706055;22.450000762939453;22.450000762939453;5039100;-2.39;8.130000000000008;22.329999923706055;23.059999465942383;22.899999618530273;-0.023913010306980342;0.004008915346518149;0.2139;23.740500259399415;-1.2904994964599616
2024-02-14;22.34000015258789;22.8799991607666;22.34000015258789;22.540000915527344;22.540000915527344;5142500;0.4;8.530000000000008;22.34000015258789;22.8799991607666;22.34000015258789;0.004008915346518149;-0.0008873317192233943;0.2153;23.631000328063966;-1.0909994125366218
2024-02-15;22.540000915527344;22.899999618530273;22.479999542236328;22.520000457763672;22.520000457763672;5142400;-0.09;8.440000000000008;22.479999542236328;22.899999618530273;22.540000915527344;-0.0008873317192233943;-0.003108334520485645;0.2115;23.540000343322752;-1.0199998855590806
2024-02-16;22.510000228881836;22.6200008392334;22.110000610351562;22.450000762939453;22.450000762939453;4934800;-0.31;8.130000000000008;22.110000610351562;22.6200008392334;22.510000228881836;-0.003108334520485645;;0.2108;23.444500350952147;-0.9944995880126939
