Date;Close;High;Low;Open;Volume;ret;tret;Returns;Target;Vol;MM20;Detrend
2024-04-16;33.225318908691406;33.84780672828805;33.10860337009706;33.30313174130102;1178600;;;;-0.0002926582392421828;;;
2024-04-17;33.21559524536133;33.565741872588234;33.13778241020855;33.546292374120235;784500;-0.03;-0.03;-0.0002926582392421828;0.0020497816249849254;;;
2024-04-18;33.2836799621582;33.66300826161608;33.186413917220136;33.26422675317059;951900;0.2;0.17;0.0020497816249849254;0.0023376190829302868;;;
2024-04-19;33.36148452758789;33.546288132549186;33.17668463294632;33.5073817198921;646600;0.23;0.4;0.0023376190829302868;-0.004372985324016976;;;
2024-04-22;33.21559524536133;33.55601712335424;33.20586678580713;33.55601712335424;566800;-0.44;-0.03999999999999998;-0.004372985324016976;0.0008784614326260431;;;
2024-04-23;33.244773864746094;33.55601779090861;33.050245483314455;33.244773864746094;987200;0.09;0.05000000000000002;0.0008784614326260431;-0.0014630086020316346;;;
2024-04-24;33.196136474609375;33.56573624869858;33.16695481115633;33.45874918376933;466200;-0.15;-0.09999999999999998;-0.0014630086020316346;0.004101966314601135;;;
2024-04-25;33.332305908203125;33.332305908203125;33.069693193487076;33.29339949632231;609200;0.41;0.31;0.004101966314601135;0.0008753855633367724;;;
2024-04-26;33.36148452758789;33.7505412335193;33.264222206264904;33.449022100906475;1456000;0.09;0.4;0.0008753855633367724;0.002915666582394838;;;
2024-04-29;33.45875549316406;33.915892923176706;33.25449865175386;33.36148944717819;2142900;0.29;0.69;0.002915666582394838;-0.013372117151361773;;;
2024-04-30;33.0113410949707;33.39067313173325;32.88490079303702;33.26422911947907;901700;-1.34;-0.6500000000000001;-0.013372117151361773;-0.002062579987230917;;;
2024-05-02;32.94325256347656;33.40039367381151;32.76817740251084;33.10860297564198;952100;-0.21;-0.8600000000000001;-0.002062579987230917;0.015648209863133644;;;
2024-05-03;33.45875549316406;33.59492424722401;33.069698729861116;33.11832989769391;738700;1.56;0.7;0.015648209863133644;-0.012500267928033826;;;
2024-05-06;33.04051208496094;33.56573375392415;33.04051208496094;33.293396317401054;566000;-1.25;-0.55;-0.012500267928033826;0.012658502602128197;;;
2024-05-07;33.45875549316406;33.54629307939121;33.05997398042266;33.079423479299564;344100;1.27;0.72;0.012658502602128197;0.004360158212074028;;;
2024-05-08;33.60464096069336;33.769991344168524;33.322575060265926;33.37120992678881;624500;0.44;1.16;0.004360158212074028;-0.007525267460188223;;;
2024-05-09;33.35175704956055;33.604641290492204;33.15722871251805;33.604641290492204;398100;-0.75;0.4099999999999999;-0.007525267460188223;-0.001166423785620485;;;
2024-05-10;33.3128547668457;33.614373912129395;33.00161087314894;33.614373912129395;715400;-0.12;0.2899999999999999;-0.001166423785620485;0.02189764639263747;;;
2024-05-13;34.042327880859375;34.37302492868621;32.418024302925915;32.82653045654297;2554900;2.19;2.48;0.02189764639263747;-0.00571437087796578;;;
2024-05-14;33.84779739379883;34.50919144730213;33.84779739379883;34.21740082612575;768700;-0.57;1.9100000000000001;-0.00571437087796578;0.005747212582174921;;33.34835624694824;0.49944114685058594
2024-05-15;34.042327880859375;34.38274967554025;33.711630833032544;33.750537241087294;578300;0.57;2.48;0.005747212582174921;0.003714481142520043;0.1359;33.38920669555664;0.6531211853027372
2024-05-16;34.16877746582031;34.499474567980805;33.935342689457656;34.499474567980805;618300;0.37;2.85;0.003714481142520043;0.012524756786206348;0.1361;33.43686580657959;0.7319116592407227
2024-05-17;34.59673309326172;34.878799001537814;34.17849845969909;34.19795166478566;696600;1.25;4.1;0.012524756786206348;-0.0205226937481352;0.1417;33.50251846313476;1.094214630126956
2024-05-20;33.886714935302734;34.66482475091698;33.84780851694195;34.66482475091698;926300;-2.05;2.05;-0.0205226937481352;-0.02898955657753477;0.1626;33.52877998352051;0.35793495178222656
2024-05-21;32.904354095458984;34.12987666972483;32.83626600380818;33.8867171048822;973000;-2.9;-0.8500000000000001;-0.02898955657753477;-0.0026605441728123624;0.1936;33.51321792602539;-0.6088638305664062
2024-05-22;32.816810607910156;32.94325088748159;32.34021631390141;32.68063815939348;1255900;-0.27;-1.12;-0.0026605441728123624;0.005631351908057081;0.1937;33.49181976318359;-0.6750091552734361
2024-05-23;33.00161361694336;33.19614199425713;32.700094446591;32.88489807468317;781200;0.56;-0.56;0.005631351908057081;-0.010315361786115806;0.1949;33.48209362030029;-0.48048000335693075
2024-05-24;32.661190032958984;33.10860268018089;32.505564370982675;33.10860268018089;351300;-1.03;-1.59;-0.010315361786115806;-0.008338535623080512;0.1973;33.448537826538086;-0.7873477935791016
2024-05-27;32.38884353637695;32.602825076269454;31.90252455321718;32.53474071545264;441800;-0.83;-2.42;-0.008338535623080512;-0.02042025355039212;0.1989;33.39990577697754;-1.0110622406005874
2024-05-28;31.727455139160156;32.62228415877201;31.717730390285272;32.62228415877201;500500;-2.04;-4.46;-0.02042025355039212;-0.009196766877932694;0.2092;33.313340759277345;-1.585885620117189
2024-05-29;31.435665130615234;31.80526867143642;31.270318423862687;31.610740296776843;667700;-0.92;-5.38;-0.009196766877932694;-0.030012543881438813;0.2068;33.23455696105957;-1.798891830444333
2024-05-31;30.49220085144043;31.387027861595012;30.356030273591887;31.29949029553513;1310200;-3.0;-8.379999999999999;-0.030012543881438813;0.0;0.2289;33.112004375457765;-2.6198035240173354
2024-06-03;30.49220085144043;30.754813549620078;30.200408346187587;30.394936683022816;569100;0.0;-8.379999999999999;0.0;-0.004465588415867083;0.2178;32.963676643371585;-2.471475791931155
2024-06-04;30.356035232543945;30.608921369677255;30.103150950570644;30.43384806411728;587300;-0.45;-8.829999999999998;-0.004465588415867083;0.015700170370596123;0.2157;32.82945280075073;-2.4734175682067843
2024-06-05;30.832630157470703;30.890987927140223;30.2101404787423;30.560290807079525;685200;1.57;-7.259999999999998;0.015700170370596123;0.015457175912322096;0.2191;32.69814653396607;-1.8655163764953642
2024-06-06;31.309215545654297;31.649641068164073;30.75481404363585;30.89098276851197;832200;1.55;-5.709999999999998;0.015457175912322096;-0.010251509499272782;0.2281;32.58337526321411;-1.2741597175598116
2024-06-07;30.988248825073242;31.37730181835941;30.76454066395191;30.832626885694832;522100;-1.03;-6.739999999999998;-0.010251509499272782;-0.020715567595694595;0.2289;32.465199851989745;-1.4769510269165025
2024-06-10;30.346309661865234;31.338400975635587;30.180961109570173;31.338400975635587;713100;-2.07;-8.809999999999999;-0.020715567595694595;0.02051274508953571;0.2366;32.31687259674072;-1.9705629348754883
2024-06-11;30.968795776367188;31.16332412915949;30.3463080156876;30.3463080156876;618300;2.05;-6.759999999999999;0.02051274508953571;-0.019158359081796084;0.2346;32.16319599151611;-1.1944002151489244
2024-06-12;30.375484466552734;31.20222899742017;30.278220294970698;31.056331812467228;522400;-1.92;-8.68;-0.019158359081796084;-0.03298106395641409;0.2402;31.989580345153808;-1.6140958786010735
2024-06-13;29.373668670654297;30.472748806678933;29.033244995814172;30.472748806678933;1051000;-3.3;-11.98;-0.03298106395641409;0.010265020166539962;0.2555;31.756147384643555;-2.382478713989258
2024-06-14;29.675189971923828;29.889169695572182;29.140237880062895;29.325039646717403;434300;1.03;-10.950000000000001;0.010265020166539962;-0.006568050357023791;0.2602;31.531468009948732;-1.8562780380249038
2024-06-17;29.480281829833984;29.82137637152909;29.26588044933612;29.353590527452454;404800;-0.66;-11.610000000000001;-0.006568050357023791;0.006611474856817567;0.2499;31.275645446777343;-1.7953636169433587
2024-06-18;29.675189971923828;29.870099787527128;29.373076690693154;29.538751056304477;848800;0.66;-10.950000000000001;0.006611474856817567;0.008210191494648633;0.2502;31.0650691986084;-1.3898792266845703
2024-06-19;29.9188289642334;29.95781018425612;29.451041312252197;29.451041312252197;342800;0.82;-10.13;0.008210191494648633;0.003908687720191262;0.2405;30.91579294204712;-0.9969639778137207
2024-06-20;30.0357723236084;30.415848020876943;29.831116750868528;30.074755399643827;671400;0.39;-9.74;0.003908687720191262;0.004542529097669723;0.2424;30.77674102783203;-0.7409687042236328
2024-06-21;30.172210693359375;30.259920759464585;29.723916452213153;30.05526517776273;1222800;0.45;-9.290000000000001;0.004542529097669723;0.010981970459692292;0.2418;30.635270881652833;-0.46306018829345774
2024-06-24;30.50356101989746;30.795928541864974;30.02602944538096;30.220941126692637;429900;1.1;-8.190000000000001;0.010981970459692292;-0.008626212127057609;0.2466;30.527389430999754;-0.0238284111022935
2024-06-25;30.24043083190918;30.562033785391005;30.084502239846202;30.562033785391005;459000;-0.86;-9.05;-0.008626212127057609;-0.03158231678376655;0.2467;30.419968795776366;-0.1795379638671868
2024-06-26;29.285367965698242;30.386615816665703;29.197657894070197;30.308651515086947;1436500;-3.16;-12.21;-0.03158231678376655;0.009650535265576687;0.2598;30.29786443710327;-1.0124964714050293
2024-06-27;29.5679874420166;29.616714429692326;29.12943711767335;29.343840324603576;1384000;0.97;-11.24;0.009650535265576687;-0.033289337259930774;0.2633;30.20448055267334;-0.6364931106567369
2024-06-28;28.583688735961914;29.80188208791872;28.583688735961914;29.597226497021435;904500;-3.33;-14.57;-0.033289337259930774;-0.03273103015230461;0.268;30.109054946899413;-1.5253662109374986
2024-07-01;27.648115158081055;28.661650987895012;27.648115158081055;28.593432462471;1223700;-3.27;-17.84;-0.03273103015230461;-0.0408884090489684;0.2874;29.966850662231444;-2.318735504150389
2024-07-02;26.517627716064453;26.829486725269867;25.73798484008902;26.829486725269867;2337900;-4.09;-21.93;-0.0408884090489684;0.004777789110366637;0.3148;29.77493028640747;-3.2573025703430183
2024-07-03;26.644323348999023;27.23880225955438;26.634577579781592;26.634577579781592;776700;0.48;-21.45;0.004777789110366637;0.03547908882185147;0.3068;29.565514945983885;-2.921191596984862
2024-07-04;27.58963966369629;27.823532540044997;26.52737502185297;27.063381156615524;717400;3.55;-17.9;0.03547908882185147;-0.026139175219602073;0.3334;29.379536151885986;-1.7898964881896973
2024-07-05;26.86846923828125;27.657857920711407;26.712540655549745;27.40447536788421;1099300;-2.61;-20.509999999999998;-0.026139175219602073;0.013057812354473786;0.3407;29.173547172546385;-2.3050779342651353
2024-07-08;27.21931266784668;27.297276968346722;26.712543785188636;27.092619517774395;567000;1.31;-19.2;0.013057812354473786;-0.00644478685401384;0.3436;29.01719732284546;-1.7978846549987786
2024-07-09;27.04388999938965;27.41421992744847;26.965925706176456;27.219310123823178;690100;-0.64;-19.84;-0.00644478685401384;0.007207245584548216;0.3299;28.820952033996583;-1.777062034606935
2024-07-10;27.238801956176758;27.52142182507285;27.13160035479442;27.19981887974122;652800;0.72;-19.12;0.007207245584548216;0.013595778496107158;0.3298;28.664117908477785;-1.4253159523010268
2024-07-11;27.609134674072266;27.862519120024256;27.180330084090773;27.238804704644327;555200;1.36;-17.76;0.013595778496107158;0.0024707191047159682;0.3191;28.57589120864868;-0.9667565345764153
2024-07-12;27.677349090576172;27.77480491819254;27.521420509916105;27.579893262959803;1642300;0.25;-17.51;0.0024707191047159682;-0.0105632992352922;0.316;28.4759991645813;-0.7986500740051277
2024-07-15;27.384984970092773;27.765060673967522;26.90745343325092;27.66760484100042;1613400;-1.06;-18.57;-0.0105632992352922;0.004982302427721574;0.3169;28.371234321594237;-0.9862493515014634
2024-07-16;27.521425247192383;27.628626861904586;27.277786565621472;27.277786565621472;472700;0.5;-18.07;0.004982302427721574;0.01735112241168979;0.3163;28.263546085357667;-0.7421208381652846
2024-07-17;27.998952865600586;27.998952865600586;27.277782693577677;27.277782693577677;697000;1.74;-16.330000000000002;0.01735112241168979;0.002784765027999958;0.3224;28.167552280426026;-0.16859941482544016
2024-07-18;28.076923370361328;28.193870764668578;27.62862905295105;27.998959060428422;1221900;0.28;-16.05;0.002784765027999958;0.0020824170874773618;0.3221;28.06960983276367;0.0073135375976569605
2024-07-19;28.135391235351562;28.320555265183256;27.91124227169872;27.91124227169872;1065200;0.21;-15.84;0.0020824170874773618;-0.00346382168914372;0.3214;27.96776885986328;0.16762237548828196
2024-07-22;28.037935256958008;28.213355375917004;27.833277831900745;28.164626532419884;247900;-0.35;-16.19;-0.00346382168914372;-0.009037171751501538;0.317;27.844487571716307;0.19344768524170064
2024-07-23;27.7845516204834;27.979461423450406;27.657858482680243;27.96971751329512;356900;-0.9;-17.09;-0.009037171751501538;-0.011925634925314954;0.3171;27.72169361114502;0.06285800933837749
2024-07-24;27.453203201293945;27.84302467016901;27.238801858116503;27.84302467016901;453800;-1.19;-18.28;-0.011925634925314954;-0.012069502761164252;0.3017;27.630085372924803;-0.17688217163085795
2024-07-25;27.121856689453125;27.638371339396286;26.936690779652288;27.638371339396286;599000;-1.21;-19.490000000000002;-0.012069502761164252;0.0;0.2994;27.50777883529663;-0.38592214584350515
2024-07-26;27.121856689453125;27.45320542959545;26.985419628976477;27.10236514972345;349700;0.0;-19.490000000000002;0.0;-0.008983193977016635;0.2791;27.434687232971193;-0.3128305435180678
2024-07-29;26.878215789794922;27.35574732066863;26.878215789794922;27.05363591518024;274400;-0.9;-20.39;-0.008983193977016635;-0.013052935418480072;0.2568;27.396192264556884;-0.5179764747619622
2024-07-30;26.527376174926758;26.995163806772997;26.371447583916485;26.878216434107582;812700;-1.31;-21.7;-0.013052935418480072;-0.010286464933633499;0.2155;27.3966796875;-0.8693035125732429
2024-07-31;26.25450325012207;26.975673480662717;26.25450325012207;26.62483320571275;627800;-1.03;-22.73;-0.010286464933633499;-0.007795249969106299;0.2178;27.377188682556152;-1.122685432434082
2024-08-01;26.049842834472656;26.58584895553526;25.92315156007767;26.342210316547337;1034100;-0.78;-23.51;-0.007795249969106299;0.015338690049950143;0.1719;27.30019884109497;-1.2503560066223152
2024-08-02;26.449413299560547;26.585852218131873;26.079083340731017;26.147301870608914;997200;1.53;-21.98;0.015338690049950143;-0.006263886274789798;0.1599;27.279246044158935;-0.829832744598388
2024-08-05;26.283737182617188;26.420176092115952;25.494348468382107;25.932898786743486;697700;-0.63;-22.61;-0.006263886274789798;0.032628875764790344;0.1523;27.232467269897462;-0.9487300872802749
2024-08-06;27.141345977783203;27.287528795998693;26.137554070756856;26.254501440618476;616000;3.26;-19.35;0.032628875764790344;0.02549374618847855;0.1937;27.23734006881714;-0.09599409103393697
2024-08-07;27.833280563354492;27.84302633301033;27.277784704680272;27.28753047433611;1062500;2.55;-16.8;0.02549374618847855;0.019607809545281407;0.2124;27.267063999176024;0.5662165641784682
2024-08-08;28.379030227661133;28.837070211736155;27.68709550829743;27.833278323741343;765700;1.96;-14.84;0.019607809545281407;0.014079644272029013;0.2181;27.30555877685547;1.0734714508056626
2024-08-09;28.778596878051758;28.992998212466233;28.330300813056553;28.38877356629408;735500;1.41;-13.43;0.014079644272029013;-0.036572840377424254;0.2226;27.360621166229247;1.4179757118225105
2024-08-12;27.72608184814453;27.96972052217457;26.74178138200531;27.93073744209829;2235300;-3.66;-17.09;-0.036572840377424254;0.01124765520499782;0.2584;27.377676010131836;0.3484058380126953
2024-08-13;28.037935256958008;28.184118069818734;27.35574631852088;27.950225197478513;793900;1.12;-15.969999999999999;0.01124765520499782;0.006256482588753887;0.2607;27.403501510620117;0.6344337463378906
2024-08-14;28.213354110717773;28.76884988996707;28.067169445597237;28.193862574193002;737500;0.63;-15.339999999999998;0.006256482588753887;-0.0017270235925376243;0.2544;27.414221572875977;0.7991325378417962
2024-08-15;28.164628982543945;28.379032194952202;27.706588966716676;28.2523390496536;464500;-0.17;-15.509999999999998;-0.0017270235925376243;-0.02214524253308714;0.2544;27.41860685348511;0.7460221290588365
2024-08-16;27.540916442871094;28.38877800318126;27.277786223954585;28.16463086505932;914200;-2.21;-17.72;-0.02214524253308714;0.022292867030505148;0.2664;27.388883113861084;0.15203332901000977
2024-08-19;28.154882431030273;28.379031406760312;27.229056655542145;27.765060954044987;734000;2.23;-15.489999999999998;0.022292867030505148;-0.023537545930169768;0.2786;27.394730472564696;0.7601519584655776
2024-08-20;27.492185592651367;28.505723313818564;27.2485469318495;28.154883047442922;923300;-2.35;-17.84;-0.023537545930169768;-0.009216569400082086;0.2896;27.380112171173096;0.11207342147827148
2024-08-21;27.238801956176758;27.833279001295598;27.004907215194304;27.833279001295598;663500;-0.92;-18.76;-0.009216569400082086;-0.0017889532347822312;0.2883;27.369392108917236;-0.1305901527404778
2024-08-22;27.190073013305664;27.423965894635508;26.965925901049822;27.423965894635508;341000;-0.18;-18.94;-0.0017889532347822312;0.006810107223009565;0.285;27.372802925109863;-0.1827299118041985
2024-08-23;27.375240325927734;27.638370528107888;26.946435758539575;27.20956596071973;667100;0.68;-18.26;0.006810107223009565;-0.0060520424650462035;0.2859;27.385472106933594;-0.010231781005860086
2024-08-26;27.209564208984375;27.638368748766357;26.917198575705736;27.56040445597103;805700;-0.61;-18.87;-0.0060520424650462035;0.0028654849748150912;0.2848;27.402039527893066;-0.1924753189086914
2024-08-27;27.287532806396484;27.667608561378856;27.043894120625087;27.082877202580026;660200;0.29;-18.580000000000002;0.0028654849748150912;0.001785618675001821;0.2801;27.440047359466554;-0.15251455307006978
2024-08-28;27.336257934570312;27.53116961341272;27.024400735474885;27.404478323336026;473100;0.18;-18.400000000000002;0.001785618675001821;-0.02032078822936423;0.2766;27.494135093688964;-0.15787715911865163
2024-08-29;26.780763626098633;27.30702407433435;26.556616483545923;27.219313999628397;845500;-2.03;-20.430000000000003;-0.02032078822936423;-0.011644893148433533;0.286;27.530681133270264;-0.7499175071716309
2024-08-30;26.468904495239258;26.79050745963854;26.235011599204825;26.79050745963854;1026100;-1.16;-21.590000000000003;-0.011644893148433533;-0.0022091426959756078;0.2848;27.531655693054198;-1.06275119781494
2024-09-02;26.410430908203125;26.99516405937079;26.176538019499148;26.80025238937642;554100;-0.22;-21.810000000000002;-0.0022091426959756078;-0.004797109370396013;0.2839;27.537990379333497;-1.1275594711303718
2024-09-03;26.283737182617188;26.57610468112991;25.991371542919868;26.57610468112991;1325900;-0.48;-22.290000000000003;-0.004797109370396013;0.021134597867904947;0.2574;27.495109939575194;-1.2113727569580064
2024-09-04;26.8392333984375;26.897706151403217;26.254500292334434;26.29348150803981;523400;2.11;-20.180000000000003;0.021134597867904947;0.007262273897401528;0.2517;27.445407581329345;-0.606174182891845
2024-09-05;27.034147262573242;27.180330096392126;26.556615680729916;26.819745896893252;726600;0.73;-19.450000000000003;0.007262273897401528;0.0007209137444130764;0.2415;27.378163433074953;-0.3440161705017104
2024-09-06;27.05363655090332;27.11210930780066;26.800252125927607;27.0341450123324;525700;0.07;-19.380000000000003;0.0007209137444130764;-0.020893341230551754;0.234;27.29191541671753;-0.23827886581420898
2024-09-09;26.48839569091797;27.092618533129745;26.48839569091797;27.08287462238497;426600;-2.09;-21.470000000000002;-0.020893341230551754;-0.006622551367599261;0.2095;27.230031108856203;-0.7416354179382338
2024-09-10;26.31297492980957;26.50788659874174;26.12780903020555;26.50788659874174;691400;-0.66;-22.130000000000003;-0.006622551367599261;0.027777743547805267;0.2038;27.14378309249878;-0.830808162689209
2024-09-11;27.04388999938965;27.04388999938965;26.166791236037383;26.35195712947448;483300;2.78;-19.35;0.027777743547805267;-0.015135145199656308;0.2296;27.08530988693237;-0.04141988754272319
2024-09-12;26.63457679748535;27.112108322221165;26.6053394906918;27.043889798518244;352800;-1.51;-20.860000000000003;-0.015135145199656308;0.000731943688244252;0.2342;27.008807277679445;-0.3742304801940932
2024-09-13;26.654071807861328;27.034147551617238;26.5663617348691;26.81000041344404;691300;0.07;-20.790000000000003;0.000731943688244252;-0.01937842098521514;0.2228;26.964465045928954;-0.31039323806762553
2024-09-16;26.137557983398438;26.166795294944343;25.007074627042602;25.562570534705216;1722000;-1.94;-22.730000000000004;-0.01937842098521514;-0.003736972044150688;0.2126;26.863598823547363;-0.7260408401489258
2024-09-17;26.03988265991211;26.215696120240416;25.65895473785631;26.078953145755424;739000;-0.37;-23.100000000000005;-0.003736972044150688;0.004126015078083745;0.1992;26.7909836769104;-0.751101016998291
2024-09-18;26.147323608398438;26.371973304244545;25.98127777603757;26.010578776288575;466900;0.41;-22.690000000000005;0.004126015078083745;-0.014941940638110274;0.199;26.736409759521486;-0.5890861511230483
2024-09-19;25.75663185119629;26.33290667530893;25.51244687744313;26.157095059112795;792700;-1.49;-24.180000000000003;-0.014941940638110274;-0.01592740700774209;0.2042;26.664737701416016;-0.9081058502197266
2024-09-20;25.34639549255371;25.84453109093798;24.994768610886602;25.766391990898967;1348000;-1.59;-25.770000000000003;-0.01592740700774209;-0.023506692961469566;0.2062;26.563295459747316;-1.216899967193605
2024-09-23;24.750585556030273;25.356163161233805;24.662678828987303;25.356163161233805;760400;-2.35;-28.120000000000005;-0.023506692961469566;-0.00947124537671551;0.2178;26.44034652709961;-1.6897609710693366
2024-09-24;24.51616668701172;25.05337277340924;24.51616668701172;24.867791709951703;531600;-0.95;-29.070000000000004;-0.00947124537671551;-0.006772924360401444;0.2165;26.30177822113037;-1.785611534118651
2024-09-25;24.350120544433594;24.75058366458893;24.18407472415091;24.701747425734123;747600;-0.68;-29.750000000000004;-0.006772924360401444;0.005214594849823895;0.215;26.152471351623536;-1.8023508071899421
2024-09-26;24.477096557617188;24.73104910522168;24.232911630649387;24.565003280364248;444900;0.52;-29.230000000000004;0.005214594849823895;-0.004389370319506369;0.211;26.037287998199464;-1.560191440582276
2024-09-27;24.369657516479492;24.74081780190069;24.340354653294966;24.477097622189632;770100;-0.44;-29.670000000000005;-0.004389370319506369;0.02124246451690759;0.2092;25.932325649261475;-1.5626681327819831
2024-09-30;24.8873291015625;25.04360731703673;24.12547326687144;24.52593642689707;928000;2.12;-27.550000000000004;0.02124246451690759;-0.01295135976593731;0.2277;25.856170558929442;-0.9688414573669419
2024-10-01;24.565004348754883;25.1510485715627;24.330587032228404;25.033838981807847;909600;-1.3;-28.850000000000005;-0.01295135976593731;0.040159134886134096;0.2304;25.77023391723633;-1.205229568481446
2024-10-02;25.551513671875;25.698024273022096;24.525937600861948;24.565006225108935;557200;4.02;-24.830000000000005;0.040159134886134096;0.007263022052570678;0.2645;25.705847930908202;-0.15433425903320241
2024-10-03;25.73709487915039;25.864070237268898;25.180353474429417;25.551513789915607;1212200;0.73;-24.100000000000005;0.007263022052570678;0.006830990873484932;0.2645;25.64099531173706;0.09609956741332937
2024-10-04;25.912904739379883;26.54778516756196;25.53197499208414;25.639416954524364;1037700;0.68;-23.420000000000005;0.006830990873484932;0.004900180887064343;0.2664;25.58395872116089;0.3289460182189927
2024-10-07;26.03988265991211;26.274299986022086;25.844533956662143;26.088718904232948;622700;0.49;-22.930000000000007;0.004900180887064343;-0.001500469001855964;0.2577;25.561533069610597;0.47834959030151225
2024-10-08;26.000810623168945;26.196157437786745;25.76639146485469;25.76639146485469;781100;-0.15;-23.080000000000005;-0.001500469001855964;-0.017655922539998592;0.2568;25.545924854278564;0.45488576889038157
2024-10-09;25.5417423248291;26.15708936807586;25.463603224748272;26.000811167914197;3296900;-1.77;-24.850000000000005;-0.017655922539998592;-0.04397706887097519;0.2406;25.470817470550536;0.07092485427856587
2024-10-10;24.41849136352539;25.453834875703613;24.41849136352539;25.395231018066408;2378800;-4.4;-29.250000000000007;-0.04397706887097519;0.01160016128324215;0.2791;25.36001319885254;-0.9415218353271477
2024-10-11;24.701749801635742;24.858028016582235;24.193844671567998;24.418494372680673;503600;1.16;-28.090000000000007;0.01160016128324215;-0.0027679304903291957;0.2842;25.26239709854126;-0.5606472969055183
2024-10-14;24.633377075195312;24.731051427751808;24.301285394293224;24.467331234744268;685200;-0.28;-28.370000000000008;-0.0027679304903291957;-0.013481394944043323;0.2781;25.187188053131102;-0.5538109779357896
2024-10-15;24.301284790039062;24.92639951306709;24.252448546466795;24.799422299005954;950100;-1.35;-29.72000000000001;-0.013481394944043323;-0.000803869625250142;0.2806;25.100258159637452;-0.7989733695983894
2024-10-16;24.281749725341797;24.428260308874616;24.04733241909266;24.31105072425847;1367500;-0.08;-29.800000000000008;-0.000803869625250142;0.013676699424930217;0.2794;25.00697946548462;-0.7252297401428223
2024-10-17;24.61384391784668;24.818958383386786;23.939892928388694;24.17431025885596;1991500;1.37;-28.430000000000007;0.013676699424930217;-0.007936694283644408;0.2824;24.94984006881714;-0.335996150970459
2024-10-18;24.41849136352539;24.78965161253844;24.39895612331864;24.61384003962681;899900;-0.79;-29.220000000000006;-0.007936694283644408;0.005199994188554324;0.2786;24.903444862365724;-0.48495349884033345
2024-10-21;24.545467376708984;24.74081605820482;24.066865156325587;24.467328276707267;950800;0.52;-28.700000000000006;0.005199994188554324;-0.001989526061835667;0.2673;24.893188953399658;-0.34772157669067383
2024-10-22;24.496633529663086;24.848260445494994;24.04733412652967;24.58454025862106;930600;-0.2;-28.900000000000006;-0.001989526061835667;-0.003189914485313805;0.2652;24.892212295532225;-0.3955787658691392
2024-10-23;24.41849136352539;24.633373416850517;24.027795874305593;24.49663046136935;835200;-0.32;-29.220000000000006;-0.003189914485313805;0.017600010373118202;0.2642;24.895630836486816;-0.4771394729614258
2024-10-24;24.848257064819336;25.004535258819587;24.242677665831092;24.242677665831092;660000;1.76;-27.460000000000004;0.017600010373118202;-0.033018712594442445;0.2709;24.914188861846924;-0.06593179702758789
2024-10-25;24.027799606323242;24.965468926090328;24.027799606323242;24.623609621306493;894200;-3.3;-30.760000000000005;-0.033018712594442445;0.022357633709008784;0.2962;24.897095966339112;-0.8692963600158699
2024-10-28;24.565004348754883;24.78965404421986;24.223145063535057;24.2817507899041;472300;2.24;-28.520000000000003;0.022357633709008784;-0.005168902233123274;0.2973;24.88097972869873;-0.31597537994384695
2024-10-29;24.438030242919922;24.73105143772424;24.23291391617024;24.57477321876416;529200;-0.52;-29.040000000000003;-0.005168902233123274;-0.00039976379438744214;0.2942;24.874631023406984;-0.43660078048706197
2024-10-30;24.428260803222656;24.69198097670845;24.359889320389268;24.46732942356323;371100;-0.04;-29.080000000000002;-0.00039976379438744214;0.0;0.2529;24.818468379974366;-0.3902075767517097
2024-10-31;24.428260803222656;24.59430663138225;24.223144491739312;24.34035407872739;952900;0.0;-29.080000000000002;0.0;0.01959219966138437;0.2507;24.753026676177978;-0.32476587295532156
2024-11-01;24.906864166259766;25.092445244427996;24.42826190191708;24.60407535881506;1188700;1.96;-27.12;0.01959219966138437;0.023137190935775376;0.2608;24.702724647521972;0.20413951873779368
2024-11-04;25.483139038085938;25.688253481788102;25.12174452772761;25.131512148330067;772000;2.31;-24.810000000000002;0.023137190935775376;0.0030663513891391325;0.2748;24.674887466430665;0.8082515716552727
2024-11-05;25.561279296875;25.668721265381908;25.121745664786026;25.668721265381908;661200;0.31;-24.500000000000004;0.0030663513891391325;0.009552905830046088;0.2751;24.652910900115966;0.9083683967590339
2024-11-06;25.805463790893555;25.942206757202687;25.190118579519265;25.268257683550654;935700;0.96;-23.540000000000003;0.009552905830046088;-0.012869142565927305;0.2698;24.66609697341919;1.1393668174743645
2024-11-07;25.473369598388672;25.883600319480898;25.21941706980939;25.824996463034296;817100;-1.29;-24.830000000000002;-0.012869142565927305;-0.031441556669812964;0.2194;24.718840885162354;0.7545287132263176
2024-11-08;24.672447204589844;25.531977396092874;24.555237610620512;25.395234422281398;1534400;-3.14;-27.970000000000002;-0.031441556669812964;-0.0633411949223639;0.2465;24.71737575531006;-0.044928550720214844
2024-11-11;23.109664916992188;23.35384988176428;21.351533915826494;22.1719955464994;6572500;-6.33;-34.300000000000004;-0.0633411949223639;-0.008875778714638072;0.334;24.641190147399904;-1.5315252304077163
2024-11-12;22.90454864501953;23.246406078510905;22.24036529483637;22.42594451216503;2039000;-0.89;-35.190000000000005;-0.008875778714638072;0.03880600370734921;0.3324;24.571353340148924;-1.666804695129393
2024-11-13;23.79338264465332;23.959428488805035;22.904549556248075;22.904549556248075;1577200;3.88;-31.310000000000006;0.03880600370734921;0.0426928030070739;0.3638;24.5469349861145;-0.7535523414611802
2024-11-14;24.809188842773438;25.063141396882454;23.627334660210185;23.656635659887595;1369300;4.27;-27.040000000000006;0.0426928030070739;-0.05314949612367337;0.3925;24.55670223236084;0.25248661041259624
2024-11-18;23.49059295654297;24.828727388371227;23.32454710533776;24.565007178283523;1243600;-5.31;-32.35000000000001;-0.05314949612367337;-0.06444913686736331;0.4361;24.51030731201172;-1.01971435546875
2024-11-19;21.97664451599121;23.939891649644416;21.97664451599121;23.441754150390626;1868600;-6.44;-38.790000000000006;-0.06444913686736331;0.02311108287549546;0.4886;24.38186616897583;-2.4052216529846184
2024-11-21;22.484548568725586;22.797104977812275;21.84966812989536;22.025479712769258;1863500;2.31;-36.480000000000004;0.02311108287549546;0.033449297821184665;0.4987;24.281261920928955;-1.7967133522033691
2024-11-22;23.23664093017578;23.23664093017578;22.18176014890727;22.513851832717727;805200;3.34;-33.14;0.033449297821184665;-0.03993288182940191;0.516;24.222169399261475;-0.9855284690856934
2024-11-25;22.308734893798828;23.38314893623942;22.308734893798828;23.334310833456634;1282900;-3.99;-37.13;-0.03993288182940191;0.009194352149526797;0.5273;24.095193290710448;-1.7864583969116197
2024-11-26;22.51384925842285;22.709197942909952;22.259898576766;22.474780639315306;573300;0.92;-36.21;0.009194352149526797;-0.016052029606545948;0.5186;24.01949577331543;-1.5056465148925788
2024-11-27;22.152456283569336;22.660361365273282;21.87896850196342;22.660361365273282;999800;-1.61;-37.82;-0.016052029606545948;-0.02821865555527525;0.5119;23.898868370056153;-1.7464120864868171
2024-11-28;21.52734375;22.084085077502912;21.302692204512745;22.084085077502912;712400;-2.82;-40.64;-0.02821865555527525;0.007713266648521122;0.5187;23.753334045410156;-2.2259902954101562
2024-11-29;21.693389892578125;21.937574840651177;20.9803702913208;21.56641453929279;1020900;0.77;-39.87;0.007713266648521122;0.025213951908211074;0.5206;23.61659049987793;-1.9232006072998047
2024-12-02;22.240365982055664;22.240365982055664;21.43943963372762;21.77153131908071;681400;2.52;-37.349999999999994;0.025213951908211074;-0.03820834988156885;0.5316;23.50719575881958;-1.2668297767639167
2024-12-03;21.39059829711914;22.416176063456994;21.30269157820495;22.025478706957013;718800;-3.82;-41.169999999999995;-0.03820834988156885;0.02328772766498366;0.537;23.331382465362548;-1.9407841682434075
2024-12-04;21.888736724853516;22.17199213463334;21.283159148676816;21.527344075873295;579400;2.33;-38.839999999999996;0.02328772766498366;-0.005354739394433761;0.5371;23.151662349700928;-1.262925624847412
2024-12-05;21.771528244018555;22.015713162701672;21.498040464419553;21.98641030178579;460700;-0.54;-39.379999999999995;-0.005354739394433761;-0.027815198337630576;0.5358;22.962174797058104;-1.1906465530395494
2024-12-06;21.16594886779785;21.976642724908483;21.16594886779785;21.976642724908483;502900;-2.78;-42.16;-0.027815198337630576;0.0;0.5365;22.73019905090332;-1.564250183105468
2024-12-09;21.16594886779785;21.751993046392027;21.009670668570482;21.156181247473253;585900;0.0;-42.16;0.0;0.015228457501284431;0.5373;22.51482801437378;-1.3488791465759284
2024-12-10;21.48827362060547;21.703155686137592;21.292924933406706;21.292924933406706;690200;1.52;-40.63999999999999;0.015228457501284431;0.017727251908478348;0.5366;22.35561933517456;-0.8673457145690904
2024-12-11;21.86920166015625;22.240363795762605;21.341763181904017;21.478506146083642;775500;1.77;-38.86999999999999;0.017727251908478348;-0.03974982905625091;0.4982;22.293596172332762;-0.42439451217651225
2024-12-12;20.99990463256836;22.074318730552225;20.99990463256836;22.06455110949072;552600;-3.97;-42.83999999999999;-0.03974982905625091;-0.013023253955177783;0.5154;22.198363971710204;-1.198459339141845
2024-12-13;20.726417541503906;21.224555054798504;20.726417541503906;21.09757970261751;316500;-1.3;-44.139999999999986;-0.013023253955177783;-0.06173414492023821;0.4908;22.045015716552733;-1.3185981750488267
2024-12-16;19.446889877319336;20.882696757561757;19.446889877319336;20.716650911848003;1024800;-6.17;-50.30999999999999;-0.06173414492023821;-0.0035266582586054307;0.4922;21.77690076828003;-2.3300108909606934
2024-12-17;19.378307342529297;19.985715301934196;19.31952448043404;19.456682623375546;1119800;-0.35;-50.65999999999999;-0.0035266582586054307;-0.009099969743540548;0.4675;21.571286487579346;-2.1929791450500495
2024-12-18;19.20196533203125;19.76038952418743;19.20196533203125;19.231354898809343;1635100;-0.91;-51.569999999999986;-0.009099969743540548;-0.009183738338551461;0.4196;21.432552528381347;-2.230587196350097
2024-12-19;19.025619506835938;19.358714950192798;18.565164920366996;19.172572939231195;1150900;-0.92;-52.48999999999999;-0.009183738338551461;0.0633367499075681;0.4048;21.259606075286865;-2.233986568450927
2024-12-20;20.230640411376953;20.240437556087713;19.006025351746214;19.48607423088775;1686900;6.33;-46.15999999999999;0.0633367499075681;-0.0062953711631968945;0.4561;21.109306049346923;-0.87866563796997
2024-12-23;20.103281021118164;20.495157461677003;19.956327589485383;20.2600315973417;595900;-0.63;-46.78999999999999;-0.0062953711631968945;-0.008771897366476322;0.4387;20.99903335571289;-0.8957523345947251
2024-12-26;19.926937103271484;20.260032560739294;19.623233080973545;20.12287626717526;1463900;-0.88;-47.669999999999995;-0.008771897366476322;-0.008849620204118613;0.4357;20.86968774795532;-0.9427506446838372
2024-12-27;19.750591278076172;20.171859152146375;19.584043557365028;20.08368671949846;1058200;-0.88;-48.55;-0.008849620204118613;-0.005456398929289952;0.4342;20.749594497680665;-0.9990032196044929
2024-12-30;19.642824172973633;20.103280616397814;19.56444888643972;19.985716752289832;433600;-0.55;-49.099999999999994;-0.005456398929289952;-0.021945046932576706;0.4257;20.655368518829345;-1.0125443458557122
2025-01-02;19.211761474609375;19.75059134838544;19.035416608685782;19.75059134838544;599200;-2.19;-51.28999999999999;-0.021945046932576706;-0.001019906088818523;0.4277;20.531287097930907;-1.3195256233215318
2025-01-03;19.192167282104492;19.49587129238462;19.06480627002251;19.21176157144238;309000;-0.1;-51.38999999999999;-0.001019906088818523;0.025523187073075215;0.4124;20.37887716293335;-1.1867098808288574
2025-01-06;19.6820125579834;19.828965985219945;19.33911998202198;19.73099641085751;315800;2.55;-48.839999999999996;0.025523187073075215;0.013937435864934455;0.4105;20.29344787597656;-0.6114353179931626
2025-01-07;19.956329345703125;20.201252376183156;19.64282629705257;19.730998737514533;458700;1.39;-47.449999999999996;0.013937435864934455;-0.020127758518126537;0.4036;20.196827507019044;-0.2404981613159194
2025-01-08;19.55465316772461;19.936734352471415;19.201965286915573;19.936734352471415;499400;-2.01;-49.459999999999994;-0.020127758518126537;0.022044093649503882;0.4075;20.085983753204346;-0.5313305854797363
2025-01-09;19.9857177734375;20.03470349790796;19.47627745063068;19.593841320745454;283800;2.2;-47.25999999999999;0.022044093649503882;-0.05490189603782003;0.409;20.026972198486327;-0.041254425048826704
2025-01-10;18.888463973999023;20.18165722054527;18.712119100631018;20.18165722054527;598700;-5.49;-52.74999999999999;-0.05490189603782003;0.005705344696225634;0.4489;19.913097953796388;-1.0246339797973647
2025-01-13;18.99622917175293;19.20196548389858;18.83947858564881;18.859072876065422;438600;0.57;-52.17999999999999;0.005705344696225634;0.008251723606468087;0.4444;19.78849573135376;-0.7922665596008294
2025-01-14;19.15298080444336;19.231356101778122;18.917854912439072;19.08440265285225;190800;0.83;-51.349999999999994;0.008251723606468087;0.0368286057370093;0.439;19.652684688568115;-0.49970388412475586
2025-01-15;19.85835838317871;20.034703251878163;19.172573197928457;19.172573197928457;766100;3.68;-47.669999999999995;0.0368286057370093;-0.03897383076154548;0.4456;19.595607376098634;0.2627510070800767
2025-01-16;19.084402084350586;19.907343616158386;19.084402084350586;19.907343616158386;420000;-3.9;-51.56999999999999;-0.03897383076154548;-0.004106749707142643;0.463;19.513506603240966;-0.42910451889038015
2025-01-17;19.006027221679688;19.29013884040158;18.88846521081264;19.094199664137207;568100;-0.41;-51.97999999999999;-0.004106749707142643;0.0061856775041968515;0.4093;19.491463470458985;-0.4854362487792976
2025-01-20;19.123592376708984;19.38810972172491;18.81009116866697;19.03541992837034;498200;0.62;-51.35999999999999;0.0061856775041968515;0.03534814043507706;0.4099;19.478727722167967;-0.35513534545898295
2025-01-21;19.799575805664062;20.113078837191818;19.064806754355345;19.231354480729895;656900;3.53;-47.82999999999999;0.03534814043507706;0.013854680040228606;0.4273;19.508608245849608;0.29096755981445455
2025-01-22;20.07389259338379;20.23064319308051;19.564452210062168;19.770188540048206;513000;1.39;-46.43999999999999;0.013854680040228606;0.005856619710521205;0.4272;19.561021900177003;0.5128706932067857
2025-01-23;20.191457748413086;20.62252099040504;20.103285296956855;20.279630199869317;500600;0.59;-45.84999999999999;0.005856619710521205;-0.019893371889411204;0.3635;19.55906276702881;0.6323949813842766
2025-01-24;19.78978157043457;20.583331664381983;19.67221769385023;20.240439048676617;526000;-1.99;-47.83999999999999;-0.019893371889411204;0.11039583944747;0.3699;19.543387794494627;0.24639377593994283
2025-01-27;21.974491119384766;21.99408540719269;19.91713761490609;19.91713761490609;1357400;11.04;-36.79999999999999;0.11039583944747;-0.004904191160425619;0.5382;19.645765495300292;2.3287256240844734
2025-01-28;21.866724014282227;22.66027397018054;21.572817176872217;21.837334451709687;907700;-0.49;-37.28999999999999;-0.004904191160425619;0.08467750904294591;0.537;19.751572132110596;2.115151882171631
2025-01-29;23.71834373474121;23.982861037837;21.827539639811555;21.827539639811555;1464800;8.47;-28.819999999999993;0.08467750904294591;-0.005369577417988491;0.6035;19.955348110198976;3.762995624542235
2025-01-30;23.590986251831055;23.904487432275676;23.257890780455035;23.708550128805005;869400;-0.54;-29.359999999999992;-0.005369577417988491;-0.04152825357313772;0.5946;20.17430934906006;3.4166769027709947
2025-01-31;22.61129379272461;23.698752631274406;22.5916995020843;23.600783046687273;767600;-4.15;-33.50999999999999;-0.04152825357313772;-0.011698522880547402;0.6222;20.345265674591065;2.266028118133544
2025-02-03;22.34677505493164;22.6798705001932;22.052868188460515;22.611292355924224;372700;-1.17;-34.67999999999999;-0.011698522880547402;0.004822490262582857;0.6231;20.478503799438478;1.8682712554931626
2025-02-04;22.45454216003418;22.934591046698888;22.09205527451242;22.415353580576987;552300;0.48;-34.199999999999996;0.004822490262582857;-0.059336782968180346;0.6226;20.603414440155028;1.8511277198791518
2025-02-05;21.122161865234375;22.59170006480161;21.112364719670193;22.59170006480161;799200;-5.93;-40.129999999999995;-0.059336782968180346;0.024582593468577496;0.6594;20.681789875030518;0.4403719902038574
2025-02-06;21.641399383544922;21.700180388356568;20.965411288060423;21.161350462251843;674000;2.46;-37.669999999999995;0.024582593468577496;-0.02172932454082488;0.6604;20.764573955535887;0.8768254280090346
2025-02-07;21.171146392822266;22.062666033861937;20.9458157948494;21.543428560083548;904000;-2.17;-39.839999999999996;-0.02172932454082488;0.0004627119569418081;0.6304;20.87870807647705;0.29243831634521555
2025-02-10;21.18094253540039;21.84713154693846;21.073175814018615;21.151551101765108;591300;0.05;-39.79;0.0004627119569418081;0.035152726081444596;0.6308;20.987943744659425;0.19299879074096538
2025-02-11;21.92551040649414;22.043074291572935;21.063382100836364;21.08297639311859;554400;3.52;-36.269999999999996;0.035152726081444596;-0.003574770936458971;0.6391;21.126570224761963;0.7989401817321777
2025-02-12;21.847131729125977;22.32718247276753;21.259318000432504;21.77855358535269;651300;-0.36;-36.629999999999995;-0.003574770936458971;0.006278139814176242;0.6306;21.226008892059326;0.6211228370666504
2025-02-13;21.984291076660156;21.984291076660156;21.33769444516554;21.84713291306643;649800;0.63;-35.99999999999999;0.006278139814176242;0.012923278472336763;0.6083;21.371003341674804;0.6132877349853523
2025-02-14;22.268400192260742;22.660276644595566;22.013680031089525;22.141041045982295;931900;1.29;-34.709999999999994;0.012923278472336763;0.030796343143565386;0.6069;21.534121990203857;0.7342782020568848
2025-02-17;22.954185485839844;23.34606193989097;22.239010723619746;22.278197434717697;605900;3.08;-31.629999999999995;0.030796343143565386;0.047801905239258424;0.6118;21.7256516456604;1.2285338401794448
2025-02-18;24.05143928527832;24.23758129957862;22.75824606722216;23.101138661370822;1179200;4.78;-26.849999999999994;0.047801905239258424;-0.03340110822616016;0.6203;21.938244819641113;2.113194465637207
2025-02-19;23.24809455871582;24.54128791374011;23.110938253975213;23.9534741113578;1030000;-3.34;-30.189999999999994;-0.03340110822616016;-0.0037926941657504543;0.6392;22.096954917907716;1.151139640808104
2025-02-20;23.159921646118164;23.904487898503206;23.091343495135174;23.336266530711264;402200;-0.38;-30.569999999999993;-0.0037926941657504543;0.002115138198005795;0.6406;22.24537811279297;0.9145435333251939
2025-02-21;23.208908081054688;23.248094796260474;22.621092404051684;23.06195462895757;994700;0.21;-30.359999999999992;0.002115138198005795;0.0021104272859182593;0.6328;22.416334438323975;0.7925736427307122
2025-02-24;23.257888793945312;25.178086163081804;23.257888793945312;23.36565551624896;1385500;0.21;-30.14999999999999;0.0021104272859182593;-0.02906485836445838;0.5061;22.480504322052003;0.7773844718933098
2025-02-25;22.58190155029297;23.649766060065637;22.092055513465667;23.189311458149135;995600;-2.91;-33.05999999999999;-0.02906485836445838;-0.024728829621721293;0.5184;22.51626319885254;0.0656383514404304
2025-02-26;22.02347755432129;23.0717477830558;21.74916496728159;22.768043760855697;542200;-2.47;-35.52999999999999;-0.024728829621721293;0.013790152897226848;0.4242;22.43151988983154;-0.4080423355102525
2025-02-27;22.327184677124023;22.51332483756786;21.651196580049294;22.04307306073955;589600;1.38;-34.149999999999984;0.013790152897226848;-0.014480164874475454;0.4285;22.368329811096192;-0.04114513397216868
2025-02-28;22.003883361816406;22.67007427949243;22.003883361816406;22.33697882065442;532800;-1.45;-35.59999999999999;-0.014480164874475454;0.004452526322833661;0.4059;22.33795928955078;-0.334075927734375
2025-03-05;22.101856231689453;22.777844395011574;22.003886634762175;22.532921337000698;533800;0.45;-35.149999999999984;0.004452526322833661;0.03058491657301876;0.4043;22.32571334838867;-0.22385711669921804
2025-03-06;22.77783966064453;22.89540352624458;21.945101062769083;22.101851637826314;612100;3.06;-32.08999999999998;0.03058491657301876;0.019354977010835883;0.4186;22.34187822341919;0.4359614372253411
2025-03-07;23.218704223632812;23.463627256082045;22.336979811924028;22.73865343565161;814400;1.94;-30.14999999999998;0.019354977010835883;0.018143413677553566;0.3567;22.44670534133911;0.7719988822937012
2025-03-10;23.639970779418945;24.12002157774866;22.572108054045547;23.012968400789173;856600;1.81;-28.339999999999982;0.018143413677553566;-0.03273946997426935;0.3527;22.546633911132812;1.0933368682861335
2025-03-11;22.866010665893555;23.914280771908984;22.591696242352995;23.54199864653135;714400;-3.27;-31.60999999999998;-0.03273946997426935;-0.029991220661682694;0.3656;22.631377124786376;0.23463354110717916
2025-03-12;22.18023109436035;22.924797400138313;21.660995417617865;22.78764108833684;783500;-3.0;-34.609999999999985;-0.029991220661682694;0.005300275719936964;0.3851;22.681341552734374;-0.501110458374022
2025-03-13;22.297792434692383;22.464340166544954;21.837337820094987;22.170431415185742;429500;0.53;-34.079999999999984;0.005300275719936964;0.023286498868950067;0.3657;22.699955654144286;-0.4021632194519036
2025-03-14;22.81702995300293;22.81702995300293;22.268401030468834;22.30758961148458;447000;2.33;-31.749999999999986;0.023286498868950067;0.014598382722287973;0.3735;22.748450565338135;0.06857938766479421
2025-03-17;23.150121688842773;23.30687413169895;22.709261399517672;22.826823395892003;538100;1.46;-30.289999999999985;0.014598382722287973;-0.008463722378503125;0.3758;22.806742095947264;0.34337959289550923
2025-03-18;22.954185485839844;23.522406811367556;22.954185485839844;23.061952211434274;625200;-0.85;-31.139999999999986;-0.008463722378503125;0.025497058316168886;0.3758;22.84103136062622;0.11315412521362234
2025-03-19;23.53944969177246;23.797253498285514;22.805701269190283;22.875109622629225;640300;2.55;-28.589999999999986;0.025497058316168886;0.0008426075669707433;0.3709;22.87029457092285;0.6691551208496094
2025-03-20;23.559284210205078;23.89641216261117;23.202324756778385;23.440297095317504;655500;0.08;-28.509999999999987;0.0008426075669707433;0.0;0.3281;22.845686817169188;0.7135973930358901
2025-03-21;23.559284210205078;23.84683341005967;23.380804483491733;23.539452709184477;1071600;0.0;-28.509999999999987;0.0;0.0059072122799419535;0.3047;22.86124629974365;0.6980379104614265
2025-03-24;23.698453903198242;23.897267193080314;23.092075075479567;23.370413302109657;353200;0.59;-27.919999999999987;0.0059072122799419535;-0.030201415473791737;0.3047;22.888172912597657;0.8102809906005852
2025-03-25;22.98272705078125;23.74815377531907;22.98272705078125;23.698451406097703;542400;-3.02;-30.939999999999987;-0.030201415473791737;-0.0073527947225991985;0.3246;22.876863861083983;0.10586318969726705
2025-03-26;22.813739776611328;23.22130533287984;22.6348081868302;22.992669470368323;483100;-0.74;-31.679999999999986;-0.0073527947225991985;-0.011329014285630712;0.3254;22.854656410217284;-0.04091663360595632
2025-03-27;22.555282592773438;22.982729845745542;22.555282592773438;22.724273323110687;623800;-1.13;-32.80999999999999;-0.011329014285630712;-0.012340403725384474;0.3107;22.85332546234131;-0.2980428695678725
2025-03-28;22.276941299438477;22.71432934654527;21.919078179439843;22.565220345220446;830100;-1.23;-34.039999999999985;-0.012340403725384474;0.015171839490500272;0.3005;22.865998649597167;-0.58905735015869
2025-03-31;22.61492347717285;23.12189561561256;22.147714751641615;22.2868829047735;544500;1.52;-32.51999999999998;0.015171839490500272;-0.005274808836464473;0.3013;22.88038558959961;-0.2654621124267571
2025-04-01;22.495634078979492;22.71432904766718;22.18747522749314;22.61492241608403;534300;-0.53;-33.04999999999998;-0.005274808836464473;0.012814952716977412;0.2968;22.904973125457765;-0.4093390464782729
2025-04-02;22.78391456604004;23.39029335073547;22.35646735033827;22.58510129026399;668600;1.28;-31.769999999999982;0.012814952716977412;0.04930193239485248;0.2995;22.939076042175294;-0.15516147613525533
2025-04-03;23.90720558166504;24.09607801295152;22.704390705000208;22.78391563985388;1131900;4.93;-26.839999999999982;0.04930193239485248;-0.009979287969191009;0.3293;22.995544338226317;0.9116612434387221
2025-04-04;23.668628692626953;24.026491815963777;23.330647275258585;23.817737695342682;784200;-1.0;-27.839999999999982;-0.009979287969191009;0.007979900038503684;0.326;23.018040561676024;0.6505881309509292
2025-04-07;23.857501983642578;24.07619506925736;22.64474631537602;23.39029325236485;770400;0.8;-27.03999999999998;0.007979900038503684;-0.009166625227190917;0.321;23.028917121887208;0.8285848617553704
2025-04-08;23.638809204101562;24.334651883353185;23.57916408323296;24.056315570062107;573800;-0.92;-27.959999999999983;-0.009166625227190917;-0.0016821661342388827;0.2986;23.067557048797607;0.5712521553039558
2025-04-09;23.599044799804688;23.986728589060952;23.15171778820681;23.549342430523986;589800;-0.17;-28.129999999999985;-0.0016821661342388827;-0.0202189563212416;0.2745;23.138497734069823;0.4605470657348647
2025-04-10;23.121896743774414;23.87738456168212;23.082133328925806;23.45987818589165;643000;-2.02;-30.149999999999984;-0.0202189563212416;0.027085015978096427;0.2866;23.179702949523925;-0.05780620574951101
2025-04-11;23.748153686523438;23.748153686523438;23.20142004303728;23.261063265084683;310700;2.71;-27.439999999999984;0.027085015978096427;0.002511711629514801;0.2907;23.22625913619995;0.5218945503234877
2025-04-14;23.807802200317383;24.17560433409736;23.65869127989533;24.066256831394284;439400;0.25;-27.189999999999984;0.002511711629514801;0.010020713587288066;0.2869;23.259143161773682;0.5486590385437005
2025-04-15;24.04637336730957;24.20542322198681;23.69845109919418;23.817737542190194;325400;1.0;-26.189999999999984;0.010020713587288066;0.03720549129566586;0.2859;23.313752555847167;0.7326208114624038
2025-04-16;24.941030502319336;25.348596012006944;23.618927335181105;24.056315405098513;884100;3.72;-22.469999999999985;0.03720549129566586;0.0035871049900035867;0.301;23.383831596374513;1.5571989059448228
2025-04-17;25.03049659729004;25.23924883341477;24.255127085918303;24.941030811515457;598000;0.36;-22.109999999999985;0.0035871049900035867;0.0007942429237284276;0.3009;23.45739221572876;1.5731043815612793
2025-04-22;25.050376892089844;25.298892528336673;24.851563624682846;25.020554333171642;269300;0.08;-22.029999999999987;0.0007942429237284276;0.001986506073119898;0.3008;23.531946849822997;1.5184300422668464
2025-04-23;25.100139617919922;25.51814361639477;25.070283409782757;25.189712038899092;461400;0.2;-21.829999999999988;0.001986506073119898;0.0011896166037801414;0.3006;23.60203113555908;1.4981084823608413
2025-04-24;25.1299991607666;25.36885833093625;24.781662159079385;25.289238607546366;391000;0.12;-21.709999999999987;0.0011896166037801414;-0.01663378077724953;0.2741;23.70939474105835;1.4206044197082512
2025-04-25;24.711992263793945;25.329046472000105;24.4233715119357;25.050376523409625;533300;-1.66;-23.369999999999987;-0.01663378077724953;0.01731788508066523;0.2813;23.80430736541748;0.9076848983764663
2025-04-28;25.139951705932617;25.816720299647525;24.632375260646437;24.731900388831086;484400;1.73;-21.639999999999986;0.01731788508066523;-0.004354741731677159;0.2788;23.93354082107544;1.2064108848571777
2025-04-29;25.030473709106445;25.418621516624107;24.871234264380607;25.179760451251433;436700;-0.44;-22.079999999999988;-0.004354741731677159;0.00874750070047825;0.2734;24.071217441558836;0.9592562675476088
2025-04-30;25.249427795410156;25.37880912432853;24.78166029468757;25.060330254729028;354200;0.87;-21.209999999999987;0.00874750070047825;0.005518292378923206;0.2715;24.202942657470704;1.0464851379394524
2025-05-02;25.388761520385742;25.557953655107397;24.94089942898026;25.249427491185717;450300;0.55;-20.659999999999986;0.005518292378923206;-0.07095254812496377;0.2684;24.347599029541016;1.0411624908447266
2025-05-05;23.587364196777344;23.885937658191224;21.666536406372394;23.43807556778663;2489200;-7.1;-27.759999999999984;-0.07095254812496377;0.0025316635847023594;0.3818;24.38777151107788;-0.8004073143005357
2025-05-06;23.647079467773438;24.483087471554608;23.388314904861755;23.587365152727312;1101800;0.25;-27.509999999999984;0.0025316635847023594;-0.021885435251833396;0.3386;24.3747652053833;-0.727685737609864
2025-05-07;23.129552841186523;23.756559860914827;22.811073928815855;23.686890937835194;1054100;-2.19;-29.699999999999985;-0.021885435251833396;0.013769129827311932;0.3457;24.34781141281128;-1.2182585716247551
2025-05-08;23.448026657104492;23.985461128631105;22.731449260019318;23.039975402034425;767300;1.38;-28.319999999999986;0.013769129827311932;0.0012734352141157146;0.3482;24.327337646484374;-0.8793109893798814
2025-05-09;23.477886199951172;23.696839943469378;23.189263544224495;23.40821918602646;504100;0.13;-28.189999999999987;0.0012734352141157146;0.0038152844374448325;0.3468;24.319291496276854;-0.8414052963256822
2025-05-12;23.567461013793945;23.915798017121514;23.408221566264306;23.487841290029127;502200;0.38;-27.809999999999988;0.0038152844374448325;0.03378369793083391;0.347;24.31771230697632;-0.750251293182373
2025-05-13;24.363656997680664;24.363656997680664;23.487840081337467;23.577412503248954;365900;3.38;-24.42999999999999;0.03378369793083391;-0.02777774080909079;0.3577;24.37980031967163;-0.016143321990966797
2025-05-14;23.6868896484375;24.602517420802933;23.288791029644692;24.393516357793192;478600;-2.78;-27.20999999999999;-0.02777774080909079;0.007142827234169813;0.3615;24.376737117767334;-0.689847469329834
2025-05-15;23.856081008911133;23.94565343245955;23.627174547969126;23.94565343245955;292000;0.71;-26.49999999999999;0.007142827234169813;0.01001242698655691;0.3622;24.37915105819702;-0.523070049285888
2025-05-16;24.094938278198242;24.234274202922652;23.587363782369017;23.85607913360692;515500;1.0;-25.49999999999999;0.01001242698655691;0.0061959106562206046;0.3622;24.381579303741454;-0.28664102554321147
2025-05-19;24.24422836303711;24.433324010786748;23.955605692865785;24.174561345625783;981100;0.62;-24.87999999999999;0.0061959106562206046;0.0012314571411533581;0.3362;24.346739196777342;-0.10251083374023295
2025-05-20;24.274084091186523;24.483087037568968;24.094939250939802;24.22432247924413;303800;0.12;-24.759999999999987;0.0012314571411533581;-0.019680101796149763;0.3358;24.30891857147217;-0.03483448028564595
2025-05-21;23.796367645263672;24.502994359513103;23.796367645263672;24.28403869394772;378100;-1.97;-26.729999999999986;-0.019680101796149763;0.008364679809075737;0.3419;24.246218109130858;-0.4498504638671861
2025-05-22;23.99541664123535;24.463182259631623;23.487840213639128;23.776460987203336;1300000;0.84;-25.889999999999986;0.008364679809075737;-0.0195182881710112;0.3437;24.190981960296632;-0.19556531906128072
2025-05-23;23.527067184448242;24.025310864588874;23.138435821497364;23.995415559546867;1036300;-1.95;-27.839999999999986;-0.0195182881710112;-0.005929812981137594;0.349;24.110835361480714;-0.5837681770324714
2025-05-26;23.387556076049805;23.816045916025846;23.387556076049805;23.517100488467463;187600;-0.59;-28.429999999999986;-0.005929812981137594;0.017469191958939145;0.3455;24.044613552093505;-0.6570574760437005
2025-05-27;23.796117782592773;23.99541601872231;23.41745341472526;23.41745341472526;371500;1.75;-26.679999999999986;0.017469191958939145;0.0004187233123000844;0.3456;23.977421855926515;-0.18130407333374166
2025-05-28;23.806081771850586;24.02531020147687;23.50713633227679;23.925661088069354;170700;0.04;-26.639999999999986;0.0004187233123000844;0.008371762331684351;0.3457;23.91620225906372;-0.11012048721313406
2025-05-29;24.005380630493164;24.075134441519737;23.377592529956402;23.417452936628045;311200;0.84;-25.799999999999986;0.008371762331684351;-0.012868459866421711;0.3456;23.853999900817872;0.15138072967529226
2025-05-30;23.696468353271484;24.095062887675613;23.47723993386272;24.095062887675613;387100;-1.29;-27.089999999999986;-0.012868459866421711;-0.01850291223906686;0.3462;23.769385242462157;-0.07291688919067241
2025-06-02;23.258014678955078;24.035275488766374;23.218154273024297;23.915696171622802;363300;-1.85;-28.939999999999987;-0.01850291223906686;0.0029992050122118474;0.2455;23.752917766571045;-0.4949030876159668
2025-06-03;23.327770233154297;23.43738445701221;23.01885966668525;23.258016418207955;340800;0.3;-28.639999999999986;0.0029992050122118474;0.0017086833130697254;0.2456;23.736952304840088;-0.409182071685791
2025-06-04;23.367630004882812;23.86587369879802;23.367630004882812;23.477242325102935;242700;0.17;-28.469999999999985;0.0017086833130697254;0.0038379387510032448;0.2324;23.748856163024904;-0.38122615814209126
2025-06-05;23.457313537597656;23.79611749386894;23.238085100385344;23.7662240892664;439500;0.38;-28.089999999999986;0.0038379387510032448;-0.0016992470883175903;0.2275;23.74932050704956;-0.2920069694519043
2025-06-06;23.41745376586914;23.52706798744893;23.06868279773706;23.457314173952287;417900;-0.17;-28.259999999999987;-0.0016992470883175903;-0.009361685491089844;0.2276;23.74629888534546;-0.3288451194763198
2025-06-09;23.198226928710938;23.37759306086032;22.899279573830942;22.91920977761938;733200;-0.94;-29.19999999999999;-0.009361685491089844;0.007731847724063101;0.2294;23.72783718109131;-0.5296102523803725
2025-06-10;23.377592086791992;23.52706670832829;23.24804956886247;23.317803378566733;335100;0.77;-28.42999999999999;0.007731847724063101;-0.011935047844869762;0.1933;23.678533935546874;-0.3009418487548814
2025-06-11;23.09857940673828;23.47724380164346;22.9192113615441;23.38755977904637;371200;-1.19;-29.61999999999999;-0.011935047844869762;0.006471016261518692;0.1723;23.649118423461914;-0.5505390167236328
2025-06-12;23.248050689697266;23.40748851975062;22.978998638738915;23.128471366832823;496500;0.65;-28.96999999999999;0.006471016261518692;-0.00942981984750757;0.1719;23.61871690750122;-0.37066621780395437
2025-06-13;23.028825759887695;23.208193806410506;22.819562405394755;23.1185097831491;232000;-0.94;-29.909999999999993;-0.00942981984750757;0.006057776477986998;0.1688;23.565411281585693;-0.5365855216979973
2025-06-16;23.1683292388916;23.248048145193025;22.998926325419998;23.138433936285324;281300;0.61;-29.299999999999994;0.006057776477986998;0.006451699477981077;0.1688;23.51161632537842;-0.3432870864868178
2025-06-17;23.31780433654785;23.457313862336708;23.078647593172608;23.16833160951943;347200;0.65;-28.649999999999995;0.006451699477981077;-0.0025641203918612687;0.1712;23.463802337646484;-0.1459980010986328
2025-06-18;23.258014678955078;23.517101615558843;23.18826086922498;23.33773359016787;273500;-0.26;-28.909999999999997;-0.0025641203918612687;-0.00042841099704127306;0.1579;23.436884689331055;-0.17887001037597727
2025-06-20;23.248050689697266;23.387558315831733;22.899279723712237;23.258015791656707;1185300;-0.04;-28.949999999999996;-0.00042841099704127306;-0.016309075129911643;0.154;23.39951639175415;-0.15146570205688548
2025-06-23;22.868896484375;23.347825795344047;22.868896484375;23.24804837978485;351500;-1.63;-30.579999999999995;-0.016309075129911643;0.04188487832413457;0.1494;23.366607856750488;-0.49771137237548757
2025-06-24;23.826757431030273;23.826757431030273;22.799055088859166;22.96867614093053;1124100;4.19;-26.389999999999993;0.04188487832413457;0.002931376616693848;0.2129;23.38856792449951;0.4381895065307617
2025-06-25;23.896602630615234;24.39548784709492;23.717003648187177;23.82675710170738;576400;0.29;-26.099999999999994;0.002931376616693848;-0.01920669834752231;0.2041;23.393592166900635;0.5030104637145989
2025-06-26;23.4376277923584;24.016334580943933;23.218118977065995;24.016334580943933;506100;-1.92;-28.019999999999996;-0.01920669834752231;0.01745416915451381;0.2155;23.375169467926025;0.06245832443237376
2025-06-27;23.846712112426758;23.946489532765817;23.317895019892955;23.317895019892955;454300;1.75;-26.269999999999996;0.01745416915451381;0.004184188099302988;0.2229;23.367236042022704;0.47947607040405416
2025-06-30;23.946491241455078;24.225867657719995;23.677092758245635;23.846713813996452;1838300;0.42;-25.849999999999994;0.004184188099302988;0.03124997510923655;0.2182;23.379737186431885;0.5667540550231926
2025-07-01;24.6948184967041;24.6948184967041;23.866669104049585;24.036290155706347;1290800;3.12;-22.729999999999993;0.03124997510923655;-0.031111212720405845;0.2315;23.451577377319335;1.2432411193847663
2025-07-02;23.926532745361328;24.69481637831871;23.37775980930373;24.69481637831871;735900;-3.11;-25.839999999999993;-0.031111212720405845;0.003336151590901837;0.2614;23.48151550292969;0.4450172424316392
2025-07-03;24.00635528564453;24.42541892967256;23.75691268570156;23.966445459263582;324900;0.33;-25.509999999999994;0.003336151590901837;0.015793909604803424;0.2615;23.513451766967773;0.4929035186767585
2025-07-04;24.385509490966797;24.435397250510093;23.896602215677564;24.00635566729202;423900;1.58;-23.929999999999993;0.015793909604803424;0.03518818493190867;0.2663;23.55986156463623;0.8256479263305678
2025-07-07;25.24359130859375;25.24359130859375;24.295710534785762;24.395487959159254;403300;3.52;-20.409999999999993;0.03518818493190867;0.013834017181225011;0.2905;23.651168441772462;1.5924228668212876
2025-07-08;25.592811584472656;25.592811584472656;24.614997003173226;25.233615517664433;488300;1.38;-19.029999999999994;0.013834017181225011;0.044834239131244846;0.2881;23.770897674560548;1.8219139099121087
2025-07-09;26.740245819091797;27.129377567164568;25.552900419522672;25.562878351842077;1589600;4.48;-14.549999999999994;0.044834239131244846;0.010074688346806138;0.3208;23.939030361175536;2.8012154579162605
2025-07-10;27.009645462036133;27.069511155471112;26.051786754692174;26.341139192207965;1187000;1.01;-13.539999999999994;0.010074688346806138;-0.01182119724171593;0.3131;24.13458366394043;2.875061798095704
2025-07-11;26.690359115600586;27.199222265428425;25.912097491788114;27.119400706814023;1197400;-1.18;-14.719999999999994;-0.01182119724171593;-0.037009354743849476;0.3209;24.306699085235596;2.3836600303649895
2025-07-14;25.702566146850586;26.840023812202485;25.463101475360506;26.840023812202485;900700;-3.7;-18.419999999999995;-0.037009354743849476;-0.007375730276477865;0.3531;24.44038610458374;1.262180042266845
2025-07-15;25.512990951538086;25.9520104970235;25.31343799675102;25.752455639140265;372500;-0.74;-19.159999999999993;-0.007375730276477865;0.0082127487308572;0.3562;24.557619190216066;0.9553717613220201
2025-07-16;25.722522735595703;25.96198741382291;25.473080124555352;25.542923751151275;303100;0.82;-18.339999999999993;0.0082127487308572;-0.0031032158510930774;0.3563;24.67785511016846;1.0446676254272447
2025-07-17;25.6427001953125;25.862208999516852;25.433167420443596;25.542922774093785;263300;-0.31;-18.64999999999999;-0.0031032158510930774;-0.0377432282864828;0.3565;24.79708938598633;0.8456108093261712
2025-07-18;24.674861907958984;25.79236561020059;24.395487409720612;25.443145584306585;774100;-3.77;-22.41999999999999;-0.0377432282864828;-0.007682928318693105;0.3875;24.868429946899415;-0.1935680389404304
2025-07-21;24.485286712646484;24.964216051486037;24.225866178334385;24.74470534386256;329900;-0.77;-23.18999999999999;-0.007682928318693105;0.01629994745018082;0.3829;24.949249458312988;-0.4639627456665032
2025-07-22;24.884395599365234;25.592811706617425;24.48528779928681;24.515219694857624;910800;1.63;-21.55999999999999;0.01629994745018082;0.010024075256446219;0.359;25.002131366729735;-0.11773576736450053
2025-07-23;25.133838653564453;25.32341367249492;24.465332363035394;24.465332363035394;143500;1.0;-20.55999999999999;0.010024075256446219;0.004769464620026698;0.3601;25.063993167877197;0.06984548568725657
2025-07-24;25.253713607788086;25.253713607788086;24.494503655227675;24.494503655227675;393400;0.48;-20.07999999999999;0.004769464620026698;0.009098036822502653;0.3506;25.15479745864868;0.09891614913940572
2025-07-25;25.48347282409668;25.823119416449615;24.96401310574923;24.97400293556728;392000;0.91;-19.16999999999999;0.009098036822502653;-0.03606425990774875;0.3476;25.23663549423218;0.24683732986450124
2025-07-28;24.564430236816406;25.66328678270548;24.23477346358621;25.47348382073498;828100;-3.61;-22.77999999999999;-0.03606425990774875;0.010980107208446555;0.3749;25.267532444000246;-0.7031022071838393
2025-07-29;24.834150314331055;24.964014297434513;24.314690571186606;24.684304765272433;565900;1.1;-21.67999999999999;0.010980107208446555;-0.004827097366125188;0.3602;25.274499034881593;-0.44034872055053853
2025-07-30;24.71427345275879;25.073899710224453;24.244762876351587;24.69429379281842;555600;-0.48;-22.15999999999999;-0.004827097366125188;-0.017380805728187565;0.3411;25.313886070251463;-0.5996126174926744
2025-07-31;24.284719467163086;24.674315201324756;23.885135808735253;24.674315201324756;444100;-1.74;-23.899999999999988;-0.017380805728187565;-0.005758869234327113;0.3478;25.327804279327392;-1.043084812164306
2025-08-01;24.144866943359375;24.98399362323591;24.144866943359375;24.714273924983036;414700;-0.58;-24.479999999999986;-0.005758869234327113;-0.0016549668279870478;0.3439;25.315772151947023;-1.170905208587648
2025-08-04;24.104907989501953;24.624367733589818;23.96505417584957;24.46453425931129;247200;-0.17;-24.649999999999988;-0.0016549668279870478;-0.010360570581505746;0.3173;25.258837985992432;-1.1539299964904792
2025-08-05;23.855167388916016;24.304700215646484;23.73529323869807;24.144866745112374;248600;-1.04;-25.689999999999987;-0.010360570581505746;0.014656618089517792;0.3128;25.1719557762146;-1.3167883872985833
2025-08-06;24.204803466796875;24.534460233130673;23.865156870529905;23.965053264496408;396700;1.47;-24.219999999999988;0.014656618089517792;0.00536528406605119;0.266;25.045183658599854;-0.8403801918029785
2025-08-07;24.33466911315918;24.564429483284982;23.975042860534295;24.214793060495815;323700;0.54;-23.67999999999999;0.00536528406605119;-0.0012315047958694203;0.263;24.911434841156005;-0.5767657279968255
2025-08-08;24.30470085144043;24.574420554534388;23.77525127559288;24.35464809777695;421800;-0.12;-23.79999999999999;-0.0012315047958694203;0.16235099366592376;0.2621;24.792151927947998;-0.48745107650756836
2025-08-11;28.250593185424805;28.82998998508382;25.6732761241326;25.962973571279484;2892200;16.24;-7.559999999999992;0.16235099366592376;0.03606784671342367;0.6307;24.91955327987671;3.3310399055480957
2025-08-12;29.26953125;30.2585034622854;28.829990161612322;28.829990161612322;1899400;3.61;-3.9499999999999917;0.03606784671342367;-0.005802029811157072;0.6378;25.107380294799803;4.162150955200197
2025-08-13;29.099708557128906;29.72905452352099;28.77005178128339;29.189615123756347;920800;-0.58;-4.529999999999991;-0.005802029811157072;-0.010641932149096145;0.6396;25.276239585876464;3.823468971252442
2025-08-14;28.79003143310547;29.219584605671216;27.890967672465564;28.710114696723373;518400;-1.06;-5.589999999999991;-0.010641932149096145;0.005551643842550025;0.6417;25.433606147766113;3.3564252853393555
2025-08-15;28.94986343383789;29.509282465432722;28.690133577461403;28.86994670151937;545700;0.56;-5.0299999999999905;0.005551643842550025;0.008971762278540574;0.6201;25.647356224060058;3.3025072097778327
2025-08-18;29.2095947265625;29.759023955464418;28.82999070572424;28.959854687615795;781600;0.9;-4.12999999999999;0.008971762278540574;-0.004787962053618089;0.6171;25.88357162475586;3.3260231018066406
2025-08-19;29.069740295410156;29.119687539989723;28.62020747273307;28.929884580929926;588500;-0.48;-4.6099999999999905;-0.004787962053618089;-0.00343640762799291;0.6186;26.092838859558107;2.9769014358520494
2025-08-20;28.969844818115234;29.249554350566477;28.66016770011353;29.069741215802487;401900;-0.34;-4.94999999999999;-0.00343640762799291;-0.0051724517073462595;0.6199;26.284639167785645;2.685205650329589
2025-08-21;28.81999969482422;29.009802650150142;28.32051963739352;28.969843330980385;466500;-0.52;-5.46999999999999;-0.0051724517073462595;0.009368510084063697;0.6216;26.46295347213745;2.357046222686769
2025-08-22;29.09000015258789;29.399999618530273;28.65999984741211;28.950000762939453;642500;0.94;-4.5299999999999905;0.009368510084063697;0.021313129207034764;0.6216;26.643279838562012;2.446720314025878
2025-08-25;29.709999084472656;30.1200008392334;29.290000915527344;29.299999237060547;468500;2.13;-2.3999999999999906;0.021313129207034764;-0.008414675452839582;0.6015;26.900558280944825;2.8094408035278313
2025-08-26;29.459999084472656;30.1299991607666;29.190000534057617;29.690000534057617;391800;-0.84;-3.2399999999999904;-0.008414675452839582;0.002036706556540313;0.6051;27.131850719451904;2.328148365020752
2025-08-27;29.520000457763672;29.979999542236328;29.239999771118164;29.479999542236328;729500;0.2;-3.0399999999999903;0.002036706556540313;0.0030487856094940646;0.6035;27.37213706970215;2.1478633880615234
2025-08-28;29.610000610351562;30.100000381469727;29.610000610351562;29.770000457763672;1198200;0.3;-2.7399999999999904;0.0030487856094940646;;0.5957;27.638401126861574;1.9715994834899888
