Date;Close;High;Low;Open;Volume;ret;tret;Returns;Target;Vol;MM20;Detrend
2025-03-17;1.2000000476837158;1.2100000381469727;1.1799999475479126;1.2000000476837158;1240700;;;;0.00833332505491069;;;
2025-03-18;1.2100000381469727;1.2100000381469727;1.190000057220459;1.2000000476837158;1095200;0.83;0.83;0.00833332505491069;0.024793364003288243;;;
2025-03-19;1.2400000095367432;1.2400000095367432;1.2000000476837158;1.2000000476837158;2932700;2.48;3.31;0.024793364003288243;0.016129016752173708;;;
2025-03-20;1.2599999904632568;1.2599999904632568;1.2300000190734863;1.2400000095367432;1777000;1.61;4.92;0.016129016752173708;0.007936500427734305;;;
2025-03-21;1.2699999809265137;1.2999999523162842;1.25;1.2699999809265137;2432100;0.79;5.71;0.007936500427734305;-0.023622025071121988;;;
2025-03-24;1.2400000095367432;1.3200000524520874;1.2400000095367432;1.3200000524520874;2895100;-2.36;3.35;-0.023622025071121988;0.016129016752173708;;;
2025-03-25;1.2599999904632568;1.2899999618530273;1.2300000190734863;1.2899999618530273;3084300;1.61;4.96;0.016129016752173708;-0.01587300085546861;;;
2025-03-26;1.2400000095367432;1.2799999713897705;1.2300000190734863;1.2799999713897705;2150500;-1.59;3.37;-0.01587300085546861;-0.11290321340173892;;;
2025-03-27;1.100000023841858;1.190000057220459;1.100000023841858;1.190000057220459;7017400;-11.29;-7.919999999999999;-0.11290321340173892;-0.03636370926848953;;;
2025-03-28;1.059999942779541;1.100000023841858;1.0099999904632568;1.100000023841858;5698500;-3.64;-11.559999999999999;-0.03636370926848953;-0.056603722658898126;;;
2025-03-31;1.0;1.0499999523162842;1.0;1.0299999713897705;4595000;-5.66;-17.22;-0.056603722658898126;-0.009999990463256836;;;
2025-04-01;0.9900000095367432;1.0299999713897705;0.9800000190734863;1.0;3836000;-1.0;-18.22;-0.009999990463256836;-0.030303061318608826;;;
2025-04-02;0.9599999785423279;1.0;0.949999988079071;1.0;3371500;-3.03;-21.25;-0.030303061318608826;-0.010416656965389626;;;
2025-04-03;0.949999988079071;0.949999988079071;0.9300000071525574;0.949999988079071;2300400;-1.04;-22.29;-0.010416656965389626;-0.04210522353153756;;;
2025-04-04;0.9100000262260437;0.9399999976158142;0.8999999761581421;0.9399999976158142;2889500;-4.21;-26.5;-0.04210522353153756;-0.12087913311531129;;;
2025-04-07;0.800000011920929;0.8899999856948853;0.7799999713897705;0.8899999856948853;12639700;-12.09;-38.59;-0.12087913311531129;-0.09999997764825852;;;
2025-04-08;0.7200000286102295;0.8399999737739563;0.7099999785423279;0.8199999928474426;9700000;-10.0;-48.59;-0.09999997764825852;-0.02777783296726144;;;
2025-04-09;0.699999988079071;0.7300000190734863;0.6800000071525574;0.7200000286102295;9635400;-2.78;-51.370000000000005;-0.02777783296726144;-0.15714288025486267;;;
2025-04-10;0.5899999737739563;0.75;0.5799999833106995;0.699999988079071;26377900;-15.71;-67.08000000000001;-0.15714288025486267;-0.18644065998710724;;;
2025-04-11;0.47999998927116394;0.6000000238418579;0.46000000834465027;0.5899999737739563;40969000;-18.64;-85.72000000000001;-0.18644065998710724;0.4375000271635756;;1.009000001847744;-0.5290000125765801
2025-04-14;0.6899999976158142;0.7300000190734863;0.47999998927116394;0.49000000953674316;47866600;43.75;-41.97000000000001;0.4375000271635756;-0.07246378564303779;1.9602;0.983499999344349;-0.29350000172853474
2025-04-15;0.6399999856948853;0.75;0.6100000143051147;0.7099999785423279;24607400;-7.25;-49.22000000000001;-0.07246378564303779;-0.046874956344253316;1.9651;0.9549999967217445;-0.31500001102685926
2025-04-16;0.6100000143051147;0.6600000262260437;0.5899999737739563;0.6399999856948853;14655500;-4.69;-53.91000000000001;-0.046874956344253316;0.0;1.9575;0.9234999969601632;-0.3134999826550484
2025-04-17;0.6100000143051147;0.6299999952316284;0.6000000238418579;0.6200000047683716;3135100;0.0;-53.91000000000001;0.0;-0.01639342660450327;1.9534;0.8909999981522561;-0.2809999838471413
2025-04-22;0.6000000238418579;0.6200000047683716;0.5799999833106995;0.6200000047683716;6401600;-1.64;-55.55000000000001;-0.01639342660450327;0.0;1.9491;0.8575000002980232;-0.2574999764561653
2025-04-23;0.6000000238418579;0.6399999856948853;0.6000000238418579;0.6299999952316284;2543400;0.0;-55.55000000000001;0.0;-0.016666749450892193;1.9521;0.8255000010132789;-0.225499977171421
2025-04-24;0.5899999737739563;0.6100000143051147;0.5799999833106995;0.6000000238418579;2961200;-1.67;-57.22000000000001;-0.016666749450892193;0.016949238156632296;1.9454;0.7920000001788139;-0.2020000264048576
2025-04-25;0.6000000238418579;0.6399999856948853;0.5899999737739563;0.5899999737739563;4611500;1.69;-55.530000000000015;0.016949238156632296;0.0;1.9523;0.7600000008940697;-0.1599999770522118
2025-04-28;0.6000000238418579;0.6100000143051147;0.5899999737739563;0.6000000238418579;1924400;0.0;-55.530000000000015;0.0;-0.050000049670535285;1.9292;0.7350000008940697;-0.13499997705221178
2025-04-29;0.5699999928474426;0.6100000143051147;0.5600000023841858;0.6000000238418579;4219600;-5.0;-60.530000000000015;-0.050000049670535285;0.0;1.931;0.7105000033974648;-0.14050001055002215
2025-04-30;0.5699999928474426;0.5899999737739563;0.5699999928474426;0.5799999833106995;1998600;0.0;-60.530000000000015;0.0;0.0;1.929;0.6890000030398369;-0.11900001019239426
2025-05-02;0.5699999928474426;0.5799999833106995;0.5600000023841858;0.5799999833106995;2084900;0.0;-60.530000000000015;0.0;0.17543864052051372;1.9301;0.6680000022053718;-0.09800000935792919
2025-05-05;0.6700000166893005;0.6899999976158142;0.5699999928474426;0.5699999928474426;8150100;17.54;-42.990000000000016;0.17543864052051372;-0.10447759866236506;2.0515;0.6535000041127205;0.01650001257658007
2025-05-06;0.6000000238418579;0.7200000286102295;0.6000000238418579;0.6800000071525574;7266100;-10.45;-53.44000000000001;-0.10447759866236506;0.0166666501098216;2.0782;0.6360000059008598;-0.0359999820590019
2025-05-07;0.6100000143051147;0.6200000047683716;0.5899999737739563;0.6100000143051147;2176100;1.67;-51.77000000000001;0.0166666501098216;0.06557370641801308;2.0788;0.6210000053048134;-0.010999990999698617
2025-05-08;0.6499999761581421;0.6700000166893005;0.6100000143051147;0.6100000143051147;5453200;6.56;-45.21000000000001;0.06557370641801308;0.03076929425347008;2.0552;0.613500003516674;0.03649997264146809
2025-05-09;0.6700000166893005;0.699999988079071;0.6299999952316284;0.6700000166893005;9657500;3.08;-42.13000000000001;0.03076929425347008;-0.04477616454795885;2.0258;0.6110000029206276;0.05900001376867292
2025-05-12;0.6399999856948853;0.7099999785423279;0.6399999856948853;0.7099999785423279;3219700;-4.48;-46.610000000000014;-0.04477616454795885;0.0;2.0302;0.6080000028014183;0.03199998289346695
2025-05-13;0.6399999856948853;0.6600000262260437;0.6200000047683716;0.6499999761581421;2815200;0.0;-46.610000000000014;0.0;0.09375000582076631;1.9411;0.6105000033974648;0.029499982297420457
2025-05-14;0.699999988079071;0.75;0.6499999761581421;0.6499999761581421;11528400;9.38;-37.23000000000001;0.09375000582076631;-0.057142803620318094;1.8152;0.6215000033378602;0.0784999847412109
2025-05-15;0.6600000262260437;0.800000011920929;0.6600000262260437;0.7799999713897705;14628700;-5.71;-42.94000000000001;-0.057142803620318094;0.030303000199675578;0.9776;0.6200000047683716;0.04000002145767212
2025-05-16;0.6800000071525574;0.7200000286102295;0.6299999952316284;0.6600000262260437;7643000;3.03;-39.91000000000001;0.030303000199675578;-0.014705868173635728;0.9447;0.6220000058412551;0.05800000131130223
2025-05-19;0.6700000166893005;0.7099999785423279;0.6600000262260437;0.6800000071525574;4586800;-1.47;-41.38000000000001;-0.014705868173635728;-0.04477616454795885;0.9282;0.6250000059604645;0.04500001072883608
2025-05-20;0.6399999856948853;0.6800000071525574;0.6299999952316284;0.6700000166893005;4512900;-4.48;-45.860000000000014;-0.04477616454795885;-0.046874956344253316;0.9457;0.626500004529953;0.013499981164932229
2025-05-21;0.6100000143051147;0.6399999856948853;0.6100000143051147;0.6399999856948853;5089500;-4.69;-50.55000000000001;-0.046874956344253316;0.03278685320900654;0.9605;0.6270000040531158;-0.0169999897480011
2025-05-22;0.6299999952316284;0.6499999761581421;0.6100000143051147;0.6200000047683716;6082100;3.28;-47.27000000000001;0.03278685320900654;0.0;0.9664;0.6285000026226044;0.0014999926090240034
2025-05-23;0.6299999952316284;0.6399999856948853;0.6100000143051147;0.6200000047683716;2096500;0.0;-47.27000000000001;0.0;-0.01587300085546861;0.9634;0.630500003695488;-0.0005000084638595581
2025-05-26;0.6200000047683716;0.6499999761581421;0.6100000143051147;0.6299999952316284;3020500;-1.59;-48.860000000000014;-0.01587300085546861;0.0;0.9651;0.6315000027418136;-0.011499997973442033
2025-05-27;0.6200000047683716;0.6299999952316284;0.6100000143051147;0.6299999952316284;1116500;0.0;-48.860000000000014;0.0;0.032258033504347416;0.9651;0.6325000017881394;-0.012499997019767783
2025-05-28;0.6399999856948853;0.6600000262260437;0.6200000047683716;0.6200000047683716;4578400;3.23;-45.63000000000002;0.032258033504347416;-0.015624985448084439;0.9488;0.6360000014305115;0.003999984264373757
2025-05-29;0.6299999952316284;0.6700000166893005;0.6200000047683716;0.6399999856948853;3654900;-1.56;-47.19000000000002;-0.015624985448084439;0.0;0.952;0.6390000015497208;-0.00900000631809239
2025-05-30;0.6299999952316284;0.6499999761581421;0.6200000047683716;0.6399999856948853;3577200;0.0;-47.19000000000002;0.0;0.0;0.952;0.64200000166893;-0.012000006437301591
2025-06-02;0.6299999952316284;0.6399999856948853;0.6200000047683716;0.6299999952316284;1221600;0.0;-47.19000000000002;0.0;0.01587300085546861;0.7133;0.6400000005960464;-0.01000000536441803
2025-06-03;0.6399999856948853;0.6399999856948853;0.6200000047683716;0.6299999952316284;1847400;1.59;-45.600000000000016;0.01587300085546861;-0.015624985448084439;0.6037;0.6419999986886978;-0.0020000129938125832
2025-06-04;0.6299999952316284;0.6399999856948853;0.6200000047683716;0.6399999856948853;1217100;-1.56;-47.16000000000002;-0.015624985448084439;0.0952380997433595;0.6055;0.6429999977350235;-0.013000002503395058
2025-06-05;0.6899999976158142;0.699999988079071;0.6200000047683716;0.6299999952316284;10169100;9.52;-37.640000000000015;0.0952380997433595;-0.028985479703797723;0.6539;0.6449999988079071;0.04499999880790706
2025-06-06;0.6700000166893005;0.7300000190734863;0.6399999856948853;0.7099999785423279;7397800;-2.9;-40.54000000000001;-0.028985479703797723;-0.014925358528601551;0.6556;0.6449999988079071;0.025000017881393388
2025-06-09;0.6600000262260437;0.6800000071525574;0.6399999856948853;0.6600000262260437;2052400;-1.49;-42.030000000000015;-0.014925358528601551;0.07575750049918883;0.6363;0.6460000008344651;0.01400002539157863
2025-06-10;0.7099999785423279;0.75;0.6399999856948853;0.6700000166893005;9178100;7.58;-34.45000000000002;0.07575750049918883;0.0;0.6875;0.6495000004768372;0.06049997806549068
2025-06-11;0.7099999785423279;0.7400000095367432;0.6899999976158142;0.7200000286102295;3139300;0.0;-34.45000000000002;0.0;0.028169072021973385;0.6044;0.65;0.05999997854232786
2025-06-12;0.7300000190734863;0.75;0.699999988079071;0.7099999785423279;4285800;2.82;-31.630000000000017;0.028169072021973385;-0.027397315080268658;0.5697;0.6534999996423722;0.07650001943111417
2025-06-13;0.7099999785423279;0.7400000095367432;0.7099999785423279;0.7300000190734863;1804900;-2.74;-34.37000000000002;-0.027397315080268658;-0.056337976143534085;0.5734;0.6549999982118606;0.05499998033046727
2025-06-16;0.6700000166893005;0.7300000190734863;0.6700000166893005;0.7200000286102295;7381400;-5.63;-40.00000000000002;-0.056337976143534085;-0.0298508060193573;0.6082;0.6549999982118606;0.015000018477439925
2025-06-17;0.6499999761581421;0.6800000071525574;0.6499999761581421;0.6700000166893005;2732600;-2.99;-42.99000000000002;-0.0298508060193573;0.0;0.5956;0.6554999977350235;-0.005500021576881453
2025-06-18;0.6499999761581421;0.6700000166893005;0.6399999856948853;0.6499999761581421;2903900;0.0;-42.99000000000002;0.0;-0.030769202554013275;0.5678;0.6574999958276748;-0.0075000196695327315
2025-06-20;0.6299999952316284;0.6499999761581421;0.6200000047683716;0.6499999761581421;2600300;-3.08;-46.07000000000002;-0.030769202554013275;0.01587300085546861;0.5695;0.6574999958276748;-0.027500000596046403
2025-06-23;0.6399999856948853;0.6399999856948853;0.6200000047683716;0.6299999952316284;1895200;1.59;-44.48000000000002;0.01587300085546861;-0.015624985448084439;0.5721;0.6579999953508378;-0.018000009655952498
2025-06-24;0.6299999952316284;0.6499999761581421;0.6299999952316284;0.6399999856948853;1186800;-1.56;-46.04000000000002;-0.015624985448084439;0.01587300085546861;0.572;0.6584999948740006;-0.028499999642372154
2025-06-25;0.6399999856948853;0.6600000262260437;0.6299999952316284;0.6299999952316284;12531900;1.59;-44.45000000000002;0.01587300085546861;0.0;0.5742;0.6594999939203262;-0.019500008225440957
2025-06-26;0.6399999856948853;0.6499999761581421;0.6399999856948853;0.6499999761581421;617000;0.0;-44.45000000000002;0.0;0.0;0.5631;0.6594999939203262;-0.019500008225440957
2025-06-27;0.6399999856948853;0.6499999761581421;0.6299999952316284;0.6399999856948853;1029400;0.0;-44.45000000000002;0.0;0.0;0.5599;0.659999993443489;-0.020000007748603776
2025-06-30;0.6399999856948853;0.6499999761581421;0.6299999952316284;0.6299999952316284;982400;0.0;-44.45000000000002;0.0;0.01562498544808455;0.5599;0.660499992966652;-0.020500007271766707
2025-07-01;0.6499999761581421;0.6499999761581421;0.6399999856948853;0.6399999856948853;513300;1.56;-42.890000000000015;0.01562498544808455;-0.09230769936149663;0.5621;0.6614999920129776;-0.01150001585483551
2025-07-02;0.5899999737739563;0.6299999952316284;0.5699999928474426;0.6200000047683716;10204300;-9.23;-52.12000000000002;-0.09230769936149663;0.05084751242024477;0.6512;0.6589999914169311;-0.06900001764297481
2025-07-03;0.6200000047683716;0.6399999856948853;0.5899999737739563;0.5899999737739563;4519600;5.08;-47.04000000000002;0.05084751242024477;0.016129016752173708;0.6767;0.6584999918937683;-0.038499987125396706
2025-07-04;0.6299999952316284;0.6299999952316284;0.6100000143051147;0.6200000047683716;866200;1.61;-45.43000000000002;0.016129016752173708;-0.01587300085546861;0.5806;0.655499991774559;-0.02549999654293056
2025-07-07;0.6200000047683716;0.6299999952316284;0.6100000143051147;0.6200000047683716;960800;-1.59;-47.020000000000024;-0.01587300085546861;0.016129016752173708;0.5749;0.6529999911785126;-0.03299998641014101
2025-07-08;0.6299999952316284;0.6700000166893005;0.6200000047683716;0.6299999952316284;5741900;1.61;-45.410000000000025;0.016129016752173708;-0.06349209803242228;0.5771;0.6514999896287919;-0.021499994397163436
2025-07-09;0.5899999737739563;0.6399999856948853;0.5899999737739563;0.6299999952316284;4583300;-6.35;-51.760000000000026;-0.06349209803242228;0.016949238156632296;0.5397;0.6454999893903732;-0.05550001561641693
2025-07-10;0.6000000238418579;0.6200000047683716;0.5799999833106995;0.5799999833106995;3443100;1.69;-50.07000000000003;0.016949238156632296;-0.050000049670535285;0.5466;0.6399999916553497;-0.0399999678134918
2025-07-11;0.5699999928474426;0.6100000143051147;0.5699999928474426;0.5899999737739563;2684700;-5.0;-55.07000000000003;-0.050000049670535285;0.0;0.5488;0.6319999903440475;-0.0619999974966049
2025-07-14;0.5699999928474426;0.5899999737739563;0.5699999928474426;0.5799999833106995;1770000;0.0;-55.07000000000003;0.0;0.017543843138140724;0.547;0.6249999910593033;-0.054999998211860635
2025-07-15;0.5799999833106995;0.5899999737739563;0.5699999928474426;0.5699999928474426;2681000;1.75;-53.32000000000003;0.017543843138140724;0.06896555622182587;0.5271;0.6204999893903732;-0.040500006079673745
2025-07-16;0.6200000047683716;0.6399999856948853;0.5799999833106995;0.5799999833106995;4684800;6.9;-46.42000000000003;0.06896555622182587;-0.032258033504347416;0.5832;0.6189999908208847;0.001000013947486833
2025-07-17;0.6000000238418579;0.6399999856948853;0.5899999737739563;0.6200000047683716;2811700;-3.23;-49.65000000000003;-0.032258033504347416;-0.050000049670535285;0.5931;0.6164999932050705;-0.01649996936321263
2025-07-18;0.5699999928474426;0.6000000238418579;0.5699999928474426;0.6000000238418579;3169300;-5.0;-54.65000000000003;-0.050000049670535285;-0.08771932026025686;0.6086;0.6134999930858612;-0.0435000002384186
2025-07-21;0.5199999809265137;0.5799999833106995;0.5199999809265137;0.5699999928474426;6278100;-8.77;-63.42000000000003;-0.08771932026025686;-0.09615381529345202;0.671;0.6074999928474426;-0.08750001192092893
2025-07-22;0.4699999988079071;0.5299999713897705;0.44999998807907104;0.5199999809265137;11891100;-9.62;-73.04000000000003;-0.09615381529345202;0.042553214424603025;0.7383;0.5994999930262566;-0.12949999421834946
2025-07-23;0.49000000953674316;0.5;0.4699999988079071;0.4699999988079071;1943500;4.26;-68.78000000000003;0.042553214424603025;0.0;0.7582;0.5919999942183495;-0.10199998468160631
2025-07-24;0.49000000953674316;0.5099999904632568;0.47999998927116394;0.5;944700;0.0;-68.78000000000003;0.0;0.020408143405366452;0.7582;0.5844999954104424;-0.09449998587369923
2025-07-25;0.5;0.5;0.49000000953674316;0.49000000953674316;502900;2.04;-66.74000000000002;0.020408143405366452;-0.019999980926513672;0.766;0.5774999961256981;-0.07749999612569813
2025-07-28;0.49000000953674316;0.5;0.47999998927116394;0.5;1516700;-2.0;-68.74000000000002;-0.019999980926513672;0.04081628681073313;0.7654;0.5699999973177909;-0.07999998778104778
2025-07-29;0.5099999904632568;0.5299999713897705;0.49000000953674316;0.49000000953674316;2945600;4.08;-64.66000000000003;0.04081628681073313;0.01960782480441492;0.7825;0.5629999980330467;-0.05300000756978984
2025-07-30;0.5199999809265137;0.5299999713897705;0.5;0.5099999904632568;1355800;1.96;-62.700000000000024;0.01960782480441492;0.0;0.7269;0.5594999983906745;-0.039500017464160875
2025-07-31;0.5199999809265137;0.5299999713897705;0.5099999904632568;0.5199999809265137;883300;0.0;-62.700000000000024;0.0;-0.01923075159625831;0.6966;0.5544999971985817;-0.034500016272068
2025-08-01;0.5099999904632568;0.5400000214576721;0.5099999904632568;0.5299999713897705;1949900;-1.92;-64.62000000000002;-0.01923075159625831;0.03921564960882984;0.6918;0.5484999969601632;-0.038500006496906325
2025-08-04;0.5299999713897705;0.550000011920929;0.5199999809265137;0.5199999809265137;2823200;3.92;-60.70000000000002;0.03921564960882984;-0.01886790755296608;0.7125;0.5439999952912331;-0.0140000239014626
2025-08-05;0.5199999809265137;0.5400000214576721;0.5199999809265137;0.5299999713897705;1260900;-1.89;-62.59000000000002;-0.01886790755296608;0.0;0.7084;0.5384999945759773;-0.01850001364946363
2025-08-06;0.5199999809265137;0.5299999713897705;0.5199999809265137;0.5299999713897705;865800;0.0;-62.59000000000002;0.0;0.05769236941309597;0.6783;0.5349999949336052;-0.0150000140070915
2025-08-07;0.550000011920929;0.5699999928474426;0.5199999809265137;0.5299999713897705;2571000;5.77;-56.82000000000002;0.05769236941309597;-0.03636370926848953;0.7107;0.5324999943375588;0.017500017583370164
2025-08-08;0.5299999713897705;0.5600000023841858;0.5299999713897705;0.550000011920929;1109800;-3.64;-60.46000000000002;-0.03636370926848953;0.01886802001456611;0.7005;0.5304999932646751;-0.0005000218749046104
2025-08-11;0.5400000214576721;0.5600000023841858;0.5299999713897705;0.5299999713897705;1831400;1.89;-58.57000000000002;0.01886802001456611;0.01851850012202405;0.7046;0.5289999946951867;0.01100002676248546
2025-08-12;0.550000011920929;0.5600000023841858;0.5400000214576721;0.5400000214576721;1606400;1.85;-56.72000000000002;0.01851850012202405;0.018181800448205276;0.705;0.5274999961256981;0.022500015795230865
2025-08-13;0.5600000023841858;0.5899999737739563;0.550000011920929;0.550000011920929;2508900;1.82;-54.90000000000002;0.018181800448205276;0.0;0.659;0.5244999960064888;0.03550000637769701
2025-08-14;0.5600000023841858;0.5899999737739563;0.5600000023841858;0.5699999928474426;1550600;0.0;-54.90000000000002;0.0;0.0;0.6507;0.5224999949336052;0.037500007450580575
2025-08-15;0.5600000023841858;0.5699999928474426;0.5299999713897705;0.5600000023841858;2526200;0.0;-54.90000000000002;0.0;0.0;0.6262;0.5219999954104424;0.038000006973743394
2025-08-18;0.5600000023841858;0.5699999928474426;0.550000011920929;0.550000011920929;1127700;0.0;-54.90000000000002;0.0;-0.017857125751218117;0.534;0.523999996483326;0.03600000590085983
2025-08-19;0.550000011920929;0.5799999833106995;0.550000011920929;0.550000011920929;1899900;-1.79;-56.69000000000002;-0.017857125751218117;0.0;0.3923;0.527999997138977;0.022000014781951904
2025-08-20;0.550000011920929;0.5699999928474426;0.550000011920929;0.5600000023841858;856900;0.0;-56.69000000000002;0.0;0.05454540134461583;0.3714;0.5309999972581864;0.019000014662742593
2025-08-21;0.5799999833106995;0.5799999833106995;0.550000011920929;0.550000011920929;1465800;5.45;-51.240000000000016;0.05454540134461583;0.017241363363798445;0.4082;0.5354999959468841;0.04449998736381533
2025-08-22;0.5899999737739563;0.6100000143051147;0.5699999928474426;0.5799999833106995;2615300;1.72;-49.52000000000002;0.017241363363798445;0.06779664955205078;0.4072;0.539999994635582;0.049999979138374284
2025-08-25;0.6299999952316284;0.6399999856948853;0.5899999737739563;0.6000000238418579;5147600;6.78;-42.740000000000016;0.06779664955205078;-0.04761900256640572;0.443;0.5469999939203263;0.08300000131130214
2025-08-26;0.6000000238418579;0.6600000262260437;0.6000000238418579;0.6299999952316284;3936800;-4.76;-47.500000000000014;-0.04761900256640572;0.0;0.4791;0.5514999955892563;0.04850002825260158
2025-08-27;0.6000000238418579;0.6200000047683716;0.5799999833106995;0.6100000143051147;2964300;0.0;-47.500000000000014;0.0;-0.13333339956071377;0.4782;0.5554999977350235;0.044500026106834456
2025-08-28;0.5199999809265137;0.550000011920929;0.5099999904632568;0.550000011920929;11499500;-13.33;-60.83000000000001;-0.13333339956071377;0.0192307515962582;0.6925;0.5554999977350235;-0.03550001680850978
2025-08-29;0.5299999713897705;0.5400000214576721;0.5199999809265137;0.5400000214576721;2214900;1.92;-58.91000000000001;0.0192307515962582;0.0;0.6911;0.5564999967813492;-0.026500025391578697
2025-09-01;0.5299999713897705;0.5400000214576721;0.5199999809265137;0.5299999713897705;1878700;0.0;-58.91000000000001;0.0;0.01886802001456611;0.6776;0.5564999967813492;-0.026500025391578697
2025-09-02;0.5400000214576721;0.5400000214576721;0.5099999904632568;0.5299999713897705;2955300;1.89;-57.02000000000001;0.01886802001456611;0.01851850012202405;0.6763;0.5574999988079071;-0.017499977350235008
2025-09-03;0.550000011920929;0.5799999833106995;0.5299999713897705;0.5299999713897705;3866800;1.85;-55.17000000000001;0.01851850012202405;0.018181800448205276;0.6785;0.5590000003576279;-0.008999988436698914
2025-09-04;0.5600000023841858;0.5600000023841858;0.5400000214576721;0.550000011920929;1334400;1.82;-53.35000000000001;0.018181800448205276;-0.035714251502436234;0.6507;0.5594999998807907;0.0005000025033951028
2025-09-05;0.5400000214576721;0.5699999928474426;0.5299999713897705;0.550000011920929;2684200;-3.57;-56.92000000000001;-0.035714251502436234;-0.01851861050099135;0.6502;0.5600000023841858;-0.019999980926513672
2025-09-08;0.5299999713897705;0.5600000023841858;0.5199999809265137;0.5400000214576721;3229700;-1.85;-58.77000000000001;-0.01851861050099135;0.01886802001456611;0.6507;0.5594999998807907;-0.02950002849102018
2025-09-09;0.5400000214576721;0.5400000214576721;0.5199999809265137;0.5299999713897705;999100;1.89;-56.88000000000001;0.01886802001456611;-0.03703711062301529;0.6508;0.5590000003576279;-0.01899997889995575
2025-09-10;0.5199999809265137;0.5400000214576721;0.5199999809265137;0.5299999713897705;1116000;-3.7;-60.58000000000001;-0.03703711062301529;0.0;0.6597;0.5569999992847443;-0.037000018358230635
2025-09-11;0.5199999809265137;0.5299999713897705;0.5199999809265137;0.5299999713897705;912800;0.0;-60.58000000000001;0.0;0.03846161781683777;0.6597;0.5549999982118606;-0.03500001728534696
2025-09-12;0.5400000214576721;0.5600000023841858;0.5199999809265137;0.5299999713897705;3574600;3.85;-56.73000000000001;0.03846161781683777;-0.01851861050099135;0.6759;0.553999999165535;-0.013999977707862876
2025-09-15;0.5299999713897705;0.5400000214576721;0.5299999713897705;0.5400000214576721;902500;-1.85;-58.58000000000001;-0.01851861050099135;0.03773592756753197;0.6787;0.5524999976158143;-0.022500026226043746
2025-09-16;0.550000011920929;0.550000011920929;0.5299999713897705;0.5299999713897705;1723500;3.77;-54.81000000000001;0.03773592756753197;0.0;0.6899;0.5524999976158143;-0.0024999856948852983
2025-09-17;0.550000011920929;0.550000011920929;0.5299999713897705;0.5400000214576721;1193700;0.0;-54.81000000000001;0.0;-0.018181800448205276;0.6899;0.5524999976158143;-0.0024999856948852983
2025-09-18;0.5400000214576721;0.5600000023841858;0.5400000214576721;0.5400000214576721;2098600;-1.82;-56.63000000000001;-0.018181800448205276;0.01851850012202405;0.6627;0.5504999995231629;-0.010499978065490745
2025-09-19;0.550000011920929;0.550000011920929;0.5400000214576721;0.5400000214576721;390500;1.85;-54.78000000000001;0.01851850012202405;0.0;0.6633;0.5485000014305115;0.0015000104904174805
2025-09-22;0.550000011920929;0.550000011920929;0.5299999713897705;0.5400000214576721;1565600;0.0;-54.78000000000001;0.0;-0.018181800448205276;0.6092;0.5445000022649765;0.005500009655952431
2025-09-23;0.5400000214576721;0.550000011920929;0.5400000214576721;0.5400000214576721;539000;-1.82;-56.60000000000001;-0.018181800448205276;0.0;0.5913;0.5415000021457672;-0.0014999806880950928
2025-09-24;0.5400000214576721;0.550000011920929;0.5299999713897705;0.550000011920929;1443300;0.0;-56.60000000000001;0.0;-0.01851861050099135;0.5913;0.5385000020265579;0.001500019431114219
2025-09-25;0.5299999713897705;0.550000011920929;0.5199999809265137;0.5400000214576721;1530200;-1.85;-58.45000000000001;-0.01851861050099135;0.0;0.3514;0.5390000015497207;-0.009000030159950212
2025-09-26;0.5299999713897705;0.5400000214576721;0.5199999809265137;0.5299999713897705;1836400;0.0;-58.45000000000001;0.0;0.0;0.3449;0.5390000015497207;-0.009000030159950212
2025-09-29;0.5299999713897705;0.5400000214576721;0.5199999809265137;0.5400000214576721;1375900;0.0;-58.45000000000001;0.0;0.0;0.3449;0.5390000015497207;-0.009000030159950212
2025-09-30;0.5299999713897705;0.5400000214576721;0.5199999809265137;0.5299999713897705;792400;0.0;-58.45000000000001;0.0;-0.24528296688095852;0.3378;0.5384999990463257;-0.00850002765655522
2025-10-01;0.4000000059604645;0.46000000834465027;0.3799999952316284;0.44999998807907104;20286900;-24.53;-82.98000000000002;-0.24528296688095852;0.0;0.9254;0.5309999987483025;-0.13099999278783803
2025-10-02;0.4000000059604645;0.4000000059604645;0.3400000035762787;0.4000000059604645;9628600;0.0;-82.98000000000002;0.0;-0.025000050291418274;0.9192;0.5229999989271163;-0.12299999296665187
2025-10-03;0.38999998569488525;0.4000000059604645;0.3700000047683716;0.38999998569488525;3760200;-2.5;-85.48000000000002;-0.025000050291418274;-0.05128200425668883;0.9168;0.5154999971389771;-0.12550001144409184
2025-10-06;0.3700000047683716;0.38999998569488525;0.36000001430511475;0.3799999952316284;5288200;-5.13;-90.61000000000001;-0.05128200425668883;0.0;0.9261;0.5074999988079071;-0.1374999940395355
2025-10-07;0.3700000047683716;0.3799999952316284;0.36000001430511475;0.3700000047683716;2285600;0.0;-90.61000000000001;0.0;0.02702700090373522;0.9191;0.4989999979734421;-0.1289999932050705
2025-10-08;0.3799999952316284;0.38999998569488525;0.3700000047683716;0.3700000047683716;1709000;2.7;-87.91000000000001;0.02702700090373522;0.05263160784158716;0.9286;0.4919999986886978;-0.1120000034570694
2025-10-09;0.4000000059604645;0.4399999976158142;0.3799999952316284;0.38999998569488525;5419700;5.26;-82.65;0.05263160784158716;0.024999975785613415;0.9572;0.48599999994039533;-0.08599999397993086
2025-10-10;0.4099999964237213;0.41999998688697815;0.38999998569488525;0.4099999964237213;2504000;2.5;-80.15;0.024999975785613415;-0.04878051439826525;0.9491;0.4794999986886978;-0.06950000226497649
2025-10-13;0.38999998569488525;0.41999998688697815;0.3799999952316284;0.4099999964237213;1954700;-4.88;-85.03;-0.04878051439826525;0.0;0.958;0.47249999940395354;-0.08250001370906829
2025-10-14;0.38999998569488525;0.4000000059604645;0.3799999952316284;0.3799999952316284;1041400;0.0;-85.03;0.0;-0.025641002128344415;0.9406;0.46449999809265136;-0.0745000123977661
2025-10-15;0.3799999952316284;0.4000000059604645;0.3799999952316284;0.38999998569488525;593000;-2.56;-87.59;-0.025641002128344415;0.026315764707210976;0.9396;0.45599999725818635;-0.07600000202655793
2025-10-16;0.38999998569488525;0.4000000059604645;0.3799999952316284;0.38999998569488525;1071600;2.63;-84.96000000000001;0.026315764707210976;-0.05128200425668883;0.9516;0.448499995470047;-0.05850000977516173
2025-10-17;0.3700000047683716;0.38999998569488525;0.3700000047683716;0.3799999952316284;1096800;-5.13;-90.09;-0.05128200425668883;0.054054001807470664;0.9521;0.4394999951124191;-0.06949999034404752
2025-10-20;0.38999998569488525;0.38999998569488525;0.3700000047683716;0.3799999952316284;1358000;5.41;-84.68;0.054054001807470664;-0.05128200425668883;0.9842;0.4314999938011169;-0.04150000810623167
2025-10-21;0.3700000047683716;0.3799999952316284;0.3700000047683716;0.3799999952316284;1388900;-5.13;-89.81;-0.05128200425668883;0.0;0.9926;0.4229999929666519;-0.052999988198280334
2025-10-22;0.3700000047683716;0.3700000047683716;0.36000001430511475;0.3700000047683716;907700;0.0;-89.81;0.0;0.0;0.9926;0.4144999921321869;-0.04449998736381533
2025-10-23;0.3700000047683716;0.3799999952316284;0.36000001430511475;0.36000001430511475;1078600;0.0;-89.81;0.0;-0.05405408235428677;0.9943;0.40649999380111695;-0.03649998903274537
2025-10-24;0.3499999940395355;0.3799999952316284;0.3400000035762787;0.36000001430511475;4955500;-5.41;-95.22;-0.05405408235428677;-0.028571401810159047;1.0015;0.3974999949336052;-0.047500000894069694
2025-10-27;0.3400000035762787;0.3499999940395355;0.33000001311302185;0.3499999940395355;3784900;-2.86;-98.08;-0.028571401810159047;-0.05882356034843117;0.9997;0.3879999965429306;-0.047999992966651917
2025-10-28;0.3199999928474426;0.3400000035762787;0.3199999928474426;0.33000001311302185;2031300;-5.88;-103.96;-0.05882356034843117;-0.031249970896168877;1.006;0.3774999976158142;-0.05750000476837158
2025-10-29;0.3100000023841858;0.33000001311302185;0.3100000023841858;0.3199999928474426;4051300;-3.12;-107.08;-0.031249970896168877;-0.032258033504347416;0.5708;0.3729999974370003;-0.0629999950528145
2025-10-30;0.30000001192092896;0.3199999928474426;0.28999999165534973;0.3199999928474426;4695100;-3.23;-110.31;-0.032258033504347416;-0.033333399560713795;0.5732;0.3679999977350235;-0.06799998581409455
2025-10-31;0.28999999165534973;0.3100000023841858;0.2800000011920929;0.30000001192092896;5527100;-3.33;-113.64;-0.033333399560713795;0.0;0.5762;0.3629999980330467;-0.07300000637769699
2025-11-03;0.28999999165534973;0.30000001192092896;0.2800000011920929;0.28999999165534973;1564300;0.0;-113.64;0.0;0.0;0.5608;0.35899999737739563;-0.0690000057220459
2025-11-04;0.28999999165534973;0.30000001192092896;0.28999999165534973;0.30000001192092896;1254400;0.0;-113.64;0.0;0.06896555622182587;0.5608;0.35499999672174454;-0.0650000050663948
2025-11-05;0.3100000023841858;0.3100000023841858;0.28999999165534973;0.28999999165534973;2849600;6.9;-106.74;0.06896555622182587;-0.06451616314521791;0.6161;0.3514999970793724;-0.041499994695186615
2025-11-06;0.28999999165534973;0.3100000023841858;0.2800000011920929;0.3100000023841858;3532000;-6.45;-113.19;-0.06451616314521791;-0.034482726727597;0.5997;0.34599999636411666;-0.056000004708766926
2025-11-07;0.2800000011920929;0.30000001192092896;0.27000001072883606;0.28999999165534973;3173300;-3.45;-116.64;-0.034482726727597;-0.3571428343349574;0.5837;0.33949999660253527;-0.059499995410442374
2025-11-10;0.18000000715255737;0.25999999046325684;0.18000000715255737;0.25;16792600;-35.71;-152.35;-0.3571428343349574;0.0;1.3374;0.3289999976754189;-0.1489999905228615
2025-11-11;0.18000000715255737;0.18000000715255737;0.18000000715255737;0.18000000715255737;0;0.0;-152.35;0.0;0.0;1.3374;0.3184999987483025;-0.1384999915957451
2025-11-12;0.18000000715255737;0.18000000715255737;0.18000000715255737;0.18000000715255737;0;0.0;-152.35;0.0;0.0;1.3425;0.3084999993443489;-0.12849999219179153
2025-11-13;0.18000000715255737;0.18000000715255737;0.18000000715255737;0.18000000715255737;0;0.0;-152.35;0.0;0.11111108351636934;1.3304;0.2980000004172325;-0.11799999326467514
2025-11-14;0.20000000298023224;0.2199999988079071;0.10999999940395355;0.11999999731779099;36742900;11.11;-141.24;0.11111108351636934;-0.5;1.4236;0.2895000003278255;-0.08949999734759329
2025-11-17;0.10000000149011612;0.23000000417232513;0.10000000149011612;0.2199999988079071;35555600;-50.0;-191.24;-0.5;-0.09999997764825852;2.1735;0.2750000011175871;-0.17499999962747098
2025-11-18;0.09000000357627869;0.12999999523162842;0.09000000357627869;0.11999999731779099;30680300;-10.0;-201.24;-0.09999997764825852;-0.11111116630059481;2.1798;0.26100000105798243;-0.17099999748170375
2025-11-19;0.07999999821186066;0.10000000149011612;0.07000000029802322;0.09000000357627869;16625400;-11.11;-212.35000000000002;-0.11111116630059481;0.12500006984919465;2.1778;0.2465000007301569;-0.16650000251829625
2025-11-21;0.09000000357627869;0.09000000357627869;0.07999999821186066;0.07999999821186066;6147200;12.5;-199.85000000000002;0.12500006984919465;-0.44444445824181533;2.2678;0.23250000067055226;-0.14249999709427358
2025-11-24;0.05000000074505806;0.09000000357627869;0.03999999910593033;0.09000000357627869;124405400;-44.44;-244.29000000000002;-0.44444445824181533;0.0;2.6558;0.2175000010058284;-0.16750000026077033
2025-11-25;0.05000000074505806;0.05999999865889549;0.03999999910593033;0.05000000074505806;17683500;0.0;-244.29000000000002;0.0;1.0;2.6642;0.20300000086426734;-0.15300000011920928
2025-11-26;0.10000000149011612;0.10000000149011612;0.05999999865889549;0.05999999865889549;47698700;100.0;-144.29000000000002;1.0;0.8999999478459366;4.6503;0.19200000129640102;-0.0919999998062849
2025-11-27;0.1899999976158142;0.20999999344348907;0.10999999940395355;0.10999999940395355;80172700;90.0;-54.29000000000002;0.8999999478459366;0.4210527058783671;5.6815;0.18600000105798245;0.003999996557831759
2025-11-28;0.27000001072883606;0.28999999165534973;0.20000000298023224;0.20999999344348907;70794400;42.11;-12.180000000000021;0.4210527058783671;-0.25925927765575385;5.8449;0.1845000009983778;0.08550000973045827
2025-12-01;0.20000000298023224;0.3199999928474426;0.17000000178813934;0.30000001192092896;79072700;-25.93;-38.11000000000002;-0.25925927765575385;0.04999995157122683;5.9414;0.18000000156462193;0.020000001415610313
2025-12-02;0.20999999344348907;0.23000000417232513;0.18000000715255737;0.20000000298023224;35904800;5.0;-33.11000000000002;0.04999995157122683;-0.04761900369272076;5.9398;0.1760000016540289;0.03399999178946017
2025-12-03;0.20000000298023224;0.2199999988079071;0.1899999976158142;0.20999999344348907;6664800;-4.76;-37.87000000000002;-0.04761900369272076;0.04999995157122683;5.9465;0.171500002220273;0.028500000759959232
2025-12-04;0.20999999344348907;0.23999999463558197;0.20000000298023224;0.2199999988079071;19252900;5.0;-32.87000000000002;0.04999995157122683;0.0;5.9455;0.16650000177323818;0.0434999916702509
2025-12-05;0.20999999344348907;0.2199999988079071;0.20000000298023224;0.2199999988079071;5196500;0.0;-32.87000000000002;0.0;-0.04761900369272076;5.9353;0.16250000186264515;0.04749999158084392
2025-12-08;0.20000000298023224;0.20999999344348907;0.1899999976158142;0.20999999344348907;7365600;-4.76;-37.63000000000002;-0.04761900369272076;-0.05000002607703169;5.9377;0.1585000019520521;0.041500001028180133
2025-12-09;0.1899999976158142;0.20000000298023224;0.1899999976158142;0.20000000298023224;3484900;-5.0;-42.63000000000002;-0.05000002607703169;0.0;5.7631;0.15900000147521495;0.030999996140599256
2025-12-10;0.1899999976158142;0.20000000298023224;0.18000000715255737;0.1899999976158142;6683500;0.0;-42.63000000000002;0.0;0.05263160784158716;5.7631;0.1595000009983778;0.03049999661743641
2025-12-11;0.20000000298023224;0.20000000298023224;0.1899999976158142;0.1899999976158142;4899500;5.26;-37.37000000000002;0.05263160784158716;-0.05000002607703169;5.7595;0.16050000078976154;0.0395000021904707
2025-12-12;0.1899999976158142;0.20999999344348907;0.1899999976158142;0.20000000298023224;9792800;-5.0;-42.37000000000002;-0.05000002607703169;0.0;5.7689;0.16100000031292439;0.028999997302889824
2025-12-15;0.1899999976158142;0.20000000298023224;0.1899999976158142;0.20000000298023224;4094600;0.0;-42.37000000000002;0.0;0.0;5.768;0.1605000000447035;0.029499997571110714
2025-12-16;0.1899999976158142;0.20000000298023224;0.18000000715255737;0.1899999976158142;6138800;0.0;-42.37000000000002;0.0;-0.05263152941442195;5.3975;0.1649999998509884;0.02499999776482581
2025-12-17;0.18000000715255737;0.1899999976158142;0.17000000178813934;0.18000000715255737;9925700;-5.26;-47.63000000000002;-0.05263152941442195;0.0;5.3797;0.1695000000298023;0.010500007122755062
2025-12-18;0.18000000715255737;0.18000000715255737;0.17000000178813934;0.18000000715255737;3199400;0.0;-47.63000000000002;0.0;-0.055555583150297405;5.3426;0.17450000047683717;0.005500006675720204
2025-12-19;0.17000000178813934;0.18000000715255737;0.17000000178813934;0.18000000715255737;2406500;-5.56;-53.19000000000002;-0.055555583150297405;-0.11764703304297397;5.3619;0.1785000003874302;-0.008499998599290848
2025-12-22;0.15000000596046448;0.17000000178813934;0.15000000596046448;0.17000000178813934;10204400;-11.76;-64.95000000000002;-0.11764703304297397;0.13333330021964307;5.0604;0.18350000064820052;-0.03349999468773604
2025-12-23;0.17000000178813934;0.18000000715255737;0.15000000596046448;0.15000000596046448;7086000;13.33;-51.62000000000002;0.13333330021964307;0.0;5.0511;0.18950000070035458;-0.01949999891221524
2025-12-26;0.17000000178813934;0.17000000178813934;0.15000000596046448;0.1599999964237213;6582200;0.0;-51.62000000000002;0.0;0.0;3.7607;0.19300000071525575;-0.022999998927116405
2025-12-29;0.17000000178813934;0.17000000178813934;0.1599999964237213;0.17000000178813934;1524800;0.0;-51.62000000000002;0.0;0.0;1.9922;0.19200000092387198;-0.02199999913573264
2025-12-30;0.17000000178813934;0.17000000178813934;0.1599999964237213;0.17000000178813934;2495700;0.0;-51.62000000000002;0.0;0.0;1.2308;0.18700000047683715;-0.01699999868869781
2026-01-02;0.17000000178813934;0.17000000178813934;0.1599999964237213;0.1599999964237213;1193800;0.0;-51.62000000000002;0.0;0.05882356034843128;0.8453;0.18550000041723252;-0.015499998629093181
2026-01-05;0.18000000715255737;0.18000000715255737;0.1599999964237213;0.17000000178813934;4156200;5.88;-45.740000000000016;0.05882356034843128;0.0;0.8537;0.18400000110268594;-0.003999993950128566
2026-01-06;0.18000000715255737;0.20000000298023224;0.17000000178813934;0.18000000715255737;8684000;0.0;-45.740000000000016;0.0;-0.11111116630059481;0.8397;0.18300000131130217;-0.002999994158744801
2026-01-07;0.1599999964237213;0.18000000715255737;0.1599999964237213;0.18000000715255737;4556000;-11.11;-56.850000000000016;-0.11111116630059481;0.12500006984919465;0.8954;0.1805000014603138;-0.020500005036592495
2026-01-08;0.18000000715255737;0.20000000298023224;0.1599999964237213;0.17000000178813934;18296800;12.5;-44.350000000000016;0.12500006984919465;0.05555550036607193;1.019;0.17900000214576722;0.00100000500679015
2026-01-09;0.1899999976158142;0.20000000298023224;0.18000000715255737;0.1899999976158142;10868200;5.56;-38.79000000000001;0.05555550036607193;-0.10526313725600922;1.0285;0.1785000018775463;0.011499995738267904
2026-01-12;0.17000000178813934;0.17000000178813934;0.17000000178813934;0.17000000178813934;4790700;-10.53;-49.320000000000014;-0.10526313725600922;-0.05882356034843117;1.0811;0.17750000208616257;-0.007500000298023224
2026-01-13;0.1599999964237213;0.1599999964237213;0.1599999964237213;0.1599999964237213;3418200;-5.88;-55.20000000000002;-0.05882356034843117;-0.12499997671693508;1.0987;0.1760000020265579;-0.016000005602836598
2026-01-14;0.14000000059604645;0.14000000059604645;0.14000000059604645;0.14000000059604645;2651000;-12.5;-67.70000000000002;-0.12499997671693508;-0.2857142781116525;1.152;0.17300000190734863;-0.03300000131130218
2026-01-15;0.10000000149011612;0.10000000149011612;0.10000000149011612;0.10000000149011612;3250900;-28.57;-96.27000000000001;-0.2857142781116525;0.09999997764825852;1.4983;0.16850000210106372;-0.0685000006109476
2026-01-16;0.10999999940395355;0.10999999940395355;0.10999999940395355;0.10999999940395355;1747800;10.0;-86.27000000000001;0.09999997764825852;0.18181814487315395;1.5628;0.1645000021904707;-0.05450000278651715
2026-01-19;0.12999999523162842;0.12999999523162842;0.12999999523162842;0.12999999523162842;1439600;18.18;-68.09;0.18181814487315395;0.2307692484037418;1.7219;0.16150000207126142;-0.031500006839633
2026-01-20;0.1599999964237213;0.1599999964237213;0.1599999964237213;0.1599999964237213;1222900;23.08;-45.010000000000005;0.2307692484037418;0.06250003492459744;1.9178;0.1605000015348196;-0.000500005111098295
2026-01-21;0.17000000178813934;0.17000000178813934;0.17000000178813934;0.17000000178813934;2467600;6.25;-38.760000000000005;0.06250003492459744;0.0;1.93;0.1600000012665987;0.010000000521540653
2026-01-22;0.17000000178813934;0.17000000178813934;0.17000000178813934;0.17000000178813934;2038700;0.0;-38.760000000000005;0.0;0.11764703304297397;1.9171;0.1600000012665987;0.010000000521540653
2026-01-23;0.1899999976158142;0.1899999976158142;0.1899999976158142;0.1899999976158142;904800;11.76;-27.000000000000007;0.11764703304297397;-0.05263152941442195;1.8957;0.1620000008493662;0.027999996766448015
2026-01-26;0.18000000715255737;0.18000000715255737;0.18000000715255737;0.18000000715255737;1134400;-5.26;-32.260000000000005;-0.05263152941442195;0.0;1.8615;0.16250000111758708;0.01750000603497029
2026-01-27;0.18000000715255737;0.18000000715255737;0.18000000715255737;0.18000000715255737;1281200;0.0;-32.260000000000005;0.0;0.0;1.8615;0.163000001385808;0.01700000576674937
2026-01-28;0.18000000715255737;0.18000000715255737;0.18000000715255737;0.18000000715255737;1107500;0.0;-32.260000000000005;0.0;0.0;1.8615;0.1635000016540289;0.01650000549852848
2026-01-29;0.18000000715255737;0.18000000715255737;0.18000000715255737;0.18000000715255737;1022800;0.0;-32.260000000000005;0.0;0.0;1.8615;0.16400000192224978;0.01600000523030759
2026-01-30;0.18000000715255737;0.18000000715255737;0.18000000715255737;0.18000000715255737;892900;0.0;-32.260000000000005;0.0;0.0;1.8615;0.1645000021904707;0.015500004962086672
2026-02-02;0.18000000715255737;0.18000000715255737;0.18000000715255737;0.18000000715255737;1147300;0.0;-32.260000000000005;0.0;0.0;1.8526;0.1645000021904707;0.015500004962086672
2026-02-03;0.18000000715255737;0.18000000715255737;0.18000000715255737;0.18000000715255737;557700;0.0;-32.260000000000005;0.0;0.0;1.8526;0.1645000021904707;0.015500004962086672
2026-02-04;0.18000000715255737;0.18000000715255737;0.18000000715255737;0.18000000715255737;635600;0.0;-32.260000000000005;0.0;0.0;1.8001;0.1655000027269125;0.014500004425644863
2026-02-05;0.18000000715255737;0.18000000715255737;0.18000000715255737;0.18000000715255737;448500;0.0;-32.260000000000005;0.0;0.0;1.7503;0.1655000027269125;0.014500004425644863
2026-02-06;0.18000000715255737;0.18000000715255737;0.18000000715255737;0.18000000715255737;908600;0.0;-32.260000000000005;0.0;0.0;1.7405;0.16500000320374966;0.01500000394880771
2026-02-09;0.18000000715255737;0.18000000715255737;0.18000000715255737;0.18000000715255737;624900;0.0;-32.260000000000005;0.0;0.0;1.6929;0.16550000347197055;0.01450000368058682
2026-02-10;0.18000000715255737;0.18000000715255737;0.18000000715255737;0.18000000715255737;342600;0.0;-32.260000000000005;0.0;0.0;1.6747;0.16650000400841236;0.013500003144145012
2026-02-11;0.18000000715255737;0.18000000715255737;0.18000000715255737;0.18000000715255737;1153200;0.0;-32.260000000000005;0.0;0.0;1.5965;0.1685000043362379;0.011500002816319466
2026-02-12;0.18000000715255737;0.18000000715255737;0.18000000715255737;0.18000000715255737;642900;0.0;-32.260000000000005;0.0;0.0;1.1304;0.17250000461935996;0.0075000025331974085
2026-02-13;0.18000000715255737;0.18000000715255737;0.18000000715255737;0.18000000715255737;675900;0.0;-32.260000000000005;0.0;-0.055555583150297405;1.1061;0.17600000500679017;0.004000002145767206
2026-02-18;0.17000000178813934;0.17000000178813934;0.17000000178813934;0.17000000178813934;541200;-5.56;-37.82000000000001;-0.055555583150297405;-0.05882356034843117;0.9791;0.1780000053346157;-0.00800000354647637
2026-02-19;0.1599999964237213;0.1599999964237213;0.1599999964237213;0.1599999964237213;917500;-5.88;-43.70000000000001;-0.05882356034843117;0.06250003492459744;0.599;0.1780000053346157;-0.0180000089108944
2026-02-20;0.17000000178813934;0.17000000178813934;0.17000000178813934;0.17000000178813934;815300;6.25;-37.45000000000001;0.06250003492459744;0.05882356034843128;0.599;0.1780000053346157;-0.00800000354647637
2026-02-23;0.18000000715255737;0.18000000715255737;0.18000000715255737;0.18000000715255737;714800;5.88;-31.57000000000001;0.05882356034843128;0.0;0.6336;0.1785000056028366;0.0015000015497207697
2026-02-24;0.18000000715255737;0.18000000715255737;0.18000000715255737;0.18000000715255737;459400;0.0;-31.57000000000001;0.0;0.0;0.4689;0.17800000607967376;0.002000001072883617
2026-02-25;0.18000000715255737;0.18000000715255737;0.18000000715255737;0.18000000715255737;473800;0.0;-31.57000000000001;0.0;0.0;0.4295;0.17800000607967376;0.002000001072883617
2026-02-26;0.18000000715255737;0.18000000715255737;0.18000000715255737;0.18000000715255737;1928900;0.0;-31.57000000000001;0.0;0.05555550036607193;0.4295;0.17800000607967376;0.002000001072883617
2026-02-27;0.1899999976158142;0.1899999976158142;0.1899999976158142;0.1899999976158142;925900;5.56;-26.010000000000012;0.05555550036607193;0.05263160784158716;0.4721;0.1785000056028366;0.011499992012977606
2026-03-02;0.20000000298023224;0.20000000298023224;0.20000000298023224;0.20000000298023224;2163200;5.26;-20.750000000000014;0.05263160784158716;-0.1500000037252902;0.5034;0.17950000539422034;0.020499997586011898
2026-03-03;0.17000000178813934;0.17000000178813934;0.17000000178813934;0.17000000178813934;2825600;-15.0;-35.750000000000014;-0.1500000037252902;0.0;0.7482;0.17900000512599945;-0.009000003337860107
2026-03-04;0.17000000178813934;0.17000000178813934;0.17000000178813934;0.17000000178813934;1306800;0.0;-35.750000000000014;0.0;0.0;0.7482;0.17850000485777856;-0.008500003069639217
2026-03-05;0.17000000178813934;0.17000000178813934;0.17000000178813934;0.17000000178813934;1215100;0.0;-35.750000000000014;0.0;-0.05882356034843117;0.7482;0.17800000458955764;-0.008000002801418299
2026-03-06;0.1599999964237213;0.1599999964237213;0.1599999964237213;0.1599999964237213;805900;-5.88;-41.63000000000002;-0.05882356034843117;0.0;0.775;0.17700000405311583;-0.01700000762939452
2026-03-09;0.1599999964237213;0.1599999964237213;0.1599999964237213;0.1599999964237213;1359300;0.0;-41.63000000000002;0.0;0.0;0.775;0.17600000351667405;-0.01600000709295274
2026-03-10;0.1599999964237213;0.1599999964237213;0.1599999964237213;0.1599999964237213;917100;0.0;-41.63000000000002;0.0;0.0;0.775;0.17500000298023224;-0.01500000655651093
2026-03-11;0.1599999964237213;0.1599999964237213;0.1599999964237213;0.1599999964237213;652100;0.0;-41.63000000000002;0.0;0.06250003492459744;0.775;0.17400000244379044;-0.014000006020069122
2026-03-12;0.17000000178813934;0.17000000178813934;0.17000000178813934;0.17000000178813934;271100;6.25;-35.38000000000002;0.06250003492459744;0.0;0.811;0.17350000217556955;-0.003500000387430202
2026-03-13;0.17000000178813934;0.17000000178813934;0.17000000178813934;0.17000000178813934;436200;0.0;-35.38000000000002;0.0;-0.05882356034843117;0.811;0.17300000190734863;-0.003000000119209284
2026-03-16;0.1599999964237213;0.1599999964237213;0.1599999964237213;0.1599999964237213;675000;-5.88;-41.26000000000002;-0.05882356034843117;0.06250003492459744;0.836;0.17200000137090682;-0.012000004947185505
2026-03-17;0.17000000178813934;0.17000000178813934;0.17000000178813934;0.17000000178813934;414100;6.25;-35.01000000000002;0.06250003492459744;0.0;0.8692;0.17150000110268593;-0.001499999314546585
2026-03-18;0.17000000178813934;0.17000000178813934;0.17000000178813934;0.17000000178813934;676900;0.0;-35.01000000000002;0.0;0.0;0.8453;0.17150000110268593;-0.001499999314546585
2026-03-19;0.17000000178813934;0.17000000178813934;0.17000000178813934;0.17000000178813934;473500;0.0;-35.01000000000002;0.0;0.0;0.815;0.17200000137090682;-0.0019999995827674755
2026-03-20;0.17000000178813934;0.17000000178813934;0.17000000178813934;0.17000000178813934;364400;0.0;-35.01000000000002;0.0;0.0;0.7855;0.17200000137090682;-0.0019999995827674755
2026-03-23;0.17000000178813934;0.17000000178813934;0.17000000178813934;0.17000000178813934;624800;0.0;-35.01000000000002;0.0;0.0;0.7555;0.17150000110268593;-0.001499999314546585
2026-03-24;0.17000000178813934;0.17000000178813934;0.17000000178813934;0.17000000178813934;918300;0.0;-35.01000000000002;0.0;0.05882356034843128;0.7555;0.17100000083446504;-0.0009999990463256947
2026-03-25;0.18000000715255737;0.18000000715255737;0.18000000715255737;0.18000000715255737;1130700;5.88;-29.13000000000002;0.05882356034843128;0.05555550036607193;0.7855;0.17100000083446504;0.009000006318092335
2026-03-26;0.1899999976158142;0.1899999976158142;0.1899999976158142;0.1899999976158142;847500;5.56;-23.57000000000002;0.05555550036607193;0.0;0.8088;0.17150000035762786;0.01849999725818635
2026-03-27;0.1899999976158142;0.1899999976158142;0.1899999976158142;0.1899999976158142;502800;0.0;-23.57000000000002;0.0;-0.10526313725600922;0.7855;0.17150000035762786;0.01849999725818635
2026-03-30;0.17000000178813934;0.17000000178813934;0.17000000178813934;0.17000000178813934;652600;-10.53;-34.10000000000002;-0.10526313725600922;-0.05882356034843117;0.846;0.17000000029802323;1.4901161138336505e-09
2026-03-31;0.1599999964237213;0.1599999964237213;0.1599999964237213;0.1599999964237213;2116900;-5.88;-39.980000000000025;-0.05882356034843117;0.06250003492459744;0.6884;0.1695000000298023;-0.009500003606080998
2026-04-01;0.17000000178813934;0.17000000178813934;0.17000000178813934;0.17000000178813934;208200;6.25;-33.730000000000025;0.06250003492459744;-0.11764703304297397;0.7257;0.1695000000298023;0.000500001758337032
2026-04-02;0.15000000596046448;0.15000000596046448;0.15000000596046448;0.15000000596046448;903300;-11.76;-45.49000000000002;-0.11764703304297397;0.0;0.8391;0.16850000023841857;-0.018499994277954096
2026-04-06;0.15000000596046448;0.15000000596046448;0.15000000596046448;0.15000000596046448;1260200;0.0;-45.49000000000002;0.0;0.06666660043928618;0.8146;0.16800000071525573;-0.01799999475479125
2026-04-07;0.1599999964237213;0.1599999964237213;0.1599999964237213;0.1599999964237213;478000;6.67;-38.82000000000002;0.06666660043928618;0.0;0.8503;0.16800000071525573;-0.008000004291534413
2026-04-08;0.1599999964237213;0.1599999964237213;0.1599999964237213;0.1599999964237213;847100;0.0;-38.82000000000002;0.0;0.0;0.8503;0.16800000071525573;-0.008000004291534413
2026-04-09;0.1599999964237213;0.1599999964237213;0.1599999964237213;0.1599999964237213;207800;0.0;-38.82000000000002;0.0;0.0;0.8503;0.16800000071525573;-0.008000004291534413
2026-04-10;0.1599999964237213;0.1599999964237213;0.1599999964237213;0.1599999964237213;526100;0.0;-38.82000000000002;0.0;0.0;0.8191;0.16750000044703484;-0.007500004023313522
2026-04-13;0.1599999964237213;0.1599999964237213;0.1599999964237213;0.1599999964237213;392700;0.0;-38.82000000000002;0.0;-0.062499941792337754;0.8191;0.16700000017881395;-0.007000003755092632
2026-04-14;0.15000000596046448;0.15000000596046448;0.15000000596046448;0.15000000596046448;546600;-6.25;-45.07000000000002;-0.062499941792337754;0.06666660043928618;0.8226;0.1665000006556511;-0.01649999469518662
2026-04-15;0.1599999964237213;0.1599999964237213;0.1599999964237213;0.1599999964237213;522300;6.67;-38.40000000000002;0.06666660043928618;0.0;0.827;0.16600000038743018;-0.0060000039637088665
2026-04-16;0.1599999964237213;0.1599999964237213;0.1599999964237213;0.1599999964237213;367400;0.0;-38.40000000000002;0.0;-0.062499941792337754;0.827;0.1655000001192093;-0.005500003695487976
2026-04-17;0.15000000596046448;0.15000000596046448;0.15000000596046448;0.15000000596046448;1176400;-6.25;-44.65000000000002;-0.062499941792337754;0.06666660043928618;0.8546;0.16450000032782555;-0.014499994367361074
2026-04-20;0.1599999964237213;0.1599999964237213;0.1599999964237213;0.1599999964237213;818900;6.67;-37.98000000000002;0.06666660043928618;-0.062499941792337754;0.8916;0.16400000005960463;-0.00400000363588332
2026-04-22;0.15000000596046448;0.15000000596046448;0.15000000596046448;0.15000000596046448;3468700;-6.25;-44.23000000000002;-0.062499941792337754;0.0;0.9174;0.1630000002682209;-0.012999994307756418
2026-04-23;0.15000000596046448;0.15000000596046448;0.15000000596046448;0.15000000596046448;1460100;0.0;-44.23000000000002;0.0;0.0;0.9174;0.16200000047683716;-0.01199999451637268
2026-04-24;0.15000000596046448;0.15000000596046448;0.15000000596046448;0.15000000596046448;775200;0.0;-44.23000000000002;0.0;-0.06666669978035689;0.8867;0.1605000004172325;-0.010499994456768025
2026-04-27;0.14000000059604645;0.14000000059604645;0.14000000059604645;0.14000000059604645;1712700;-6.67;-50.90000000000002;-0.06666669978035689;-0.07142860944173757;0.8774;0.15800000056624414;-0.01799999997019769
2026-04-28;0.12999999523162842;0.12999999523162842;0.12999999523162842;0.12999999523162842;3282300;-7.14;-58.04000000000002;-0.07142860944173757;-0.1538461273943874;0.899;0.15500000044703482;-0.025000005215406407
2026-04-29;0.10999999940395355;0.10999999940395355;0.10999999940395355;0.10999999940395355;1933600;-15.38;-73.42000000000002;-0.1538461273943874;-0.09090907243657698;0.9754;0.15200000032782554;-0.04200000092387199
2026-04-30;0.10000000149011612;0.10000000149011612;0.10000000149011612;0.10000000149011612;3821200;-9.09;-82.51000000000002;-0.09090907243657698;0.09999997764825852;0.9989;0.1490000005811453;-0.04899999909102917
2026-05-04;0.10999999940395355;0.10999999940395355;0.10999999940395355;0.10999999940395355;749400;10.0;-72.51000000000002;0.09999997764825852;0.18181814487315395;1.0482;0.146000000461936;-0.036000001057982456
2026-05-05;0.12999999523162842;0.12999999523162842;0.12999999523162842;0.12999999523162842;1175300;18.18;-54.33000000000002;0.18181814487315395;0.07692312100935417;1.2035;0.1449999999254942;-0.015000004693865782
2026-05-06;0.14000000059604645;0.14000000059604645;0.14000000059604645;0.14000000059604645;1250400;7.69;-46.64000000000002;0.07692312100935417;0.0;1.2377;0.14449999965727328;-0.004499999061226834
2026-05-07;0.14000000059604645;0.14000000059604645;0.14000000059604645;0.14000000059604645;1201000;0.0;-46.64000000000002;0.0;0.0;1.212;0.14349999986588954;-0.003499999269843096
2026-05-08;0.14000000059604645;0.14000000059604645;0.14000000059604645;0.14000000059604645;406900;0.0;-46.64000000000002;0.0;-0.07142860944173757;1.212;0.1425000000745058;-0.002499999478459358
2026-05-11;0.12999999523162842;0.12999999523162842;0.12999999523162842;0.12999999523162842;874500;-7.14;-53.78000000000002;-0.07142860944173757;0.0;1.2352;0.14100000001490115;-0.011000004783272732
2026-05-12;0.12999999523162842;0.12999999523162842;0.12999999523162842;0.12999999523162842;329000;0.0;-53.78000000000002;0.0;-0.0769230636971937;1.2352;0.13949999995529652;-0.009500004723668104
2026-05-13;0.11999999731779099;0.11999999731779099;0.11999999731779099;0.11999999731779099;1086500;-7.69;-61.47000000000002;-0.0769230636971937;0.0;1.259;0.1375;-0.017500002682209026
2026-05-14;0.11999999731779099;0.11999999731779099;0.11999999731779099;0.11999999731779099;931700;0.0;-61.47000000000002;0.0;0.0;1.2448;0.13599999956786632;-0.016000002250075335
2026-05-15;0.11999999731779099;0.11999999731779099;0.11999999731779099;0.11999999731779099;653200;0.0;-61.47000000000002;0.0;0.08333331781129005;1.2137;0.1339999996125698;-0.014000002294778824
2026-05-18;0.12999999523162842;0.12999999523162842;0.12999999523162842;0.12999999523162842;537000;8.33;-53.14000000000002;0.08333331781129005;0.0;1.2594;0.13249999955296515;-0.002500004321336735
2026-05-19;0.12999999523162842;0.12999999523162842;0.12999999523162842;0.12999999523162842;663100;0.0;-53.14000000000002;0.0;0.0;1.2426;0.13149999901652337;-0.0015000037848949543
2026-05-20;0.12999999523162842;0.12999999523162842;0.12999999523162842;0.12999999523162842;1248400;0.0;-53.14000000000002;0.0;0.07692312100935417;1.2143;0.12999999895691872;-3.725290298461914e-09
2026-05-21;0.14000000059604645;0.14000000059604645;0.14000000059604645;0.14000000059604645;493500;7.69;-45.450000000000024;0.07692312100935417;0.0;1.2314;0.12949999868869783;0.010500001907348622
2026-05-22;0.14000000059604645;0.14000000059604645;0.14000000059604645;0.14000000059604645;624200;0.0;-45.450000000000024;0.0;-0.07142860944173757;1.2314;0.1289999984204769;0.01100000217556954
2026-05-25;0.12999999523162842;0.12999999523162842;0.12999999523162842;0.12999999523162842;1546800;-7.14;-52.590000000000025;-0.07142860944173757;0.0;1.2568;0.1279999978840351;0.0019999973475933186
2026-05-26;0.12999999523162842;0.12999999523162842;0.12999999523162842;0.12999999523162842;458000;0.0;-52.590000000000025;0.0;0.0;1.2349;0.1274999976158142;0.002499997615814209
2026-05-27;0.12999999523162842;0.12999999523162842;0.11999999731779099;0.11999999731779099;1102700;0.0;-52.590000000000025;0.0;-0.0769230636971937;1.2065;0.1274999976158142;0.002499997615814209
2026-05-28;0.11999999731779099;0.11999999731779099;0.11999999731779099;0.11999999731779099;260100;-7.69;-60.28000000000002;-0.0769230636971937;0.0;1.1003;0.1279999975115061;-0.008000000193715107
2026-05-29;0.11999999731779099;0.11999999731779099;0.11999999731779099;0.11999999731779099;504300;0.0;-60.28000000000002;0.0;0.08333331781129005;1.0391;0.12899999730288983;-0.008999999985098844
2026-06-01;0.12999999523162842;0.12999999523162842;0.12999999523162842;0.12999999523162842;549100;8.33;-51.950000000000024;0.08333331781129005;0.0;1.0217;0.12999999709427357;-1.862645149230957e-09
2026-06-02;0.12999999523162842;0.12999999523162842;0.12999999523162842;0.12999999523162842;268800;0.0;-51.950000000000024;0.0;0.0;0.7957;0.12999999709427357;-1.862645149230957e-09
2026-06-03;0.12999999523162842;0.12999999523162842;0.12999999523162842;0.12999999523162842;701100;0.0;-51.950000000000024;0.0;-0.0769230636971937;0.7437;0.12949999682605268;0.0004999984055757412
2026-06-05;0.11999999731779099;0.11999999731779099;0.11999999731779099;0.11999999731779099;317300;-7.69;-59.64000000000002;-0.0769230636971937;0.08333331781129005;0.7888;0.1284999966621399;-0.008499999344348919
2026-06-08;0.12999999523162842;0.12999999523162842;0.12999999523162842;0.12999999523162842;322000;8.33;-51.310000000000024;0.08333331781129005;0.0;0.851;0.12799999639391899;0.0019999988377094324
2026-06-09;0.12999999523162842;0.12999999523162842;0.12999999523162842;0.12999999523162842;306300;0.0;-51.310000000000024;0.0;0.0;0.8109;0.12799999639391899;0.0019999988377094324
2026-06-10;0.12999999523162842;0.12999999523162842;0.12999999523162842;0.12999999523162842;321900;0.0;-51.310000000000024;0.0;0.0;0.8109;0.12799999639391899;0.0019999988377094324
2026-06-11;0.12999999523162842;0.12999999523162842;0.12999999523162842;0.12999999523162842;375400;0.0;-51.310000000000024;0.0;-0.0769230636971937;0.7567;0.12849999628961087;0.0014999989420175497
2026-06-12;0.11999999731779099;0.11999999731779099;0.11999999731779099;0.11999999731779099;674500;-7.69;-59.00000000000002;-0.0769230636971937;0.0;0.8109;0.12849999628961087;-0.008499998971819883
2026-06-15;0.11999999731779099;0.11999999731779099;0.11999999731779099;0.11999999731779099;369300;0.0;-59.00000000000002;0.0;0.0;0.8109;0.12849999628961087;-0.008499998971819883
2026-06-16;0.11999999731779099;0.11999999731779099;0.11999999731779099;0.11999999731779099;357800;0.0;-59.00000000000002;0.0;0.0;0.7507;0.12799999639391899;-0.007999999076128
2026-06-17;0.11999999731779099;0.11999999731779099;0.11999999731779099;0.11999999731779099;210400;0.0;-59.00000000000002;0.0;0.0;0.7507;0.12749999649822713;-0.0074999991804361454
2026-06-18;0.11999999731779099;0.11999999731779099;0.11999999731779099;0.11999999731779099;710200;0.0;-59.00000000000002;0.0;0.0;0.7507;0.12699999660253525;-0.006999999284744263
2026-06-19;0.11999999731779099;0.11999999731779099;0.11999999731779099;0.11999999731779099;253500;0.0;-59.00000000000002;0.0;-0.08333331781129005;0.6893;0.12599999643862247;-0.0059999991208314896
2026-06-22;0.10999999940395355;0.10999999940395355;0.10999999940395355;0.10999999940395355;762600;-8.33;-67.33000000000003;-0.08333331781129005;-0.09090907243657698;0.74;0.12449999637901783;-0.01449999697506428
2026-06-23;0.10000000149011612;0.10000000149011612;0.10000000149011612;0.10000000149011612;1128200;-9.09;-76.42000000000003;-0.09090907243657698;0.09999997764825852;0.764;0.12299999669194221;-0.022999995201826093
2026-06-24;0.10999999940395355;0.10999999940395355;0.10999999940395355;0.10999999940395355;893100;10.0;-66.42000000000003;0.09999997764825852;0.0;0.861;0.12199999690055847;-0.011999997496604922
2026-06-25;0.10999999940395355;0.10999999940395355;0.10999999940395355;0.10999999940395355;642800;0.0;-66.42000000000003;0.0;0.0;0.861;0.12099999710917472;-0.01099999770522117
2026-06-26;0.10999999940395355;0.10999999940395355;0.10999999940395355;0.10999999940395355;453600;0.0;-66.42000000000003;0.0;0.0;0.8204;0.12049999721348285;-0.010499997809529302
2026-06-29;0.10999999940395355;0.10999999940395355;0.10999999940395355;0.10999999940395355;1961300;0.0;-66.42000000000003;0.0;-0.09090907243657698;0.8204;0.11999999731779099;-0.009999997913837433
2026-06-30;0.10000000149011612;0.10000000149011612;0.10000000149011612;0.10000000149011612;1134900;-9.09;-75.51000000000003;-0.09090907243657698;0.0;0.8101;0.11849999763071536;-0.018499996140599245
2026-07-01;0.10000000149011612;0.10000000149011612;0.10000000149011612;0.10000000149011612;324500;0.0;-75.51000000000003;0.0;0.09999997764825852;0.8101;0.11699999794363976;-0.01699999645352364
2026-07-02;0.10999999940395355;0.10999999940395355;0.10999999940395355;0.10999999940395355;450100;10.0;-65.51000000000003;0.09999997764825852;0.09090907243657687;0.9019;0.115999998152256;-0.005999998748302454
2026-07-03;0.11999999731779099;0.11999999731779099;0.11999999731779099;0.11999999731779099;933900;9.09;-56.42000000000003;0.09090907243657687;0.0;0.9253;0.115999998152256;0.003999999165534979
2026-07-06;0.11999999731779099;0.11999999731779099;0.11999999731779099;0.11999999731779099;410700;0.0;-56.42000000000003;0.0;0.08333331781129005;0.8735;0.11549999825656414;0.0044999990612268476
2026-07-07;0.12999999523162842;0.12999999523162842;0.12999999523162842;0.12999999523162842;299400;8.33;-48.09000000000003;0.08333331781129005;0.0;0.9253;0.11549999825656414;0.01449999697506428
2026-07-08;0.12999999523162842;0.12999999523162842;0.12999999523162842;0.12999999523162842;664000;0.0;-48.09000000000003;0.0;0.0;0.9253;0.11549999825656414;0.01449999697506428
2026-07-09;0.12999999523162842;0.12999999523162842;0.12999999523162842;0.12999999523162842;220600;0.0;-48.09000000000003;0.0;-0.0769230636971937;0.9253;0.11549999825656414;0.01449999697506428
2026-07-10;0.11999999731779099;0.11999999731779099;0.11999999731779099;0.11999999731779099;335400;-7.69;-55.78000000000003;-0.0769230636971937;0.0;0.9253;0.11549999825656414;0.0044999990612268476
2026-07-13;0.11999999731779099;0.11999999731779099;0.11999999731779099;0.11999999731779099;284700;0.0;-55.78000000000003;0.0;0.0;0.9253;0.11549999825656414;0.0044999990612268476
2026-07-14;0.11999999731779099;0.11999999731779099;0.11999999731779099;0.11999999731779099;233200;0.0;-55.78000000000003;0.0;0.0;0.9253;0.11549999825656414;0.0044999990612268476
2026-07-15;0.11999999731779099;0.11999999731779099;0.11999999731779099;0.11999999731779099;1000800;0.0;-55.78000000000003;0.0;0.0;0.9253;0.11549999825656414;0.0044999990612268476
2026-07-16;0.11999999731779099;0.11999999731779099;0.11999999731779099;0.11999999731779099;347300;0.0;-55.78000000000003;0.0;0.0;0.9253;0.11549999825656414;0.0044999990612268476
2026-07-17;0.11999999731779099;0.11999999731779099;0.11999999731779099;0.11999999731779099;566100;0.0;-55.78000000000003;0.0;0.0;0.9253;0.11549999825656414;0.0044999990612268476
2026-07-20;0.11999999731779099;0.11999999731779099;0.11999999731779099;0.11999999731779099;715700;0.0;-55.78000000000003;0.0;0.0;0.8694;0.115999998152256;0.003999999165534979
2026-07-21;0.11999999731779099;0.11999999731779099;0.11999999731779099;0.11999999731779099;786000;0.0;-55.78000000000003;0.0;0.08333331781129005;0.7917;0.11699999794363976;0.002999999374151227
2026-07-22;0.12999999523162842;0.12999999523162842;0.12999999523162842;0.12999999523162842;530000;8.33;-47.45000000000003;0.08333331781129005;-0.0769230636971937;0.7686;0.1179999977350235;0.011999997496604922
2026-07-23;0.11999999731779099;0.11999999731779099;0.11999999731779099;0.11999999731779099;846700;-7.69;-55.14000000000003;-0.0769230636971937;0.08333331781129005;0.8274;0.11849999763071536;0.0014999996870756205
2026-07-24;0.12999999523162842;0.12999999523162842;0.12999999523162842;0.12999999523162842;172500;8.33;-46.81000000000003;0.08333331781129005;0.0;0.8716;0.11949999742209912;0.010499997809529302
2026-07-27;0.12999999523162842;0.12999999523162842;0.12999999523162842;0.12999999523162842;438000;0.0;-46.81000000000003;0.0;0.0;0.8716;0.12049999721348285;0.009499998018145564
2026-07-28;0.12999999523162842;0.12999999523162842;0.12999999523162842;0.12999999523162842;215600;0.0;-46.81000000000003;0.0;-0.0769230636971937;0.788;0.12199999690055847;0.007999998331069944
2026-07-29;0.11999999731779099;0.11999999731779099;0.11999999731779099;0.11999999731779099;687000;-7.69;-54.50000000000003;-0.0769230636971937;;0.8513;0.12299999669194221;-0.002999999374151227
