Date;Open;High;Low;Close;Adj Close;Volume
2021-07-19;11.800000190734863;11.800000190734863;11.40999984741211;11.5;11.370712280273438;2191600
2021-07-20;11.40999984741211;11.800000190734863;11.199999809265137;11.800000190734863;11.667340278625488;2760600
2021-07-21;11.670000076293945;11.979999542236328;11.5600004196167;11.8100004196167;11.677227020263672;1646500
2021-07-22;11.789999961853027;11.9399995803833;11.720000267028809;11.789999961853027;11.657452583312988;1211100
2021-07-23;11.789999961853027;12.079999923706055;11.550000190734863;11.600000381469727;11.469588279724121;1677300
2021-07-26;11.65999984741211;11.899999618530273;11.100000381469727;11.399999618530273;11.271836280822754;1970900
2021-07-28;11.170000076293945;11.5600004196167;11.0;11.270000457763672;11.143298149108887;1388600
2021-07-29;11.270000457763672;11.449999809265137;11.149999618530273;11.399999618530273;11.271836280822754;891200
2021-07-30;11.199999809265137;11.399999618530273;10.770000457763672;11.300000190734863;11.172961235046387;2448600
2021-08-02;11.25;11.399999618530273;11.100000381469727;11.1899995803833;11.064196586608887;1033700
2021-08-03;11.180000305175781;11.1899995803833;10.850000381469727;11.0;10.876334190368652;1362900
2021-08-04;11.010000228881836;11.220000267028809;10.949999809265137;11.0;10.876334190368652;1402100
2021-08-05;11.029999732971191;11.199999809265137;10.920000076293945;11.0;10.876334190368652;902700
2021-08-06;11.0;11.600000381469727;10.989999771118164;11.300000190734863;11.172961235046387;982200
2021-08-09;11.390000343322754;11.979999542236328;11.390000343322754;11.970000267028809;11.835429191589355;1181100
2021-08-10;11.970000267028809;12.229999542236328;11.699999809265137;12.170000076293945;12.033180236816406;2381600
2021-08-11;11.75;12.100000381469727;11.3100004196167;11.5;11.370712280273438;1091300
2021-08-12;11.579999923706055;11.729999542236328;11.149999618530273;11.289999961853027;11.163073539733887;744300
2021-08-13;11.369999885559082;11.699999809265137;11.199999809265137;11.670000076293945;11.538801193237305;901100
2021-08-16;11.710000038146973;11.930000305175781;10.609999656677246;11.0;10.876334190368652;2092100
2021-08-17;10.989999771118164;11.119999885559082;9.90999984741211;10.4399995803833;10.32262897491455;3204800
2021-08-18;10.449999809265137;10.489999771118164;10.109999656677246;10.180000305175781;10.065552711486816;1333200
2021-08-19;9.899999618530273;10.390000343322754;9.640000343322754;10.199999809265137;10.0853271484375;2822900
2021-08-20;10.119999885559082;10.630000114440918;10.050000190734863;10.449999809265137;10.33251667022705;1311100
2021-08-23;10.5;10.65999984741211;9.899999618530273;10.149999618530273;10.035889625549316;1400100
2021-08-24;10.239999771118164;10.460000038146973;10.15999984741211;10.25;10.134765625;887800
2021-08-25;10.229999542236328;10.34000015258789;10.149999618530273;10.289999961853027;10.174315452575684;757900
2021-08-26;10.25;10.489999771118164;10.180000305175781;10.449999809265137;10.33251667022705;945800
2021-08-27;10.449999809265137;10.5;10.100000381469727;10.300000190734863;10.184203147888184;1639500
2021-08-30;10.34000015258789;10.34000015258789;10.149999618530273;10.149999618530273;10.035889625549316;536000
2021-08-31;10.170000076293945;10.25;9.760000228881836;9.920000076293945;9.808475494384766;892400
2021-09-01;9.949999809265137;10.210000038146973;9.920000076293945;9.949999809265137;9.838138580322266;458100
2021-09-02;9.9399995803833;10.039999961853027;9.220000267028809;9.25;9.146007537841797;2388400
2021-09-03;9.350000381469727;9.789999961853027;9.220000267028809;9.6899995803833;9.581060409545898;735000
2021-09-06;9.670000076293945;10.260000228881836;9.550000190734863;10.260000228881836;10.1446533203125;653000
2021-09-08;10.25;10.25;9.5;9.739999771118164;9.630498886108398;1161500
2021-09-09;9.760000228881836;10.0600004196167;9.550000190734863;9.899999618530273;9.788700103759766;674900
2021-09-10;10.25;10.359999656677246;9.720000267028809;9.789999961853027;9.679937362670898;654000
2021-09-13;10.0;10.079999923706055;9.84000015258789;9.949999809265137;9.838138580322266;403200
2021-09-14;9.989999771118164;10.489999771118164;9.970000267028809;10.430000305175781;10.312742233276367;979100
2021-09-15;10.40999984741211;10.40999984741211;10.0;10.390000343322754;10.273192405700684;1271900
2021-09-16;10.34000015258789;10.34000015258789;10.050000190734863;10.260000228881836;10.1446533203125;553400
2021-09-17;10.260000228881836;10.260000228881836;9.800000190734863;10.0600004196167;9.94690227508545;936900
2021-09-20;9.649999618530273;9.729999542236328;9.270000457763672;9.699999809265137;9.590949058532715;998800
2021-09-21;9.800000190734863;9.829999923706055;9.539999961853027;9.720000267028809;9.610724449157715;799400
2021-09-22;9.930000305175781;9.930000305175781;9.529999732971191;9.59000015258789;9.482185363769531;1450600
2021-09-23;9.630000114440918;9.869999885559082;9.550000190734863;9.800000190734863;9.689825057983398;796600
2021-09-24;9.699999809265137;9.949999809265137;9.619999885559082;9.6899995803833;9.581060409545898;523600
2021-09-27;9.6899995803833;10.180000305175781;9.569999694824219;10.149999618530273;10.035889625549316;935300
2021-09-28;9.960000038146973;10.09000015258789;9.720000267028809;9.920000076293945;9.808475494384766;724900
2021-09-29;9.859999656677246;10.0;9.670000076293945;9.720000267028809;9.610724449157715;845200
2021-09-30;9.710000038146973;9.800000190734863;8.960000038146973;9.5;9.393198013305664;2536900
2021-10-01;9.850000381469727;10.65999984741211;9.8100004196167;9.970000267028809;9.85791301727295;4637100
2021-10-04;9.949999809265137;10.0600004196167;9.1899995803833;9.1899995803833;9.086682319641113;1235100
2021-10-05;9.1899995803833;9.289999961853027;8.579999923706055;8.800000190734863;8.701066970825195;2264100
2021-10-06;8.75;9.25;8.460000038146973;9.25;9.146007537841797;1307900
2021-10-07;9.34000015258789;9.34000015258789;8.729999542236328;9.0;8.898818016052246;975000
2021-10-08;9.079999923706055;9.300000190734863;8.970000267028809;8.970000267028809;8.869156837463379;816500
2021-10-11;9.050000190734863;9.289999961853027;8.680000305175781;8.680000305175781;8.582416534423828;879100
2021-10-13;8.800000190734863;9.050000190734863;8.630000114440918;9.050000190734863;8.948256492614746;786000
2021-10-14;9.050000190734863;9.050000190734863;8.59000015258789;8.880000114440918;8.780167579650879;1240300
2021-10-15;8.869999885559082;9.100000381469727;8.720000267028809;9.100000381469727;8.99769401550293;795100
2021-10-18;9.0;9.949999809265137;8.819999694824219;9.949999809265137;9.838138580322266;1939500
2021-10-19;9.84000015258789;9.84000015258789;9.3100004196167;9.710000038146973;9.600836753845215;1103800
2021-10-20;9.640000343322754;9.6899995803833;9.319999694824219;9.520000457763672;9.412973403930664;835700
2021-10-21;9.380000114440918;9.399999618530273;8.880000114440918;9.1899995803833;9.086682319641113;1035800
2021-10-22;9.0;9.0600004196167;8.399999618530273;8.75;8.651629447937012;1615200
2021-10-25;8.920000076293945;9.5;8.819999694824219;9.479999542236328;9.373421669006348;1026600
2021-10-26;9.34000015258789;9.34000015258789;8.970000267028809;9.130000114440918;9.02735710144043;604300
2021-10-27;9.0;9.180000305175781;8.75;8.75;8.651629447937012;688100
2021-10-28;8.779999732971191;9.029999732971191;8.479999542236328;8.75;8.651629447937012;1430400
2021-10-29;8.600000381469727;8.739999771118164;8.4399995803833;8.739999771118164;8.641741752624512;838700
2021-11-01;9.170000076293945;9.170000076293945;8.399999618530273;9.0;8.898818016052246;1183500
2021-11-03;8.819999694824219;9.569999694824219;8.710000038146973;9.300000190734863;9.195446014404297;1113300
2021-11-04;9.329999923706055;9.529999732971191;9.050000190734863;9.529999732971191;9.422859191894531;776400
2021-11-05;9.520000457763672;9.579999923706055;9.079999923706055;9.329999923706055;9.22510814666748;1745400
2021-11-08;9.270000457763672;9.5600004196167;9.130000114440918;9.5600004196167;9.452523231506348;594200
2021-11-09;9.5600004196167;9.770000457763672;9.329999923706055;9.600000381469727;9.492074012756348;1329500
2021-11-10;9.5;9.710000038146973;9.399999618530273;9.5600004196167;9.452523231506348;800000
2021-11-11;9.649999618530273;10.199999809265137;9.59000015258789;9.890000343322754;9.778813362121582;1061200
2021-11-12;9.979999542236328;10.069999694824219;9.649999618530273;9.859999656677246;9.749149322509766;1359500
2021-11-16;9.859999656677246;9.859999656677246;9.420000076293945;9.569999694824219;9.462409973144531;888000
2021-11-17;9.609999656677246;9.6899995803833;8.84000015258789;8.899999618530273;8.799942016601562;1548800
2021-11-18;8.869999885559082;9.149999618530273;8.770000457763672;8.850000381469727;8.750505447387695;1142900
2021-11-19;8.84000015258789;9.0600004196167;8.699999809265137;8.859999656677246;8.760392189025879;879600
2021-11-22;8.859999656677246;8.989999771118164;8.430000305175781;8.4399995803833;8.345113754272461;1024000
2021-11-23;8.5;8.569999694824219;8.020000457763672;8.100000381469727;8.00893783569336;1128100
2021-11-24;8.109999656677246;8.5600004196167;7.820000171661377;8.4399995803833;8.345113754272461;856400
2021-11-25;8.59000015258789;8.670000076293945;8.350000381469727;8.600000381469727;8.503315925598145;631800
2021-11-26;8.390000343322754;8.569999694824219;8.130000114440918;8.34000015258789;8.246238708496094;1250900
2021-11-29;8.609999656677246;8.609999656677246;8.199999809265137;8.199999809265137;8.107812881469727;1108600
2021-11-30;8.170000076293945;8.170000076293945;7.400000095367432;7.400000095367432;7.316806316375732;4389700
2021-12-01;7.519999980926514;7.639999866485596;6.699999809265137;6.900000095367432;6.822427272796631;2446200
2021-12-02;6.980000019073486;7.449999809265137;6.889999866485596;7.389999866485596;7.306918621063232;1990000
2021-12-03;7.389999866485596;7.510000228881836;7.179999828338623;7.400000095367432;7.316806316375732;1227700
2021-12-06;7.300000190734863;7.53000020980835;7.199999809265137;7.53000020980835;7.445345401763916;798800
2021-12-07;7.599999904632568;7.849999904632568;7.389999866485596;7.449999809265137;7.366243839263916;816300
2021-12-08;7.659999847412109;8.260000228881836;7.630000114440918;8.199999809265137;8.107812881469727;983100
2021-12-09;8.140000343322754;8.460000038146973;7.949999809265137;8.25;8.15725040435791;1327600
2021-12-10;8.270000457763672;8.380000114440918;8.130000114440918;8.350000381469727;8.256126403808594;476000
2021-12-13;8.300000190734863;8.4399995803833;8.1899995803833;8.399999618530273;8.305563926696777;391800
2021-12-14;8.279999732971191;8.380000114440918;7.980000019073486;8.0;7.910060882568359;487100
2021-12-15;8.010000228881836;8.4399995803833;7.900000095367432;8.40999984741211;8.315451622009277;598600
2021-12-16;8.279999732971191;8.680000305175781;8.239999771118164;8.5;8.404439926147461;1058200
2021-12-17;8.470000267028809;9.380000114440918;8.1899995803833;9.369999885559082;9.26465892791748;2285900
2021-12-20;9.229999542236328;9.3100004196167;8.819999694824219;9.010000228881836;8.908705711364746;555900
2021-12-21;9.0;9.180000305175781;8.84000015258789;8.960000038146973;8.859268188476562;337400
2021-12-22;9.180000305175781;9.180000305175781;8.779999732971191;8.930000305175781;8.829606056213379;615200
2021-12-23;8.829999923706055;9.460000038146973;8.829999923706055;9.3100004196167;9.205333709716797;757800
2021-12-27;9.390000343322754;9.609999656677246;9.220000267028809;9.5600004196167;9.452523231506348;535100
2021-12-28;9.600000381469727;9.699999809265137;9.4399995803833;9.699999809265137;9.590949058532715;355800
2021-12-29;9.720000267028809;9.760000228881836;9.449999809265137;9.600000381469727;9.492074012756348;801900
2021-12-30;9.739999771118164;10.050000190734863;9.5600004196167;9.729999542236328;9.620611190795898;2589300
2022-01-03;9.600000381469727;9.760000228881836;8.970000267028809;9.170000076293945;9.06690788269043;864700
2022-01-04;9.369999885559082;9.369999885559082;9.0;9.149999618530273;9.047131538391113;402000
2022-01-05;8.979999542236328;9.149999618530273;8.4399995803833;8.4399995803833;8.345113754272461;973600
2022-01-06;8.40999984741211;8.920000076293945;8.199999809265137;8.710000038146973;8.612078666687012;527200
2022-01-07;8.510000228881836;8.90999984741211;8.420000076293945;8.800000190734863;8.701066970825195;247200
2022-01-10;8.789999961853027;8.789999961853027;8.270000457763672;8.579999923706055;8.483539581298828;637600
2022-01-11;8.380000114440918;8.65999984741211;8.180000305175781;8.350000381469727;8.256126403808594;606000
2022-01-12;8.5;8.649999618530273;8.260000228881836;8.579999923706055;8.483539581298828;374600
2022-01-13;8.449999809265137;8.489999771118164;8.270000457763672;8.390000343322754;8.295677185058594;452500
2022-01-14;8.220000267028809;8.399999618530273;8.109999656677246;8.25;8.15725040435791;485300
2022-01-17;8.109999656677246;8.529999732971191;8.079999923706055;8.529999732971191;8.434102058410645;236700
2022-01-18;8.300000190734863;8.449999809265137;8.09000015258789;8.09000015258789;7.999049663543701;618900
2022-01-19;8.210000038146973;8.869999885559082;8.100000381469727;8.869999885559082;8.770279884338379;572800
2022-01-20;8.65999984741211;9.210000038146973;8.65999984741211;9.199999809265137;9.096569061279297;510100
2022-01-21;8.920000076293945;9.140000343322754;8.600000381469727;8.930000305175781;8.829606056213379;513500
2022-01-24;8.949999809265137;8.960000038146973;8.619999885559082;8.899999618530273;8.799942016601562;456600
2022-01-25;8.800000190734863;9.25;8.75;9.25;9.146007537841797;335700
2022-01-26;9.329999923706055;9.489999771118164;9.100000381469727;9.100000381469727;8.99769401550293;458100
2022-01-27;9.109999656677246;9.279999732971191;8.9399995803833;9.270000457763672;9.165783882141113;604500
2022-01-28;9.100000381469727;9.5;8.930000305175781;9.5;9.393198013305664;382100
2022-01-31;9.6899995803833;9.9399995803833;9.34000015258789;9.800000190734863;9.689825057983398;1075300
2022-02-01;9.300000190734863;10.0600004196167;9.149999618530273;9.970000267028809;9.85791301727295;2338300
2022-02-02;10.0600004196167;10.449999809265137;10.020000457763672;10.039999961853027;9.92712688446045;1130400
2022-02-03;10.100000381469727;10.199999809265137;9.760000228881836;9.760000228881836;9.650274276733398;502700
2022-02-04;10.0;10.0;9.479999542236328;9.869999885559082;9.759037017822266;515900
2022-02-07;9.880000114440918;10.100000381469727;9.699999809265137;9.710000038146973;9.600836753845215;560600
2022-02-08;9.829999923706055;9.90999984741211;9.569999694824219;9.600000381469727;9.492074012756348;328300
2022-02-09;9.649999618530273;9.949999809265137;9.649999618530273;9.729999542236328;9.620611190795898;429600
2022-02-10;9.850000381469727;10.229999542236328;9.75;9.800000190734863;9.689825057983398;564600
2022-02-11;9.970000267028809;10.199999809265137;9.609999656677246;9.630000114440918;9.521736145019531;623400
2022-02-14;9.649999618530273;9.899999618530273;9.5600004196167;9.640000343322754;9.531622886657715;564000
2022-02-15;9.75;10.119999885559082;9.720000267028809;10.119999885559082;10.006226539611816;422700
2022-02-16;10.140000343322754;10.149999618530273;9.789999961853027;9.859999656677246;9.749149322509766;368300
2022-02-17;9.890000343322754;10.119999885559082;9.829999923706055;9.859999656677246;9.749149322509766;419800
2022-02-18;10.119999885559082;10.130000114440918;9.75;9.800000190734863;9.689825057983398;774100
2022-02-21;9.979999542236328;9.979999542236328;9.149999618530273;9.470000267028809;9.363534927368164;441900
2022-02-22;9.529999732971191;9.739999771118164;9.399999618530273;9.579999923706055;9.472297668457031;505300
2022-02-23;9.649999618530273;9.760000228881836;9.520000457763672;9.529999732971191;9.422859191894531;591500
2022-02-24;9.5;10.140000343322754;9.149999618530273;9.930000305175781;9.818363189697266;1088900
2022-02-25;9.949999809265137;10.199999809265137;9.770000457763672;10.020000457763672;9.90735149383545;879400
2022-03-02;10.050000190734863;10.899999618530273;10.050000190734863;10.399999618530273;10.28307819366455;1101300
2022-03-03;10.390000343322754;11.0;10.390000343322754;11.0;10.876334190368652;2254200
2022-03-04;10.890000343322754;11.300000190734863;10.640000343322754;11.0;10.876334190368652;1194000
2022-03-07;10.949999809265137;11.680000305175781;10.850000381469727;11.109999656677246;10.98509693145752;2256300
2022-03-08;11.1899995803833;11.229999542236328;10.369999885559082;10.399999618530273;10.28307819366455;1595500
2022-03-09;10.449999809265137;10.670000076293945;10.119999885559082;10.180000305175781;10.065552711486816;1721300
2022-03-10;10.140000343322754;10.550000190734863;10.050000190734863;10.25;10.134765625;1033200
2022-03-11;10.289999961853027;10.40999984741211;9.800000190734863;10.0;9.88757610321045;1109100
2022-03-14;9.989999771118164;10.069999694824219;9.670000076293945;10.0;9.88757610321045;726900
2022-03-15;9.949999809265137;9.949999809265137;9.520000457763672;9.699999809265137;9.590949058532715;1588500
2022-03-16;9.779999732971191;10.039999961853027;9.239999771118164;9.520000457763672;9.412973403930664;1074700
2022-03-17;9.600000381469727;9.770000457763672;9.300000190734863;9.550000190734863;9.442635536193848;1370300
2022-03-18;9.550000190734863;9.920000076293945;9.430000305175781;9.739999771118164;9.630498886108398;1880900
2022-03-21;9.739999771118164;9.90999984741211;9.050000190734863;9.180000305175781;9.07679557800293;1726100
2022-03-22;9.229999542236328;9.449999809265137;9.050000190734863;9.380000114440918;9.27454662322998;1100700
2022-03-23;9.390000343322754;9.640000343322754;9.319999694824219;9.630000114440918;9.521736145019531;918600
2022-03-24;9.649999618530273;9.800000190734863;9.5;9.75;9.640386581420898;787300
2022-03-25;9.779999732971191;9.930000305175781;9.5600004196167;9.930000305175781;9.818363189697266;1591400
2022-03-28;10.0;10.050000190734863;9.609999656677246;9.609999656677246;9.501960754394531;2037800
2022-03-29;9.670000076293945;10.25;9.630000114440918;10.100000381469727;9.986452102661133;2330400
2022-03-30;10.170000076293945;10.270000457763672;9.770000457763672;9.869999885559082;9.759037017822266;842500
2022-03-31;9.899999618530273;10.010000228881836;9.710000038146973;9.850000381469727;9.739263534545898;1085600
2022-04-01;9.949999809265137;10.180000305175781;9.920000076293945;10.039999961853027;9.92712688446045;523600
2022-04-04;10.050000190734863;10.140000343322754;9.850000381469727;9.989999771118164;9.87768840789795;369500
2022-04-05;10.0;10.109999656677246;9.630000114440918;9.630000114440918;9.521736145019531;811400
2022-04-06;9.619999885559082;9.619999885559082;8.899999618530273;9.069999694824219;8.968031883239746;3233100
2022-04-07;9.050000190734863;9.199999809265137;8.630000114440918;9.119999885559082;9.01746940612793;2813000
2022-04-08;9.100000381469727;9.15999984741211;8.9399995803833;9.050000190734863;8.948256492614746;646400
2022-04-11;8.989999771118164;9.0600004196167;8.90999984741211;8.979999542236328;8.879042625427246;886200
2022-04-12;9.079999923706055;9.40999984741211;8.989999771118164;9.170000076293945;9.06690788269043;858400
2022-04-13;9.170000076293945;9.25;8.949999809265137;9.0;8.898818016052246;636200
2022-04-14;9.0;9.149999618530273;8.850000381469727;8.859999656677246;8.760392189025879;585000
2022-04-18;8.859999656677246;9.170000076293945;8.699999809265137;9.020000457763672;8.918594360351562;1267900
2022-04-19;9.0;9.1899995803833;8.960000038146973;9.180000305175781;9.07679557800293;471500
2022-04-20;9.199999809265137;9.270000457763672;9.100000381469727;9.25;9.146007537841797;389100
2022-04-22;9.239999771118164;9.239999771118164;8.930000305175781;9.039999961853027;8.938368797302246;524400
2022-04-25;9.020000457763672;9.140000343322754;8.8100004196167;9.069999694824219;8.968031883239746;796300
2022-04-26;9.0;9.180000305175781;8.800000190734863;8.899999618530273;8.799942016601562;913700
2022-04-27;8.920000076293945;9.09000015258789;8.8100004196167;8.869999885559082;8.770279884338379;863600
2022-04-28;8.90999984741211;8.949999809265137;8.699999809265137;8.829999923706055;8.745819091796875;569100
2022-04-29;8.949999809265137;9.260000228881836;8.779999732971191;9.0600004196167;8.973627090454102;1623200
2022-05-02;9.029999732971191;9.239999771118164;8.699999809265137;8.949999809265137;8.864675521850586;1415000
2022-05-03;8.9399995803833;9.020000457763672;8.729999542236328;8.880000114440918;8.795343399047852;495500
2022-05-04;8.819999694824219;9.319999694824219;8.640000343322754;9.319999694824219;9.231147766113281;1165300
2022-05-05;9.270000457763672;9.270000457763672;8.479999542236328;8.90999984741211;8.825057029724121;1661900
2022-05-06;8.899999618530273;8.899999618530273;8.260000228881836;8.34000015258789;8.260491371154785;2883100
2022-05-09;8.25;8.380000114440918;7.980000019073486;8.130000114440918;8.05249309539795;1486700
2022-05-10;8.25;8.550000190734863;8.25;8.510000228881836;8.42887020111084;1647200
2022-05-11;8.449999809265137;8.600000381469727;8.380000114440918;8.399999618530273;8.319918632507324;607100
2022-05-12;8.300000190734863;8.789999961853027;8.300000190734863;8.739999771118164;8.65667724609375;593600
2022-05-13;8.899999618530273;9.039999961853027;8.75;8.850000381469727;8.765628814697266;566700
2022-05-16;8.850000381469727;8.960000038146973;8.720000267028809;8.960000038146973;8.874580383300781;606000
2022-05-17;8.970000267028809;9.149999618530273;8.899999618530273;9.100000381469727;9.013245582580566;402200
2022-05-18;9.069999694824219;9.09000015258789;8.729999542236328;9.0;8.914198875427246;2469900
2022-05-19;8.970000267028809;9.0;8.680000305175781;8.899999618530273;8.815152168273926;953700
2022-05-20;8.90999984741211;9.0;8.720000267028809;8.800000190734863;8.716105461120605;843300
2022-05-23;8.859999656677246;9.0;8.739999771118164;8.760000228881836;8.67648696899414;637000
2022-05-24;8.789999961853027;9.239999771118164;8.760000228881836;9.210000038146973;9.122197151184082;1808700
2022-05-25;9.210000038146973;9.300000190734863;9.100000381469727;9.199999809265137;9.112292289733887;467200
2022-05-26;9.119999885559082;9.279999732971191;8.979999542236328;9.079999923706055;8.993435859680176;520300
2022-05-27;9.079999923706055;9.220000267028809;9.050000190734863;9.149999618530273;9.06276798248291;455700
2022-05-30;9.15999984741211;9.489999771118164;9.119999885559082;9.40999984741211;9.320289611816406;1201000
2022-05-31;9.40999984741211;9.609999656677246;9.319999694824219;9.600000381469727;9.508479118347168;781800
2022-06-01;9.5600004196167;9.75;9.479999542236328;9.75;9.657049179077148;899600
2022-06-02;9.75;9.75;9.380000114440918;9.399999618530273;9.310384750366211;493000
2022-06-03;9.390000343322754;9.449999809265137;9.3100004196167;9.359999656677246;9.270766258239746;360800
2022-06-06;9.390000343322754;9.420000076293945;8.960000038146973;8.960000038146973;8.874580383300781;417700
2022-06-07;8.930000305175781;8.979999542236328;8.8100004196167;8.920000076293945;8.834961891174316;382400
2022-06-08;8.869999885559082;8.930000305175781;8.770000457763672;8.8100004196167;8.7260103225708;446200
2022-06-09;8.819999694824219;8.989999771118164;8.699999809265137;8.829999923706055;8.745819091796875;539200
2022-06-10;8.779999732971191;8.800000190734863;8.399999618530273;8.630000114440918;8.54772663116455;943000
2022-06-13;8.510000228881836;8.579999923706055;8.239999771118164;8.479999542236328;8.399155616760254;691400
2022-06-14;8.5;8.5600004196167;8.25;8.369999885559082;8.290205001831055;417100
2022-06-15;8.510000228881836;8.510000228881836;8.119999885559082;8.270000457763672;8.191158294677734;1106400
2022-06-17;8.149999618530273;8.5600004196167;8.050000190734863;8.5600004196167;8.4783935546875;874400
2022-06-20;8.550000190734863;8.6899995803833;8.319999694824219;8.40999984741211;8.32982349395752;482000
2022-06-21;8.460000038146973;8.510000228881836;8.1899995803833;8.34000015258789;8.260491371154785;525900
2022-06-22;8.220000267028809;8.489999771118164;8.220000267028809;8.350000381469727;8.27039623260498;425200
2022-06-23;8.380000114440918;8.579999923706055;8.329999923706055;8.399999618530273;8.319918632507324;606400
2022-06-24;8.4399995803833;8.4399995803833;8.020000457763672;8.100000381469727;8.02277946472168;768900
2022-06-27;8.09000015258789;8.1899995803833;8.050000190734863;8.140000343322754;8.062397956848145;460100
2022-06-28;8.210000038146973;8.210000038146973;8.0;8.0;7.923732280731201;402200
2022-06-29;8.029999732971191;8.0600004196167;7.849999904632568;8.0;7.923732280731201;343500
2022-06-30;8.020000457763672;8.069999694824219;7.840000152587891;8.0;7.923732280731201;843800
2022-07-01;7.980000019073486;8.359999656677246;7.949999809265137;8.279999732971191;8.201062202453613;579100
2022-07-04;8.3100004196167;8.460000038146973;8.279999732971191;8.289999961853027;8.210967063903809;359700
2022-07-05;8.279999732971191;8.34000015258789;7.789999961853027;7.980000019073486;7.903923034667969;1218800
2022-07-06;8.0;8.210000038146973;7.880000114440918;8.15999984741211;8.082206726074219;605500
2022-07-07;8.210000038146973;8.350000381469727;8.09000015258789;8.15999984741211;8.082206726074219;561600
2022-07-08;8.220000267028809;8.350000381469727;8.010000228881836;8.109999656677246;8.032683372497559;872000
2022-07-11;8.079999923706055;8.130000114440918;7.920000076293945;7.980000019073486;7.903923034667969;463200
2022-07-12;8.0;8.0;7.809999942779541;7.900000095367432;7.824685573577881;423900
2022-07-13;7.900000095367432;8.0;7.829999923706055;7.849999904632568;7.775162220001221;356600
2022-07-14;7.829999923706055;7.989999771118164;7.710000038146973;7.96999979019165;7.894018173217773;567500
2022-07-15;8.100000381469727;8.279999732971191;7.900000095367432;8.220000267028809;8.141634941101074;1244500
2022-07-18;8.300000190734863;8.460000038146973;8.25;8.3100004196167;8.230777740478516;436400
2022-07-19;8.40999984741211;8.539999961853027;8.220000267028809;8.40999984741211;8.32982349395752;1332800
2022-07-20;8.420000076293945;8.6899995803833;8.399999618530273;8.670000076293945;8.587345123291016;706800
2022-07-21;8.699999809265137;8.739999771118164;8.520000457763672;8.6899995803833;8.60715389251709;365000
2022-07-22;8.699999809265137;8.859999656677246;8.609999656677246;8.829999923706055;8.745819091796875;477800
2022-07-25;8.869999885559082;8.9399995803833;8.779999732971191;8.8100004196167;8.7260103225708;432200
2022-07-26;8.920000076293945;8.920000076293945;8.710000038146973;8.819999694824219;8.73591423034668;348300
2022-07-27;8.850000381469727;9.140000343322754;8.84000015258789;9.140000343322754;9.052864074707031;386300
2022-07-28;9.140000343322754;9.220000267028809;9.0600004196167;9.119999885559082;9.03305435180664;534800
2022-07-29;9.15999984741211;9.229999542236328;9.0600004196167;9.180000305175781;9.092483520507812;315600
2022-08-01;9.0;9.260000228881836;9.0;9.15999984741211;9.072672843933105;460600
2022-08-02;9.25;9.25;9.100000381469727;9.210000038146973;9.122197151184082;388300
2022-08-03;9.220000267028809;9.399999618530273;9.180000305175781;9.3100004196167;9.221243858337402;380000
2022-08-04;9.350000381469727;9.600000381469727;9.170000076293945;9.350000381469727;9.260862350463867;2219200
2022-08-05;9.350000381469727;9.479999542236328;9.180000305175781;9.4399995803833;9.350003242492676;499800
2022-08-08;9.510000228881836;9.800000190734863;9.5;9.619999885559082;9.528287887573242;1051800
2022-08-09;9.619999885559082;9.710000038146973;9.1899995803833;9.3100004196167;9.221243858337402;969700
2022-08-10;9.359999656677246;9.649999618530273;9.319999694824219;9.569999694824219;9.478764533996582;1115400
2022-08-11;9.640000343322754;9.880000114440918;9.529999732971191;9.819999694824219;9.726381301879883;866000
2022-08-12;9.859999656677246;10.180000305175781;9.729999542236328;10.039999961853027;9.944284439086914;1062500
2022-08-15;9.960000038146973;10.4399995803833;9.770000457763672;10.260000228881836;10.162186622619629;986400
2022-08-16;10.210000038146973;10.359999656677246;10.029999732971191;10.350000381469727;10.25132942199707;795900
2022-08-17;10.350000381469727;10.520000457763672;10.140000343322754;10.149999618530273;10.053235054016113;836200
2022-08-18;10.149999618530273;10.270000457763672;9.9399995803833;10.0;9.904664993286133;588300
2022-08-19;9.970000267028809;10.0;9.729999542236328;9.890000343322754;9.795714378356934;599500
2022-08-22;10.0;10.5600004196167;10.0;10.319999694824219;10.221613883972168;3562300
2022-08-23;10.390000343322754;10.550000190734863;10.260000228881836;10.359999656677246;10.26123332977295;1469800
2022-08-24;10.359999656677246;10.720000267028809;10.289999961853027;10.529999732971191;10.429612159729004;2463100
2022-08-25;10.539999961853027;10.899999618530273;10.539999961853027;10.699999809265137;10.597991943359375;3143000
2022-08-26;10.760000228881836;11.0;10.640000343322754;10.9399995803833;10.83570384979248;2236400
2022-08-29;10.90999984741211;11.239999771118164;10.890000343322754;11.109999656677246;11.004082679748535;1478600
2022-08-30;11.15999984741211;11.369999885559082;11.010000228881836;11.149999618530273;11.043701171875;1487400
2022-08-31;11.210000038146973;11.279999732971191;10.829999923706055;10.90999984741211;10.805990219116211;1889200
2022-09-01;10.920000076293945;11.229999542236328;10.890000343322754;11.180000305175781;11.073415756225586;1718800
2022-09-02;11.289999961853027;11.5;11.199999809265137;11.300000190734863;11.192272186279297;1455600
2022-09-05;11.300000190734863;11.470000267028809;11.229999542236328;11.300000190734863;11.192272186279297;1271300
2022-09-06;11.15999984741211;11.279999732971191;10.850000381469727;11.010000228881836;10.905036926269531;2145500
2022-09-08;11.100000381469727;11.270000457763672;10.989999771118164;11.149999618530273;11.043701171875;1747800
2022-09-09;11.220000267028809;11.279999732971191;10.869999885559082;11.100000381469727;10.994178771972656;3203400
2022-09-12;11.220000267028809;11.319999694824219;11.050000190734863;11.15999984741211;11.053606033325195;2300200
2022-09-13;11.0;11.09000015258789;10.65999984741211;10.710000038146973;10.60789680480957;3308200
2022-09-14;10.680000305175781;10.760000228881836;10.329999923706055;10.380000114440918;10.28104305267334;2762800
2022-09-15;10.369999885559082;10.5;10.010000228881836;10.34000015258789;10.241424560546875;3220000
2022-09-16;10.319999694824219;10.479999542236328;10.100000381469727;10.25;10.152281761169434;23565900
2022-09-19;10.199999809265137;10.880000114440918;10.199999809265137;10.789999961853027;10.6871337890625;1618500
2022-09-20;10.770000457763672;11.100000381469727;10.770000457763672;11.010000228881836;10.905036926269531;898100
2022-09-21;11.020000457763672;11.25;10.989999771118164;11.229999542236328;11.122939109802246;762600
2022-09-22;11.350000381469727;11.619999885559082;11.149999618530273;11.390000343322754;11.281414031982422;1968500
2022-09-23;11.210000038146973;11.680000305175781;11.210000038146973;11.680000305175781;11.568649291992188;831800
2022-09-26;11.539999961853027;11.539999961853027;10.710000038146973;10.850000381469727;10.746562004089355;1797600
2022-09-27;10.970000267028809;10.970000267028809;10.619999885559082;10.619999885559082;10.518754959106445;933400
2022-09-28;10.600000381469727;10.770000457763672;10.529999732971191;10.739999771118164;10.63761043548584;1057400
2022-09-29;10.630000114440918;10.739999771118164;10.4399995803833;10.569999694824219;10.469230651855469;887800
2022-09-30;10.520000457763672;11.029999732971191;10.470000267028809;11.0;10.895132064819336;1123800
2022-10-03;11.149999618530273;11.5600004196167;11.149999618530273;11.510000228881836;11.400270462036133;1370100
2022-10-04;11.630000114440918;12.329999923706055;11.569999694824219;12.220000267028809;12.103501319885254;2207300
2022-10-05;12.210000038146973;12.390000343322754;12.020000457763672;12.140000343322754;12.024264335632324;844900
2022-10-06;12.170000076293945;12.65999984741211;12.170000076293945;12.569999694824219;12.450163841247559;1119400
2022-10-07;12.5;12.819999694824219;12.399999618530273;12.770000457763672;12.648258209228516;1386800
2022-10-10;12.850000381469727;13.640000343322754;12.800000190734863;13.3100004196167;13.183110237121582;3199300
2022-10-11;13.270000457763672;13.479999542236328;13.180000305175781;13.25;13.123682022094727;1714000
2022-10-13;13.010000228881836;13.539999961853027;12.960000038146973;13.350000381469727;13.222728729248047;1903500
2022-10-14;13.399999618530273;13.5;13.0600004196167;13.149999618530273;13.02463436126709;1153200
2022-10-17;13.079999923706055;13.229999542236328;12.670000076293945;12.670000076293945;12.549211502075195;1660600
2022-10-18;12.8100004196167;12.890000343322754;12.479999542236328;12.850000381469727;12.727495193481445;734800
2022-10-19;12.859999656677246;13.09000015258789;12.779999732971191;12.90999984741211;12.786922454833984;1459700
2022-10-20;12.920000076293945;12.920000076293945;12.4399995803833;12.609999656677246;12.489782333374023;1105900
2022-10-21;12.510000228881836;12.710000038146973;12.390000343322754;12.59000015258789;12.46997356414795;644800
2022-10-24;12.59000015258789;12.59000015258789;11.970000267028809;12.130000114440918;12.014359474182129;1690500
2022-10-25;12.109999656677246;12.3100004196167;12.0;12.130000114440918;12.014359474182129;867400
2022-10-26;12.039999961853027;12.220000267028809;11.859999656677246;11.960000038146973;11.845979690551758;2001300
2022-10-27;11.989999771118164;12.359999656677246;11.859999656677246;12.279999732971191;12.162928581237793;1072000
2022-10-28;12.130000114440918;12.319999694824219;12.0;12.260000228881836;12.143119812011719;843000
2022-10-31;12.0;12.760000228881836;11.890000343322754;12.680000305175781;12.55911636352539;1250300
2022-11-01;12.779999732971191;13.149999618530273;12.529999732971191;12.960000038146973;12.836446762084961;1158800
2022-11-03;12.789999961853027;13.289999961853027;12.729999542236328;12.960000038146973;12.836446762084961;2349600
2022-11-04;13.180000305175781;14.0;13.180000305175781;13.520000457763672;13.391107559204102;2316800
2022-11-07;13.649999618530273;13.649999618530273;12.449999809265137;12.739999771118164;12.61854362487793;1308000
2022-11-08;12.449999809265137;12.449999809265137;11.619999885559082;12.130000114440918;12.014359474182129;3838800
2022-11-09;12.039999961853027;12.300000190734863;11.850000381469727;12.0;11.885598182678223;2060600
2022-11-10;11.729999542236328;11.90999984741211;11.229999542236328;11.539999961853027;11.429984092712402;1319500
2022-11-11;11.539999961853027;12.229999542236328;11.180000305175781;12.010000228881836;11.895503044128418;1908800
2022-11-14;12.1899995803833;12.210000038146973;11.819999694824219;11.989999771118164;11.875693321228027;714700
2022-11-16;11.979999542236328;12.039999961853027;11.430000305175781;11.609999656677246;11.499316215515137;956000
2022-11-17;11.5;11.5;10.729999542236328;11.130000114440918;11.023892402648926;1566300
2022-11-18;11.3100004196167;11.520000457763672;10.949999809265137;11.140000343322754;11.033797264099121;1685000
2022-11-21;11.199999809265137;11.4399995803833;10.989999771118164;11.300000190734863;11.192272186279297;1320900
2022-11-22;11.329999923706055;11.420000076293945;10.449999809265137;10.770000457763672;10.667325019836426;1839100
2022-11-23;10.739999771118164;10.829999923706055;10.510000228881836;10.760000228881836;10.65742015838623;695800
2022-11-24;10.9399995803833;11.210000038146973;10.8100004196167;11.079999923706055;10.974369049072266;365600
2022-11-25;11.050000190734863;11.109999656677246;10.680000305175781;10.84000015258789;10.73665714263916;526900
2022-11-28;10.979999542236328;11.020000457763672;10.619999885559082;10.829999923706055;10.726752281188965;1054500
2022-11-29;10.869999885559082;11.25;10.789999961853027;11.199999809265137;11.093225479125977;809000
2022-11-30;11.239999771118164;11.270000457763672;10.779999732971191;11.09000015258789;10.984273910522461;1164200
2022-12-01;11.050000190734863;11.350000381469727;10.9399995803833;11.0600004196167;10.954560279846191;803000
2022-12-02;11.079999923706055;11.329999923706055;11.0;11.260000228881836;11.152653694152832;468000
2022-12-05;11.180000305175781;11.1899995803833;10.760000228881836;10.789999961853027;10.6871337890625;492500
2022-12-06;10.859999656677246;10.869999885559082;10.579999923706055;10.670000076293945;10.568278312683105;1407400
2022-12-07;10.640000343322754;10.850000381469727;10.510000228881836;10.729999542236328;10.627705574035645;1000200
2022-12-08;10.699999809265137;10.729999542236328;9.529999732971191;9.619999885559082;9.528287887573242;3127800
2022-12-09;9.739999771118164;9.739999771118164;8.779999732971191;8.960000038146973;8.874580383300781;4545500
2022-12-12;8.960000038146973;9.1899995803833;8.569999694824219;8.699999809265137;8.617058753967285;2046700
2022-12-13;8.760000228881836;8.890000343322754;8.460000038146973;8.529999732971191;8.448678970336914;1864300
2022-12-14;8.449999809265137;8.800000190734863;8.229999542236328;8.729999542236328;8.646772384643555;958200
2022-12-15;8.680000305175781;8.890000343322754;8.569999694824219;8.630000114440918;8.54772663116455;523200
2022-12-16;8.619999885559082;8.619999885559082;8.279999732971191;8.359999656677246;8.28030014038086;1031500
2022-12-19;8.489999771118164;8.65999984741211;8.220000267028809;8.59000015258789;8.508108139038086;938400
2022-12-20;8.65999984741211;9.029999732971191;8.40999984741211;8.960000038146973;8.874580383300781;1271900
2022-12-21;9.149999618530273;9.149999618530273;8.869999885559082;8.960000038146973;8.874580383300781;2305000
2022-12-22;9.010000228881836;9.390000343322754;8.949999809265137;9.270000457763672;9.181625366210938;1177600
2022-12-23;9.479999542236328;9.65999984741211;9.25;9.380000114440918;9.290575981140137;1112700
2022-12-26;9.380000114440918;9.470000267028809;9.119999885559082;9.350000381469727;9.260862350463867;559800
2022-12-27;9.380000114440918;9.380000114440918;9.050000190734863;9.149999618530273;9.06276798248291;714900
2022-12-28;9.170000076293945;9.579999923706055;9.170000076293945;9.5;9.409432411193848;636800
2022-12-29;9.510000228881836;9.619999885559082;9.210000038146973;9.319999694824219;9.231147766113281;943700
2023-01-02;9.649999618530273;9.649999618530273;9.069999694824219;9.359999656677246;9.270766258239746;701700
2023-01-03;9.369999885559082;9.4399995803833;8.529999732971191;8.550000190734863;8.468488693237305;2218600
2023-01-04;8.5600004196167;8.75;8.119999885559082;8.619999885559082;8.537821769714355;1649600
2023-01-05;8.510000228881836;8.869999885559082;8.430000305175781;8.619999885559082;8.537821769714355;1205800
2023-01-06;8.539999961853027;8.75;8.460000038146973;8.699999809265137;8.617058753967285;920300
2023-01-09;8.6899995803833;8.6899995803833;8.350000381469727;8.619999885559082;8.537821769714355;976100
2023-01-10;8.619999885559082;8.880000114440918;8.430000305175781;8.859999656677246;8.775532722473145;1348400
2023-01-11;8.859999656677246;9.25;8.770000457763672;9.170000076293945;9.082578659057617;1151200
2023-01-12;9.170000076293945;9.260000228881836;8.930000305175781;9.0;8.914198875427246;557900
2023-01-13;8.899999618530273;9.15999984741211;8.770000457763672;9.100000381469727;9.013245582580566;947700
2023-01-16;9.100000381469727;9.270000457763672;8.960000038146973;9.100000381469727;9.013245582580566;350100
2023-01-17;9.09000015258789;9.289999961853027;9.069999694824219;9.25;9.161815643310547;795600
2023-01-18;9.359999656677246;9.6899995803833;9.289999961853027;9.600000381469727;9.508479118347168;1416100
2023-01-19;9.5600004196167;9.960000038146973;9.369999885559082;9.819999694824219;9.726381301879883;1044900
2023-01-20;9.800000190734863;9.800000190734863;9.550000190734863;9.579999923706055;9.488669395446777;471500
2023-01-23;9.579999923706055;9.699999809265137;9.399999618530273;9.449999809265137;9.359908103942871;2588300
2023-01-24;9.449999809265137;9.779999732971191;9.399999618530273;9.630000114440918;9.538192749023438;626900
2023-01-25;9.670000076293945;10.119999885559082;9.630000114440918;9.829999923706055;9.736286163330078;1379500
2023-01-26;9.90999984741211;10.050000190734863;9.680000305175781;9.859999656677246;9.765999794006348;763900
2023-01-27;9.869999885559082;9.920000076293945;9.649999618530273;9.760000228881836;9.666954040527344;1344500
2023-01-30;9.880000114440918;9.880000114440918;9.569999694824219;9.649999618530273;9.558001518249512;487300
2023-01-31;9.630000114440918;10.300000190734863;9.579999923706055;10.119999885559082;10.023521423339844;1097300
2023-02-01;10.180000305175781;10.25;9.680000305175781;9.979999542236328;9.884855270385742;1672300
2023-02-02;9.850000381469727;10.529999732971191;9.850000381469727;10.380000114440918;10.28104305267334;1170500
2023-02-03;10.390000343322754;10.789999961853027;10.079999923706055;10.199999809265137;10.102758407592773;1779700
2023-02-06;10.260000228881836;10.279999732971191;9.800000190734863;9.90999984741211;9.815523147583008;934400
2023-02-07;9.90999984741211;10.029999732971191;9.779999732971191;9.979999542236328;9.884855270385742;767300
2023-02-08;10.050000190734863;10.739999771118164;9.949999809265137;10.649999618530273;10.548468589782715;4449800
2023-02-09;10.65999984741211;10.779999732971191;10.449999809265137;10.550000190734863;10.449421882629395;2762200
2023-02-10;10.739999771118164;12.630000114440918;10.539999961853027;12.350000381469727;12.232261657714844;6265700
2023-02-13;12.359999656677246;12.550000190734863;11.880000114440918;12.25;12.133214950561523;1853700
2023-02-14;12.25;12.40999984741211;12.0;12.079999923706055;11.964836120605469;1108100
2023-02-15;12.100000381469727;12.880000114440918;11.930000305175781;12.75;12.75;1577200
2023-02-16;12.75;12.920000076293945;12.399999618530273;12.770000457763672;12.770000457763672;1075500
2023-02-17;12.65999984741211;12.920000076293945;12.460000038146973;12.619999885559082;12.619999885559082;606500
2023-02-22;12.619999885559082;12.789999961853027;12.489999771118164;12.65999984741211;12.65999984741211;648400
2023-02-23;12.65999984741211;12.739999771118164;12.319999694824219;12.40999984741211;12.40999984741211;836500
2023-02-24;12.40999984741211;12.960000038146973;12.399999618530273;12.770000457763672;12.770000457763672;884700
2023-02-27;12.850000381469727;12.899999618530273;12.260000228881836;12.569999694824219;12.569999694824219;596200
2023-02-28;12.569999694824219;12.850000381469727;12.489999771118164;12.739999771118164;12.739999771118164;1495100
2023-03-01;12.90999984741211;12.90999984741211;12.399999618530273;12.489999771118164;12.489999771118164;1002100
2023-03-02;12.470000267028809;12.739999771118164;12.319999694824219;12.34000015258789;12.34000015258789;976300
2023-03-03;12.390000343322754;12.640000343322754;12.329999923706055;12.479999542236328;12.479999542236328;523700
2023-03-06;12.479999542236328;12.710000038146973;12.470000267028809;12.579999923706055;12.579999923706055;459400
2023-03-07;12.600000381469727;12.760000228881836;12.449999809265137;12.760000228881836;12.760000228881836;539100
2023-03-08;12.760000228881836;13.210000038146973;12.720000267028809;13.069999694824219;13.069999694824219;1298300
2023-03-09;13.100000381469727;13.479999542236328;13.069999694824219;13.279999732971191;13.279999732971191;751100
2023-03-10;13.279999732971191;13.279999732971191;12.529999732971191;13.0600004196167;13.0600004196167;1250100
2023-03-13;12.989999771118164;13.210000038146973;12.75;13.029999732971191;13.029999732971191;842900
2023-03-14;13.0;13.180000305175781;12.829999923706055;12.859999656677246;12.859999656677246;557800
2023-03-15;12.649999618530273;12.869999885559082;12.579999923706055;12.6899995803833;12.6899995803833;490300
2023-03-16;12.630000114440918;12.789999961853027;12.460000038146973;12.789999961853027;12.789999961853027;673600
2023-03-17;12.770000457763672;12.800000190734863;12.119999885559082;12.489999771118164;12.489999771118164;1227800
2023-03-20;12.489999771118164;12.520000457763672;12.09000015258789;12.1899995803833;12.1899995803833;673300
2023-03-21;12.199999809265137;12.449999809265137;12.079999923706055;12.319999694824219;12.319999694824219;825800
2023-03-22;12.3100004196167;12.470000267028809;12.050000190734863;12.289999961853027;12.289999961853027;425200
2023-03-23;12.289999961853027;12.319999694824219;11.619999885559082;12.119999885559082;12.119999885559082;1469800
2023-03-24;12.119999885559082;12.770000457763672;12.100000381469727;12.619999885559082;12.619999885559082;1148500
2023-03-27;12.65999984741211;13.010000228881836;12.579999923706055;12.859999656677246;12.859999656677246;904200
2023-03-28;12.829999923706055;13.09000015258789;12.59000015258789;12.630000114440918;12.630000114440918;533500
2023-03-29;12.640000343322754;12.680000305175781;12.3100004196167;12.670000076293945;12.670000076293945;786400
2023-03-30;12.850000381469727;12.890000343322754;12.59000015258789;12.609999656677246;12.609999656677246;418800
2023-03-31;12.6899995803833;12.6899995803833;12.029999732971191;12.210000038146973;12.210000038146973;681400
2023-04-03;12.220000267028809;12.279999732971191;12.0;12.1899995803833;12.1899995803833;698600
2023-04-04;12.109999656677246;12.380000114440918;12.0;12.380000114440918;12.380000114440918;658900
2023-04-05;12.390000343322754;12.529999732971191;11.880000114440918;11.890000343322754;11.890000343322754;1050300
2023-04-06;11.850000381469727;12.0;11.199999809265137;11.350000381469727;11.350000381469727;1498300
2023-04-10;11.279999732971191;11.529999732971191;11.079999923706055;11.279999732971191;11.279999732971191;898500
2023-04-11;11.359999656677246;11.979999542236328;11.34000015258789;11.899999618530273;11.899999618530273;1644800
2023-04-12;11.949999809265137;12.109999656677246;11.699999809265137;11.829999923706055;11.829999923706055;1018600
2023-04-13;11.829999923706055;11.989999771118164;11.479999542236328;11.550000190734863;11.550000190734863;1017000
2023-04-14;11.529999732971191;11.890000343322754;11.359999656677246;11.800000190734863;11.800000190734863;557800
2023-04-17;11.819999694824219;11.819999694824219;11.380000114440918;11.529999732971191;11.529999732971191;743900
2023-04-18;11.5600004196167;11.5600004196167;11.140000343322754;11.380000114440918;11.380000114440918;1002000
2023-04-19;11.300000190734863;11.319999694824219;10.829999923706055;10.960000038146973;10.960000038146973;1559600
2023-04-20;11.050000190734863;11.050000190734863;10.779999732971191;11.010000228881836;11.010000228881836;869600
2023-04-24;11.050000190734863;11.140000343322754;10.699999809265137;10.84000015258789;10.84000015258789;936300
2023-04-25;10.789999961853027;10.869999885559082;10.5;10.8100004196167;10.8100004196167;957800
2023-04-26;10.819999694824219;10.819999694824219;10.5600004196167;10.770000457763672;10.770000457763672;922200
2023-04-27;10.789999961853027;10.789999961853027;10.399999618530273;10.770000457763672;10.770000457763672;1013800
2023-04-28;10.819999694824219;10.850000381469727;10.399999618530273;10.850000381469727;10.850000381469727;1373000
2023-05-02;10.8100004196167;10.850000381469727;10.529999732971191;10.670000076293945;10.670000076293945;1380400
2023-05-03;10.699999809265137;10.75;10.539999961853027;10.699999809265137;10.699999809265137;746500
2023-05-04;10.819999694824219;11.329999923706055;10.75;11.180000305175781;11.180000305175781;3586100
2023-05-05;11.300000190734863;11.470000267028809;10.649999618530273;11.34000015258789;11.34000015258789;3364500
2023-05-08;11.40999984741211;11.489999771118164;11.100000381469727;11.239999771118164;11.239999771118164;904100
2023-05-09;11.109999656677246;11.239999771118164;10.90999984741211;11.199999809265137;11.199999809265137;1390300
2023-05-10;11.239999771118164;11.5;11.09000015258789;11.369999885559082;11.369999885559082;1956200
2023-05-11;11.260000228881836;11.640000343322754;11.15999984741211;11.449999809265137;11.449999809265137;1633000
2023-05-12;11.4399995803833;11.579999923706055;11.239999771118164;11.34000015258789;11.34000015258789;444200
2023-05-15;11.3100004196167;11.729999542236328;11.260000228881836;11.600000381469727;11.600000381469727;834800
2023-05-16;11.600000381469727;11.640000343322754;11.380000114440918;11.479999542236328;11.479999542236328;1361600
2023-05-17;11.600000381469727;11.75;11.430000305175781;11.699999809265137;11.699999809265137;1060100
2023-05-18;11.6899995803833;12.0;11.550000190734863;11.899999618530273;11.899999618530273;1431600
2023-05-19;11.90999984741211;12.170000076293945;11.829999923706055;11.829999923706055;11.829999923706055;1223300
2023-05-22;11.829999923706055;12.130000114440918;11.829999923706055;11.970000267028809;11.970000267028809;762900
2023-05-23;12.0;12.350000381469727;11.710000038146973;12.149999618530273;12.149999618530273;1828000
2023-05-24;12.180000305175781;12.399999618530273;11.930000305175781;12.09000015258789;12.09000015258789;1282300
2023-05-25;12.210000038146973;12.449999809265137;12.149999618530273;12.25;12.25;608500
2023-05-26;12.319999694824219;12.609999656677246;12.050000190734863;12.279999732971191;12.279999732971191;950700
2023-05-29;12.319999694824219;12.380000114440918;12.100000381469727;12.210000038146973;12.210000038146973;528200
2023-05-30;12.210000038146973;12.319999694824219;11.890000343322754;12.109999656677246;12.109999656677246;863800
2023-05-31;12.0;12.210000038146973;11.890000343322754;11.899999618530273;11.899999618530273;1262900
2023-06-01;12.199999809265137;12.760000228881836;12.149999618530273;12.5;12.5;3353500
2023-06-02;12.600000381469727;12.720000267028809;12.260000228881836;12.470000267028809;12.470000267028809;1034800
2023-06-05;12.609999656677246;12.90999984741211;12.569999694824219;12.720000267028809;12.720000267028809;974800
2023-06-06;12.680000305175781;12.920000076293945;12.680000305175781;12.729999542236328;12.729999542236328;960600
2023-06-07;12.84000015258789;13.029999732971191;12.640000343322754;12.710000038146973;12.710000038146973;639400
2023-06-09;12.710000038146973;12.859999656677246;12.520000457763672;12.609999656677246;12.609999656677246;528000
2023-06-12;12.65999984741211;12.670000076293945;12.399999618530273;12.600000381469727;12.600000381469727;535500
2023-06-13;12.630000114440918;12.739999771118164;12.300000190734863;12.550000190734863;12.550000190734863;916100
2023-06-14;12.5600004196167;12.729999542236328;12.359999656677246;12.470000267028809;12.470000267028809;620000
2023-06-15;12.489999771118164;12.579999923706055;12.350000381469727;12.420000076293945;12.420000076293945;548800
2023-06-16;12.369999885559082;12.430000305175781;12.199999809265137;12.430000305175781;12.430000305175781;862500
2023-06-19;12.520000457763672;12.520000457763672;12.34000015258789;12.430000305175781;12.430000305175781;414000
2023-06-20;12.380000114440918;12.670000076293945;12.260000228881836;12.640000343322754;12.640000343322754;606900
2023-06-21;12.680000305175781;12.729999542236328;12.4399995803833;12.680000305175781;12.680000305175781;537800
2023-06-22;12.680000305175781;12.680000305175781;12.260000228881836;12.640000343322754;12.640000343322754;841300
2023-06-23;12.819999694824219;12.930000305175781;12.5;12.859999656677246;12.859999656677246;581800
2023-06-26;12.869999885559082;12.90999984741211;12.640000343322754;12.90999984741211;12.90999984741211;518600
2023-06-27;12.930000305175781;13.029999732971191;12.550000190734863;12.800000190734863;12.800000190734863;792300
2023-06-28;12.8100004196167;12.859999656677246;12.460000038146973;12.539999961853027;12.539999961853027;788200
2023-06-29;12.670000076293945;12.670000076293945;12.460000038146973;12.529999732971191;12.529999732971191;619800
2023-06-30;12.529999732971191;12.960000038146973;12.529999732971191;12.850000381469727;12.850000381469727;875400
2023-07-03;12.960000038146973;13.470000267028809;12.949999809265137;13.100000381469727;13.100000381469727;988900
2023-07-04;13.100000381469727;13.149999618530273;12.670000076293945;12.84000015258789;12.84000015258789;783600
2023-07-05;12.829999923706055;13.229999542236328;12.65999984741211;13.079999923706055;13.079999923706055;872400
2023-07-06;13.100000381469727;13.319999694824219;13.029999732971191;13.140000343322754;13.140000343322754;623200
2023-07-07;13.300000190734863;13.710000038146973;13.300000190734863;13.529999732971191;13.529999732971191;1124000
2023-07-10;13.649999618530273;13.789999961853027;13.0600004196167;13.170000076293945;13.170000076293945;1350600
2023-07-11;13.050000190734863;13.119999885559082;12.5600004196167;12.979999542236328;12.979999542236328;2870100
2023-07-12;13.0;13.640000343322754;13.0;13.279999732971191;13.279999732971191;1360700
2023-07-13;13.420000076293945;13.489999771118164;12.949999809265137;13.100000381469727;13.100000381469727;1168900
2023-07-14;13.119999885559082;13.130000114440918;12.800000190734863;12.869999885559082;12.869999885559082;648500
2023-07-17;12.899999618530273;13.229999542236328;12.859999656677246;13.15999984741211;13.15999984741211;918600
2023-07-18;13.229999542236328;13.399999618530273;13.079999923706055;13.369999885559082;13.369999885559082;762600
2023-07-19;13.4399995803833;13.569999694824219;13.180000305175781;13.489999771118164;13.489999771118164;1838300
2023-07-20;13.479999542236328;13.640000343322754;13.369999885559082;13.539999961853027;13.539999961853027;505500
2023-07-21;13.600000381469727;13.600000381469727;12.989999771118164;12.989999771118164;12.989999771118164;1863100
2023-07-24;13.050000190734863;13.079999923706055;12.300000190734863;12.699999809265137;12.699999809265137;3198400
2023-07-25;12.739999771118164;12.9399995803833;12.5600004196167;12.619999885559082;12.619999885559082;1269100
2023-07-26;12.630000114440918;12.630000114440918;12.350000381469727;12.40999984741211;12.40999984741211;874900
2023-07-27;12.529999732971191;12.600000381469727;12.359999656677246;12.479999542236328;12.479999542236328;771100
2023-07-28;12.479999542236328;12.510000228881836;12.15999984741211;12.279999732971191;12.279999732971191;1151800
2023-07-31;12.319999694824219;12.6899995803833;12.279999732971191;12.649999618530273;12.649999618530273;2053600
2023-08-01;12.579999923706055;12.649999618530273;12.15999984741211;12.220000267028809;12.220000267028809;2639700
2023-08-02;12.239999771118164;12.520000457763672;12.199999809265137;12.510000228881836;12.510000228881836;1082900
2023-08-03;12.680000305175781;12.760000228881836;12.460000038146973;12.460000038146973;12.460000038146973;1189100
2023-08-04;12.34000015258789;12.729999542236328;12.34000015258789;12.520000457763672;12.520000457763672;853700
2023-08-07;12.600000381469727;12.609999656677246;12.359999656677246;12.529999732971191;12.529999732971191;757900
2023-08-08;12.5;12.609999656677246;12.390000343322754;12.420000076293945;12.420000076293945;780300
2023-08-09;12.420000076293945;12.489999771118164;12.25;12.460000038146973;12.460000038146973;740900
2023-08-10;12.460000038146973;12.59000015258789;12.390000343322754;12.479999542236328;12.479999542236328;741700
2023-08-11;12.579999923706055;12.600000381469727;12.25;12.399999618530273;12.399999618530273;905700
2023-08-14;12.460000038146973;12.479999542236328;12.25;12.300000190734863;12.300000190734863;696900
2023-08-15;12.399999618530273;13.010000228881836;12.260000228881836;12.9399995803833;12.9399995803833;1942900
2023-08-16;12.989999771118164;13.520000457763672;12.920000076293945;13.0;13.0;2123300
2023-08-17;13.050000190734863;13.09000015258789;12.600000381469727;12.710000038146973;12.710000038146973;1167600
2023-08-18;12.640000343322754;12.640000343322754;12.270000457763672;12.430000305175781;12.430000305175781;1913900
2023-08-21;12.4399995803833;12.4399995803833;12.039999961853027;12.119999885559082;12.119999885559082;1166800
2023-08-22;12.279999732971191;12.960000038146973;12.1899995803833;12.779999732971191;12.779999732971191;2050200
2023-08-23;12.869999885559082;13.220000267028809;12.680000305175781;13.220000267028809;13.220000267028809;1252800
2023-08-24;13.220000267028809;14.050000190734863;13.020000457763672;13.649999618530273;13.649999618530273;2712600
2023-08-25;13.649999618530273;13.850000381469727;13.550000190734863;13.729999542236328;13.729999542236328;895800
2023-08-28;13.720000267028809;13.800000190734863;13.470000267028809;13.609999656677246;13.609999656677246;1516500
2023-08-29;13.760000228881836;14.300000190734863;13.649999618530273;14.210000038146973;14.210000038146973;2527000
2023-08-30;14.289999961853027;14.359999656677246;13.899999618530273;13.930000305175781;13.930000305175781;1165000
2023-08-31;13.880000114440918;13.979999542236328;13.130000114440918;13.300000190734863;13.300000190734863;1937800
2023-09-01;13.380000114440918;13.779999732971191;13.359999656677246;13.5600004196167;13.5600004196167;2239700
2023-09-04;13.550000190734863;13.630000114440918;13.170000076293945;13.369999885559082;13.369999885559082;1406600
2023-09-05;13.369999885559082;13.460000038146973;13.229999542236328;13.369999885559082;13.369999885559082;1355300
2023-09-06;13.390000343322754;13.729999542236328;13.390000343322754;13.40999984741211;13.40999984741211;1001800
2023-09-08;13.380000114440918;13.5600004196167;13.239999771118164;13.550000190734863;13.550000190734863;616600
2023-09-11;13.649999618530273;13.829999923706055;13.569999694824219;13.710000038146973;13.710000038146973;1007300
2023-09-12;13.65999984741211;14.279999732971191;13.65999984741211;14.270000457763672;14.270000457763672;782300
2023-09-13;14.210000038146973;14.600000381469727;14.0600004196167;14.149999618530273;14.149999618530273;843100
2023-09-14;14.1899995803833;14.34000015258789;14.010000228881836;14.199999809265137;14.199999809265137;570800
2023-09-15;14.15999984741211;14.229999542236328;13.899999618530273;14.119999885559082;14.119999885559082;629700
2023-09-18;14.119999885559082;14.199999809265137;13.800000190734863;14.079999923706055;14.079999923706055;657000
2023-09-19;14.140000343322754;14.180000305175781;13.829999923706055;13.90999984741211;13.90999984741211;497600
2023-09-20;13.899999618530273;14.100000381469727;13.8100004196167;13.869999885559082;13.869999885559082;730900
2023-09-21;13.710000038146973;13.760000228881836;13.399999618530273;13.479999542236328;13.479999542236328;877900
2023-09-22;13.630000114440918;13.680000305175781;13.420000076293945;13.470000267028809;13.470000267028809;693200
2023-09-25;13.420000076293945;13.430000305175781;12.869999885559082;12.989999771118164;12.989999771118164;1248700
2023-09-26;12.949999809265137;12.949999809265137;12.6899995803833;12.699999809265137;12.699999809265137;861000
2023-09-27;12.779999732971191;12.90999984741211;12.329999923706055;12.550000190734863;12.550000190734863;1268300
2023-09-28;12.550000190734863;12.739999771118164;12.300000190734863;12.6899995803833;12.6899995803833;913700
2023-09-29;12.869999885559082;12.979999542236328;12.65999984741211;12.800000190734863;12.800000190734863;861500
2023-10-02;12.84000015258789;13.069999694824219;12.420000076293945;12.739999771118164;12.739999771118164;1319400
2023-10-03;12.600000381469727;12.680000305175781;12.210000038146973;12.369999885559082;12.369999885559082;1108200
2023-10-04;12.449999809265137;12.449999809265137;12.039999961853027;12.25;12.25;3418100
2023-10-05;12.260000228881836;12.390000343322754;12.0;12.390000343322754;12.390000343322754;1132100
2023-10-06;12.319999694824219;12.34000015258789;11.949999809265137;12.270000457763672;12.270000457763672;934400
2023-10-09;12.229999542236328;12.319999694824219;11.970000267028809;12.319999694824219;12.319999694824219;977000
2023-10-10;12.359999656677246;12.739999771118164;12.279999732971191;12.720000267028809;12.720000267028809;1118200
2023-10-11;12.75;12.75;12.329999923706055;12.470000267028809;12.470000267028809;2057100
2023-10-13;12.4399995803833;12.479999542236328;12.1899995803833;12.300000190734863;12.300000190734863;766400
2023-10-16;12.390000343322754;12.390000343322754;12.020000457763672;12.029999732971191;12.029999732971191;753400
2023-10-17;12.0;12.029999732971191;11.399999618530273;11.399999618530273;11.399999618530273;1765600
2023-10-18;11.399999618530273;11.460000038146973;10.869999885559082;10.949999809265137;10.949999809265137;2265900
2023-10-19;10.960000038146973;11.300000190734863;10.899999618530273;11.100000381469727;11.100000381469727;5023500
2023-10-20;11.029999732971191;11.600000381469727;11.0;11.5;11.5;1675100
2023-10-23;11.40999984741211;11.600000381469727;11.199999809265137;11.550000190734863;11.550000190734863;1168200
2023-10-24;11.640000343322754;11.899999618530273;11.569999694824219;11.789999961853027;11.789999961853027;1124600
2023-10-25;11.760000228881836;11.880000114440918;11.460000038146973;11.600000381469727;11.600000381469727;1017700
2023-10-26;11.600000381469727;11.84000015258789;11.579999923706055;11.670000076293945;11.670000076293945;766400
2023-10-27;11.699999809265137;11.789999961853027;11.100000381469727;11.149999618530273;11.149999618530273;1349900
2023-10-30;11.210000038146973;11.300000190734863;10.880000114440918;10.920000076293945;10.920000076293945;1117000
2023-10-31;10.989999771118164;11.1899995803833;10.760000228881836;11.029999732971191;11.029999732971191;927300
2023-11-01;11.029999732971191;11.130000114440918;10.869999885559082;10.9399995803833;10.9399995803833;862500
2023-11-03;11.130000114440918;11.510000228881836;10.960000038146973;11.489999771118164;11.489999771118164;1157200
2023-11-06;11.5;11.59000015258789;11.140000343322754;11.300000190734863;11.300000190734863;890700
2023-11-07;11.149999618530273;11.260000228881836;10.470000267028809;10.630000114440918;10.630000114440918;4121100
2023-11-08;10.600000381469727;10.930000305175781;10.40999984741211;10.579999923706055;10.579999923706055;1961900
2023-11-09;10.6899995803833;10.880000114440918;10.350000381469727;10.619999885559082;10.619999885559082;1656700
2023-11-10;10.729999542236328;11.0;10.649999618530273;10.899999618530273;10.899999618530273;952200
2023-11-13;10.899999618530273;11.029999732971191;10.800000190734863;10.960000038146973;10.960000038146973;766800
2023-11-14;10.960000038146973;11.579999923706055;10.960000038146973;11.550000190734863;11.550000190734863;1393200
2023-11-16;11.510000228881836;11.729999542236328;11.380000114440918;11.470000267028809;11.470000267028809;944600
2023-11-17;11.5600004196167;11.699999809265137;11.4399995803833;11.5;11.5;851500
2023-11-20;11.5;11.930000305175781;11.5;11.880000114440918;11.880000114440918;1628400
2023-11-21;11.779999732971191;11.800000190734863;11.270000457763672;11.300000190734863;11.300000190734863;880600
2023-11-22;11.300000190734863;11.600000381469727;11.15999984741211;11.25;11.25;737500
2023-11-23;11.3100004196167;11.380000114440918;10.970000267028809;11.199999809265137;11.199999809265137;555900
2023-11-24;11.220000267028809;11.220000267028809;10.869999885559082;10.890000343322754;10.890000343322754;1037900
2023-11-27;10.970000267028809;11.170000076293945;10.739999771118164;11.109999656677246;11.109999656677246;874300
2023-11-28;11.170000076293945;11.420000076293945;11.069999694824219;11.359999656677246;11.359999656677246;708600
2023-11-29;11.449999809265137;11.479999542236328;11.069999694824219;11.170000076293945;11.170000076293945;667000
2023-11-30;11.170000076293945;11.350000381469727;11.0;11.300000190734863;11.300000190734863;1171200
2023-12-01;11.369999885559082;11.420000076293945;11.079999923706055;11.199999809265137;11.199999809265137;1857200
2023-12-04;11.1899995803833;11.210000038146973;10.760000228881836;10.760000228881836;10.760000228881836;2340400
2023-12-05;10.770000457763672;10.9399995803833;10.710000038146973;10.800000190734863;10.800000190734863;1418400
2023-12-06;10.800000190734863;10.8100004196167;10.520000457763672;10.630000114440918;10.630000114440918;1205500
2023-12-07;10.640000343322754;11.039999961853027;10.5600004196167;11.039999961853027;11.039999961853027;854900
2023-12-08;11.0;11.149999618530273;10.739999771118164;10.800000190734863;10.800000190734863;1490700
2023-12-11;10.8100004196167;10.8100004196167;10.470000267028809;10.670000076293945;10.670000076293945;1684900
2023-12-12;10.770000457763672;10.850000381469727;10.579999923706055;10.680000305175781;10.680000305175781;959200
2023-12-13;10.699999809265137;10.779999732971191;10.460000038146973;10.779999732971191;10.779999732971191;1008700
2023-12-14;10.800000190734863;11.079999923706055;10.739999771118164;10.779999732971191;10.779999732971191;1332800
2023-12-15;10.779999732971191;11.180000305175781;10.569999694824219;11.140000343322754;11.140000343322754;2917200
2023-12-18;11.199999809265137;11.369999885559082;11.010000228881836;11.220000267028809;11.220000267028809;2179800
2023-12-19;11.34000015258789;11.449999809265137;11.100000381469727;11.34000015258789;11.34000015258789;2386500
2023-12-20;11.369999885559082;11.489999771118164;11.220000267028809;11.399999618530273;11.399999618530273;1219300
2023-12-21;11.4399995803833;11.579999923706055;11.069999694824219;11.579999923706055;11.579999923706055;3583600
2023-12-22;11.59000015258789;11.75;11.449999809265137;11.75;11.75;1434100
