papel;tipo;empresa;setor;cotacao;dt_ult_cotacao;min_52_sem;max_52_sem;vol_med;valor_mercado;valor_firma;ult_balanco_pro;nr_acoes;os_dia;pl;lpa;pvp;vpa;p_ebit;marg_bruta;psr;marg_ebit;p_ativo;marg_liquida;p_cap_giro;ebit_ativo;p_ativo_circ_liq;roic;div_yield;roe;ev_ebitda;liquidez_corr;ev_ebit;cres_rec;ativo;disponibilidades;ativo_circulante;divd_bruta;divd_liquida;patr_liquido;lucro_liquido_12m;lucro_liquido_3m
AALR3;ON NM;ALLIAR ON NM;Serv.Méd.Hospit. Análises e Diagnósticos;3.55;28/05/2026;2.56;6.76;188261.0;540874000.0;904074000.0;30/09/2025;152359000;143.0;-672.0;-53.0;51.0;700.0;0.0;0.0;0.0;0.0;0.0;0.0;0.0;29.0;0.0;0.0;0.0;0.0;0.0;0.0;0.0;0.0;3027410000.0;123751000.0;811048000.0;486951000.0;363200000.0;1066930000.0;-80486000.0;7854000.0
ABCB4;PN N2;ABC Brasil PN N2;Intermediários Financeiros;24.46;28/05/2026;18.83;28.12;17688000.0;6374300000.0;0.0;31/03/2026;260601000;-20.0;633.0;386.0;89.0;2743.0;0.0;0.0;0.0;0.0;0.0;0.0;0.0;0.0;0.0;0.0;100.0;0.0;0.0;0.0;0.0;0.0;67081600000.0;0.0;0.0;0.0;0.0;7147590000.0;1006640000.0;230210000.0
ABEV3;ON;AMBEV S/A ON;Bebidas;16.29;28/05/2026;11.13;16.95;439591000.0;256790000000.0;240255000000.0;31/03/2026;15763700000;-193.0;1648.0;99.0;285.0;572.0;0.0;0.0;0.0;0.0;0.0;0.0;0.0;143.0;0.0;0.0;53.0;0.0;0.0;0.0;0.0;0.0;142761000000.0;19640600000.0;42833300000.0;3105730000.0;-16534900000.0;90125800000.0;15577700000.0;3768260000.0
ADHM3;ON;ADVANCED-DH ON;;1.56;28/12/2020;1.07;3.24;2064.0;25440500.0;25440500.0;30/09/2019;16308000;0.0;-409.0;-38.0;-129.0;-121.0;0.0;0.0;0.0;0.0;0.0;0.0;0.0;-18475.0;0.0;0.0;0.0;0.0;0.0;0.0;0.0;0.0;242000.0;0.0;23000.0;0.0;0.0;-19776000.0;-6224000.0;-2492000.0
ADMF3;ON NM;CIABRASF ON NM;Holdings Diversificadas;20.0;01/04/2026;10.0;128.99;98.0;116680000.0;116634000.0;31/03/2026;5834000;0.0;-25.0;-8053.0;-2143.0;-93.0;0.0;0.0;0.0;0.0;0.0;0.0;0.0;-4271.0;0.0;0.0;0.0;0.0;0.0;0.0;0.0;0.0;4441000.0;46000.0;4441000.0;0.0;-46000.0;-5444000.0;-469787000.0;-4716000.0
AERI3;ON NM;AERIS ON NM;Máquinas e Equipamentos;2.32;28/05/2026;2.28;4.5;152656.0;144119000.0;2006540000.0;31/03/2026;62120200;-43.0;-15.0;-1521.0;-17.0;-1347.0;0.0;0.0;0.0;0.0;0.0;0.0;0.0;-294.0;0.0;0.0;0.0;0.0;0.0;0.0;0.0;0.0;1515040000.0;18815000.0;407620000.0;1881240000.0;1862420000.0;-836456000.0;-944670000.0;-138001000.0
AFLT3;ON;AFLUENTE T ON;Energia Elétrica;7.24;26/05/2026;6.42;7.75;2867.0;456735000.0;437883000.0;31/03/2026;63085000;0.0;1390.0;52.0;175.0;413.0;0.0;0.0;0.0;0.0;0.0;0.0;0.0;127.0;0.0;0.0;52.0;0.0;0.0;0.0;0.0;0.0;366433000.0;45122000.0;127656000.0;26270000.0;-18852000.0;260421000.0;32858000.0;12974000.0
AGRO3;ON NM;BRASILAGRO ON NM;Agropecuária;18.8;28/05/2026;18.59;22.48;4487200.0;1930450000.0;3280280000.0;31/03/2026;102683000;-27.0;-13056.0;-14.0;95.0;1988.0;0.0;0.0;0.0;0.0;0.0;0.0;0.0;-2.0;0.0;0.0;40.0;0.0;0.0;0.0;0.0;0.0;3821220000.0;94033000.0;1200320000.0;1443870000.0;1349840000.0;2041050000.0;-14786000.0;-14302000.0
AGXY3;ON NM;AGROGALAXY ON NM;Agropecuária;1.85;28/05/2026;1.85;6.58;54031.0;35093700.0;982297000.0;30/09/2025;18969600;0.0;3.0;6468.0;-19.0;-978.0;0.0;0.0;0.0;0.0;0.0;0.0;0.0;-327.0;0.0;0.0;0.0;0.0;0.0;0.0;0.0;0.0;2215350000.0;57512000.0;917238000.0;1004720000.0;947203000.0;-185458000.0;1226880000.0;-639118000.0
AHEB3;ON;PARQUE ANHEMBI ON;Viagens e Lazer;23.9;19/05/2026;21.5;43.0;2660.0;204202000.0;121686000.0;31/03/2026;8544000;0.0;412.0;580.0;70.0;3423.0;0.0;0.0;0.0;0.0;0.0;0.0;0.0;91.0;0.0;0.0;0.0;0.0;0.0;0.0;0.0;0.0;598698000.0;84996000.0;257755000.0;2480000.0;-82516000.0;292484000.0;49540000.0;8404000.0
ALLD3;ON NM;ALLIED ON NM;Comércio;5.87;28/05/2026;4.94;8.24;2885850.0;563294000.0;698034000.0;31/03/2026;95961500;-17.0;165.0;357.0;37.0;1602.0;0.0;0.0;0.0;0.0;0.0;0.0;0.0;43.0;0.0;0.0;514.0;0.0;0.0;0.0;0.0;0.0;3390300000.0;290420000.0;2446600000.0;425160000.0;134740000.0;1537550000.0;342338000.0;24687000.0
ALOS3;ON;ALLOS ON;Exploração de Imóveis;28.63;28/05/2026;19.43;33.15;163282000.0;14435000000.0;12279300000.0;31/03/2026;504191000;28.0;1744.0;164.0;111.0;2571.0;0.0;0.0;0.0;0.0;0.0;0.0;0.0;57.0;0.0;0.0;90.0;0.0;0.0;0.0;0.0;0.0;24860200000.0;2155690000.0;2933950000.0;0.0;-2155690000.0;12964600000.0;827798000.0;248302000.0
ALPA3;ON N1;ALPARGATAS ON N1;Tecidos, Vestuário e Calçados;10.28;28/05/2026;6.22;13.33;456372.0;7021880000.0;7501620000.0;31/03/2026;683062000;-68.0;1134.0;91.0;203.0;506.0;0.0;0.0;0.0;0.0;0.0;0.0;0.0;136.0;0.0;0.0;170.0;0.0;0.0;0.0;0.0;0.0;6287100000.0;794729000.0;3021730000.0;1274470000.0;479745000.0;3458800000.0;619256000.0;162809000.0
ALPA4;PN N1;ALPARGATAS PN N1;Tecidos, Vestuário e Calçados;12.61;28/05/2026;7.18;16.06;26727400.0;8613410000.0;9093160000.0;31/03/2026;683062000;-32.0;1391.0;91.0;249.0;506.0;0.0;0.0;0.0;0.0;0.0;0.0;0.0;136.0;0.0;0.0;142.0;0.0;0.0;0.0;0.0;0.0;6287100000.0;794729000.0;3021730000.0;1274470000.0;479745000.0;3458800000.0;619256000.0;162809000.0
ALPK3;ON NM;ESTAPAR ON NM;Serviços Diversos;4.55;28/05/2026;2.8;5.39;632687.0;997841000.0;2255400000.0;31/03/2026;219306000;202.0;7373.0;6.0;276.0;165.0;0.0;0.0;0.0;0.0;0.0;0.0;0.0;99.0;0.0;0.0;2.0;0.0;0.0;0.0;0.0;0.0;2596930000.0;261921000.0;518545000.0;1519480000.0;1257560000.0;361758000.0;13533000.0;1788000.0
ALUP11;UNT N2;ALUPAR UNT N2;Energia Elétrica;32.81;28/05/2026;28.11;36.54;32230700.0;10815100000.0;20140500000.0;31/03/2026;988881000;-58.0;970.0;338.0;116.0;2817.0;0.0;0.0;0.0;0.0;0.0;0.0;0.0;79.0;0.0;0.0;33.0;0.0;0.0;0.0;0.0;0.0;34341800000.0;5246160000.0;8297840000.0;14571600000.0;9325490000.0;9286800000.0;1114850000.0;198067000.0
ALUP3;ON N2;ALUPAR ON N2;Energia Elétrica;12.2;28/05/2026;9.96;13.91;63520.0;12064300000.0;21389800000.0;31/03/2026;988881000;83.0;1082.0;113.0;130.0;939.0;0.0;0.0;0.0;0.0;0.0;0.0;0.0;79.0;0.0;0.0;30.0;0.0;0.0;0.0;0.0;0.0;34341800000.0;5246160000.0;8297840000.0;14571600000.0;9325490000.0;9286800000.0;1114850000.0;198067000.0
ALUP4;PN N2;ALUPAR PN N2;Energia Elétrica;10.33;28/05/2026;9.02;11.46;177073.0;10215100000.0;19540600000.0;31/03/2026;988881000;10.0;916.0;113.0;110.0;939.0;0.0;0.0;0.0;0.0;0.0;0.0;0.0;79.0;0.0;0.0;35.0;0.0;0.0;0.0;0.0;0.0;34341800000.0;5246160000.0;8297840000.0;14571600000.0;9325490000.0;9286800000.0;1114850000.0;198067000.0
AMAR3;ON NM;LOJAS MARISA ON NM;Comércio;0.65;28/05/2026;0.65;1.48;140114.0;333785000.0;1141710000.0;31/03/2026;513516000;-152.0;-211.0;-31.0;259.0;25.0;0.0;0.0;0.0;0.0;0.0;0.0;0.0;84.0;0.0;0.0;0.0;0.0;0.0;0.0;0.0;0.0;2038200000.0;10626000.0;572272000.0;818551000.0;807925000.0;128818000.0;-158161000.0;-95815000.0
AMBP3;ON NM;AMBIPAR ON NM;Água e Saneamento;0.17;28/05/2026;0.17;19.57;1018280.0;283971000.0;6640380000.0;30/06/2025;1670420000;0.0;-111.0;-15.0;26.0;65.0;0.0;0.0;0.0;0.0;0.0;0.0;0.0;67.0;0.0;0.0;0.0;0.0;0.0;0.0;0.0;0.0;16918400000.0;4684890000.0;7328510000.0;11041300000.0;6356410000.0;1093330000.0;-256625000.0;-171760000.0
AMER3;ON;AMERICANAS ON;Comércio;5.17;28/05/2026;4.65;8.07;18888600.0;1035270000.0;2554270000.0;31/03/2026;200245000;-58.0;-995.0;-52.0;23.0;2212.0;0.0;0.0;0.0;0.0;0.0;0.0;0.0;-44.0;0.0;0.0;0.0;0.0;0.0;0.0;0.0;0.0;16167000000.0;550000000.0;7757000000.0;2069000000.0;1519000000.0;4430000000.0;-104000000.0;-329000000.0
AMOB3;ON NM;AUTOMOB ON NM;Automóveis e Motocicletas;14.05;28/05/2026;10.3;15.01;662769.0;532298000.0;3047550000.0;31/03/2026;37886000;-50.0;-173.0;-810.0;27.0;5179.0;0.0;0.0;0.0;0.0;0.0;0.0;0.0;29.0;0.0;0.0;0.0;0.0;0.0;0.0;0.0;0.0;8435990000.0;488194000.0;4721900000.0;3003450000.0;2515260000.0;1962210000.0;-307011000.0;-56750000.0
ANIM3;ON NM;ANIMA ON NM;Diversos;3.31;28/05/2026;2.88;5.17;26707900.0;1336810000.0;5479650000.0;31/03/2026;403869000;-60.0;996.0;33.0;56.0;592.0;0.0;0.0;0.0;0.0;0.0;0.0;0.0;115.0;0.0;0.0;23.0;0.0;0.0;0.0;0.0;0.0;10556000000.0;1732160000.0;2713580000.0;5875010000.0;4142850000.0;2388890000.0;134244000.0;106213000.0
ARML3;ON NM;ARMAC ON NM;Diversos;3.76;28/05/2026;2.61;6.17;6293050.0;1302820000.0;3463000000.0;31/03/2026;346494000;0.0;2575.0;15.0;102.0;369.0;0.0;0.0;0.0;0.0;0.0;0.0;0.0;71.0;0.0;0.0;146.0;0.0;0.0;0.0;0.0;0.0;5628600000.0;1033850000.0;2010420000.0;3194030000.0;2160190000.0;1277800000.0;50588000.0;-3338000.0
ARND3;ON NM;ARANDU ON NM;Programas e Serviços;0.66;28/05/2026;0.61;4.1;1020.0;93054600.0;90775600.0;30/09/2025;140992000;-435.0;-21.0;-311.0;79.0;83.0;0.0;0.0;0.0;0.0;0.0;0.0;0.0;-81.0;0.0;0.0;0.0;0.0;0.0;0.0;0.0;0.0;293011000.0;100441000.0;182125000.0;98162000.0;-2279000.0;117149000.0;-438550000.0;-48598000.0
ASAI3;ON NM;ASSAI ON NM;Comércio e Distribuição;8.98;28/05/2026;7.02;11.73;125633000.0;12154700000.0;24162700000.0;31/03/2026;1353530000;-292.0;1736.0;52.0;206.0;435.0;0.0;0.0;0.0;0.0;0.0;0.0;0.0;132.0;0.0;0.0;12.0;0.0;0.0;0.0;0.0;0.0;47199000000.0;4366000000.0;17408000000.0;16374000000.0;12008000000.0;5887000000.0;700000000.0;320000000.0
ATED3;ON;ATOM EDUC ON;Diversos;2.21;28/05/2026;1.78;2.51;19330.0;52609000.0;51156000.0;31/03/2026;23805000;45.0;-1057.0;-21.0;324.0;68.0;0.0;0.0;0.0;0.0;0.0;0.0;0.0;17.0;0.0;0.0;0.0;0.0;0.0;0.0;0.0;0.0;21127000.0;2696000.0;8793000.0;1243000.0;-1453000.0;16248000.0;-4975000.0;-1901000.0
AUAU3;ON NM;PETZCOBASI ON NM;Comércio;3.33;28/05/2026;2.8;3.87;13433500.0;2866440000.0;2708510000.0;31/03/2026;860794000;-206.0;0.0;0.0;93.0;359.0;0.0;0.0;0.0;0.0;0.0;0.0;0.0;0.0;0.0;0.0;9.0;0.0;0.0;0.0;0.0;0.0;6835590000.0;544314000.0;2265170000.0;386382000.0;-157932000.0;3091700000.0;0.0;39398000.0
AURA33;DR3;AURA 360 DR3;Mineração;127.45;28/05/2026;42.02;179.86;112275000.0;27681600000.0;28418900000.0;31/03/2026;217196000;126.0;5889.0;216.0;1757.0;725.0;0.0;0.0;0.0;0.0;0.0;0.0;0.0;396.0;0.0;0.0;12.0;0.0;0.0;0.0;0.0;0.0;8585180000.0;1397700000.0;2693960000.0;2134990000.0;737288000.0;1575520000.0;470084000.0;500444000.0
AURE3;ON NM;AUREN ON NM;Energia Elétrica;12.4;28/05/2026;8.94;14.61;48387900.0;13024700000.0;33309100000.0;31/03/2026;1050380000;0.0;-1007.0;-123.0;109.0;1134.0;0.0;0.0;0.0;0.0;0.0;0.0;0.0;25.0;0.0;0.0;0.0;0.0;0.0;0.0;0.0;0.0;47381500000.0;3571880000.0;7409420000.0;23856300000.0;20284400000.0;11909600000.0;-1293870000.0;-621338000.0
AVLL3;ON NM;ALPHAVILLE ON NM;Construção Civil;0.63;28/05/2026;0.63;2.35;43218.0;123058000.0;696747000.0;31/03/2026;195330000;0.0;-91.0;-69.0;-56.0;-113.0;0.0;0.0;0.0;0.0;0.0;0.0;0.0;99.0;0.0;0.0;0.0;0.0;0.0;0.0;0.0;0.0;1304640000.0;175794000.0;515027000.0;749483000.0;573689000.0;-221547000.0;-134549000.0;-36021000.0
AXIA3;ON N1;AXIA ENERGIA ON N1;Energia Elétrica;52.7;28/05/2026;27.74;67.15;586514000.0;153643000000.0;199490000000.0;31/03/2026;2915430000;25.0;1610.0;327.0;127.0;4155.0;0.0;0.0;0.0;0.0;0.0;0.0;0.0;26.0;0.0;0.0;55.0;0.0;0.0;0.0;0.0;0.0;279913000000.0;27677200000.0;55252600000.0;73523600000.0;45846400000.0;121148000000.0;9541180000.0;2629670000.0
AXIA6;PNB N1;AXIA ENERGIA PNB N1;Energia Elétrica;57.9;28/05/2026;29.62;73.5;119558000.0;168803000000.0;214650000000.0;31/03/2026;2915430000;-26.0;1769.0;327.0;139.0;4155.0;0.0;0.0;0.0;0.0;0.0;0.0;0.0;26.0;0.0;0.0;55.0;0.0;0.0;0.0;0.0;0.0;279913000000.0;27677200000.0;55252600000.0;73523600000.0;45846400000.0;121148000000.0;9541180000.0;2629670000.0
AZEV3;ON;AZEVEDO & TRAVASSOS ON;Construção e Engenharia;0.17;28/05/2026;0.17;0.61;266574.0;100769000.0;304346000.0;31/03/2026;592756000;-556.0;-17.0;-102.0;89.0;19.0;0.0;0.0;0.0;0.0;0.0;0.0;0.0;-165.0;0.0;0.0;0.0;0.0;0.0;0.0;0.0;0.0;1330930000.0;39504000.0;374349000.0;243081000.0;203577000.0;112658000.0;-603823000.0;954000.0
AZEV4;PN;AZEVEDO & TRAVASSOS PN;Construção e Engenharia;0.13;28/05/2026;0.13;0.73;786558.0;77058300.0;280635000.0;31/03/2026;592756000;0.0;-13.0;-102.0;68.0;19.0;0.0;0.0;0.0;0.0;0.0;0.0;0.0;-165.0;0.0;0.0;0.0;0.0;0.0;0.0;0.0;0.0;1330930000.0;39504000.0;374349000.0;243081000.0;203577000.0;112658000.0;-603823000.0;954000.0
AZTE3;ON;AZT ENERGIA ON;Petróleo, Gás e Biocombustíveis;0.21;28/05/2026;0.21;0.69;1286680.0;75411600.0;77129600.0;31/03/2026;359103000;0.0;-968.0;-2.0;31.0;68.0;0.0;0.0;0.0;0.0;0.0;0.0;0.0;-22.0;0.0;0.0;0.0;0.0;0.0;0.0;0.0;0.0;270077000.0;434000.0;4472000.0;2152000.0;1718000.0;245544000.0;-7794000.0;-2472000.0
AZUL4;PN;AZUL PN;Transporte;0.81;22/12/2025;0.55;1.51;0.0;296532000.0;18851000000.0;31/03/2026;366089000;0.0;7.0;1227.0;-8.0;-1031.0;0.0;0.0;0.0;0.0;0.0;0.0;0.0;112.0;0.0;0.0;0.0;0.0;0.0;0.0;0.0;0.0;31166500000.0;2088030000.0;7227970000.0;20642500000.0;18554400000.0;-3774370000.0;4491650000.0;6020390000.0
AZZA3;ON;AZZAS 2154 ON;Comércio;19.85;28/05/2026;18.5;41.16;76324000.0;4098830000.0;6279830000.0;31/03/2026;206490000;-387.0;493.0;403.0;51.0;3877.0;0.0;0.0;0.0;0.0;0.0;0.0;0.0;64.0;0.0;0.0;125.0;0.0;0.0;0.0;0.0;0.0;15193900000.0;1063200000.0;6692580000.0;3244210000.0;2181010000.0;8005540000.0;832019000.0;38596000.0
B3SA3;ON;B3 ON;Serviços Financeiros Diversos;16.5;28/05/2026;11.86;19.84;639585000.0;83267200000.0;82640400000.0;31/03/2026;5046500000;12.0;1680.0;98.0;456.0;362.0;0.0;0.0;0.0;0.0;0.0;0.0;0.0;145.0;0.0;0.0;38.0;0.0;0.0;0.0;0.0;0.0;48574000000.0;15617000000.0;17945700000.0;14990200000.0;-626862000.0;18255700000.0;4956510000.0;1476970000.0
BALM3;ON;BAUMER ON;Equipamentos;25.18;21/05/2026;16.87;29.05;248.0;246764000.0;198809000.0;31/03/2026;9800000;0.0;1281.0;197.0;155.0;1629.0;0.0;0.0;0.0;0.0;0.0;0.0;0.0;144.0;0.0;0.0;191.0;0.0;0.0;0.0;0.0;0.0;282119000.0;68991000.0;207182000.0;21036000.0;-47955000.0;159668000.0;19264000.0;4648000.0
BALM4;PN;BAUMER PN;Equipamentos;20.05;26/05/2026;12.08;20.1;11513.0;196490000.0;148535000.0;31/03/2026;9800000;0.0;1020.0;197.0;123.0;1629.0;0.0;0.0;0.0;0.0;0.0;0.0;0.0;144.0;0.0;0.0;240.0;0.0;0.0;0.0;0.0;0.0;282119000.0;68991000.0;207182000.0;21036000.0;-47955000.0;159668000.0;19264000.0;4648000.0
BAUH4;PN;EXCELSIOR PN;Alimentos Processados;93.9;08/05/2026;70.14;93.9;4152.0;490346000.0;412804000.0;31/03/2026;5222000;0.0;0.0;0.0;331.0;2838.0;0.0;0.0;0.0;0.0;0.0;0.0;0.0;0.0;0.0;0.0;12.0;0.0;0.0;0.0;0.0;0.0;219614000.0;77542000.0;125168000.0;0.0;-77542000.0;148175000.0;0.0;6163000.0
BAZA3;ON;BANCO DA AMAZONIA S.A. ON;Intermediários Financeiros;69.2;28/05/2026;66.8;88.98;488479.0;3879210000.0;0.0;31/03/2026;56058000;7.0;459.0;1508.0;54.0;12813.0;0.0;0.0;0.0;0.0;0.0;0.0;0.0;0.0;0.0;0.0;0.0;0.0;0.0;0.0;0.0;0.0;64644400000.0;0.0;0.0;0.0;0.0;7182830000.0;845498000.0;47537000.0
BBAS3;ON;BANCO DO BRASIL S.A. ON;Intermediários Financeiros;20.61;28/05/2026;18.1;27.52;519553000.0;118112000000.0;0.0;31/03/2026;5730830000;-218.0;821.0;251.0;63.0;3255.0;0.0;0.0;0.0;0.0;0.0;0.0;0.0;0.0;0.0;0.0;40.0;0.0;0.0;0.0;0.0;0.0;2564000000000.0;0.0;0.0;0.0;0.0;186520000000.0;14385800000.0;3032860000.0
BBDC3;ON N1;BANCO BRADESCO S.A. ON N1;Intermediários Financeiros;15.59;28/05/2026;12.54;18.45;101317000.0;165129000000.0;0.0;31/03/2026;10592000000;-32.0;694.0;224.0;95.0;1638.0;0.0;0.0;0.0;0.0;0.0;0.0;0.0;0.0;0.0;0.0;88.0;0.0;0.0;0.0;0.0;0.0;1953400000000.0;0.0;0.0;0.0;0.0;173549000000.0;23777200000.0;5030150000.0
BBDC4;PN N1;BANCO BRADESCO S.A. PN N1;Intermediários Financeiros;17.9;28/05/2026;14.61;21.43;612811000.0;189597000000.0;0.0;31/03/2026;10592000000;-56.0;797.0;224.0;109.0;1638.0;0.0;0.0;0.0;0.0;0.0;0.0;0.0;0.0;0.0;0.0;84.0;0.0;0.0;0.0;0.0;0.0;1953400000000.0;0.0;0.0;0.0;0.0;173549000000.0;23777200000.0;5030150000.0
BBSE3;ON NM;BBSEGURIDADE ON NM;Previdência e Seguros;34.58;28/05/2026;29.44;36.41;175617000.0;67133600000.0;0.0;31/03/2026;1941400000;-80.0;730.0;473.0;531.0;651.0;0.0;0.0;0.0;0.0;0.0;0.0;0.0;510.0;0.0;0.0;135.0;0.0;0.0;0.0;0.0;0.0;19619000000.0;0.0;0.0;0.0;0.0;12641100000.0;9192500000.0;2139440000.0
BDLL3;ON;BARDELLA ON;Máquinas e Equipamentos;6.0;22/05/2026;6.0;9.9;209.0;9600000.0;184090000.0;31/03/2026;1600000;0.0;-50.0;-1192.0;-4.0;-15791.0;0.0;0.0;0.0;0.0;0.0;0.0;0.0;-43.0;0.0;0.0;0.0;0.0;0.0;0.0;0.0;0.0;381562000.0;7524000.0;136063000.0;182014000.0;174490000.0;-252658000.0;-19073000.0;-7968000.0
BDLL4;PN;BARDELLA PN;Máquinas e Equipamentos;3.77;25/05/2026;3.15;8.4;10388.0;6032000.0;180522000.0;31/03/2026;1600000;0.0;-32.0;-1192.0;-2.0;-15791.0;0.0;0.0;0.0;0.0;0.0;0.0;0.0;-43.0;0.0;0.0;0.0;0.0;0.0;0.0;0.0;0.0;381562000.0;7524000.0;136063000.0;182014000.0;174490000.0;-252658000.0;-19073000.0;-7968000.0
BEEF3;ON NM;Minerva ON NM;Alimentos Processados;3.97;28/05/2026;3.61;7.18;70292000.0;3972140000.0;17662500000.0;31/03/2026;1000540000;206.0;558.0;71.0;315.0;126.0;0.0;0.0;0.0;0.0;0.0;0.0;0.0;94.0;0.0;0.0;49.0;0.0;0.0;0.0;0.0;0.0;41644300000.0;10882100000.0;24253400000.0;24572500000.0;13690300000.0;1260430000.0;711778000.0;57658000.0
BEES3;ON;BANESTES S/A ON;Intermediários Financeiros;8.7;28/05/2026;7.04;9.27;87824.0;3023280000.0;0.0;31/03/2026;347504000;93.0;672.0;129.0;124.0;702.0;0.0;0.0;0.0;0.0;0.0;0.0;0.0;0.0;0.0;0.0;91.0;0.0;0.0;0.0;0.0;0.0;40167300000.0;0.0;0.0;0.0;0.0;2439940000.0;449596000.0;90703000.0
BEES4;PN;BANESTES S/A PN;Intermediários Financeiros;8.68;28/05/2026;7.04;9.27;37705.0;3016330000.0;0.0;31/03/2026;347504000;12.0;671.0;129.0;124.0;702.0;0.0;0.0;0.0;0.0;0.0;0.0;0.0;0.0;0.0;0.0;91.0;0.0;0.0;0.0;0.0;0.0;40167300000.0;0.0;0.0;0.0;0.0;2439940000.0;449596000.0;90703000.0
BGIP3;ON;BANESE ON;Intermediários Financeiros;51.74;28/05/2026;27.33;64.2;32197.0;1194260000.0;0.0;31/03/2026;23082000;-147.0;745.0;694.0;123.0;4207.0;0.0;0.0;0.0;0.0;0.0;0.0;0.0;0.0;0.0;0.0;60.0;0.0;0.0;0.0;0.0;0.0;13093000000.0;0.0;0.0;0.0;0.0;971103000.0;160282000.0;30564000.0
BGIP4;PN;BANESE PN;Intermediários Financeiros;32.82;28/05/2026;23.69;38.95;80111.0;757551000.0;0.0;31/03/2026;23082000;145.0;473.0;694.0;78.0;4207.0;0.0;0.0;0.0;0.0;0.0;0.0;0.0;0.0;0.0;0.0;104.0;0.0;0.0;0.0;0.0;0.0;13093000000.0;0.0;0.0;0.0;0.0;971103000.0;160282000.0;30564000.0
BHIA3;ON;CASAS BAHIA ON;Comércio;1.38;28/05/2026;1.26;5.15;14082300.0;1346690000.0;7191690000.0;31/03/2026;975865000;-72.0;-37.0;-373.0;76.0;182.0;0.0;0.0;0.0;0.0;0.0;0.0;0.0;70.0;0.0;0.0;0.0;0.0;0.0;0.0;0.0;0.0;33330000000.0;1532000000.0;15317000000.0;7377000000.0;5845000000.0;1778000000.0;-3644000000.0;-1064000000.0
BIED3;ON;BIOMA EDUC ON;Diversos;8.39;28/05/2026;2.9;10.04;25503.0;223453000.0;254913000.0;31/03/2026;26633200;982.0;-435.0;-193.0;1355.0;62.0;0.0;0.0;0.0;0.0;0.0;0.0;0.0;21.0;0.0;0.0;0.0;0.0;0.0;0.0;0.0;0.0;398752000.0;18548000.0;51220000.0;50008000.0;31460000.0;16492000.0;-51336000.0;-2595000.0
BIOM3;ON;BIOMM SA ON;Medicamentos e Outros Produtos;6.98;28/05/2026;5.9;10.3;8770840.0;955227000.0;1014310000.0;31/03/2026;136852000;116.0;3971.0;18.0;295.0;236.0;0.0;0.0;0.0;0.0;0.0;0.0;0.0;59.0;0.0;0.0;0.0;0.0;0.0;0.0;0.0;0.0;573452000.0;30817000.0;321602000.0;89900000.0;59083000.0;323358000.0;24057000.0;19009000.0
BLAU3;ON NM;BLAU ON NM;Comércio e Distribuição;10.99;28/05/2026;8.54;11.6;2745030.0;2563000000.0;2581110000.0;31/03/2026;233212000;290.0;1051.0;105.0;112.0;984.0;0.0;0.0;0.0;0.0;0.0;0.0;0.0;96.0;0.0;0.0;61.0;0.0;0.0;0.0;0.0;0.0;3573700000.0;542184000.0;1827920000.0;560288000.0;18104000.0;2293680000.0;243789000.0;39768000.0
BLUT3;ON;B TECH EQI ON;Outros;5.14;20/09/2022;3.72;8.88;3092.0;26229400.0;32977400.0;31/12/2021;5103000;0.0;-563.0;-91.0;46.0;1109.0;0.0;0.0;0.0;0.0;0.0;0.0;0.0;-3.0;0.0;0.0;0.0;0.0;0.0;0.0;0.0;0.0;189948000.0;0.0;66000.0;6748000.0;6748000.0;56569000.0;-4662000.0;-685000.0
BLUT4;PN;B TECH EQI PN;Outros;1.52;20/09/2022;1.52;4.0;10453.0;7756560.0;14504600.0;31/12/2021;5103000;0.0;-166.0;-91.0;14.0;1109.0;0.0;0.0;0.0;0.0;0.0;0.0;0.0;-3.0;0.0;0.0;0.0;0.0;0.0;0.0;0.0;0.0;189948000.0;0.0;66000.0;6748000.0;6748000.0;56569000.0;-4662000.0;-685000.0
BMEB3;ON;BANCO MERCANTIL DO BRASIL S/A ON;Intermediários Financeiros;64.0;28/05/2026;26.71;74.9;463827.0;7918660000.0;0.0;31/03/2026;123729000;454.0;1008.0;635.0;265.0;2412.0;0.0;0.0;0.0;0.0;0.0;0.0;0.0;0.0;0.0;0.0;23.0;0.0;0.0;0.0;0.0;0.0;37969500000.0;0.0;0.0;0.0;0.0;2984780000.0;785871000.0;273100000.0
BMEB4;PN;BANCO MERCANTIL DO BRASIL S/A PN;Intermediários Financeiros;85.72;28/05/2026;33.5;86.59;2064220.0;10606100000.0;0.0;31/03/2026;123729000;8.0;1350.0;635.0;355.0;2412.0;0.0;0.0;0.0;0.0;0.0;0.0;0.0;0.0;0.0;0.0;19.0;0.0;0.0;0.0;0.0;0.0;37969500000.0;0.0;0.0;0.0;0.0;2984780000.0;785871000.0;273100000.0
BMGB4;PN N1;BANCO BMG PN N1;Intermediários Financeiros;5.1;28/05/2026;3.06;5.8;7148560.0;3306250000.0;0.0;31/03/2026;648284000;-135.0;558.0;91.0;78.0;654.0;0.0;0.0;0.0;0.0;0.0;0.0;0.0;0.0;0.0;0.0;97.0;0.0;0.0;0.0;0.0;0.0;51393300000.0;0.0;0.0;0.0;0.0;4240870000.0;592889000.0;147090000.0
BMIN4;PN;BANCO MERCANTIL DE INVESTIMENTOS SA PN;Intermediários Financeiros;17.6;21/05/2026;15.57;24.15;3576.0;84920000.0;0.0;31/03/2026;4825000;0.0;748.0;235.0;59.0;3007.0;0.0;0.0;0.0;0.0;0.0;0.0;0.0;0.0;0.0;0.0;80.0;0.0;0.0;0.0;0.0;0.0;633493000.0;0.0;0.0;0.0;0.0;145067000.0;11347000.0;3703000.0
BMKS3;ON;MONARK ON;Viagens e Lazer;372.0;28/05/2026;272.85;402.44;34541.0;169167000.0;6640020.0;31/03/2026;454750;0.0;284.0;13097.0;82.0;45444.0;0.0;0.0;0.0;0.0;0.0;0.0;0.0;-85.0;0.0;0.0;350.0;0.0;0.0;0.0;0.0;0.0;251521000.0;164765000.0;181463000.0;2238000.0;-162527000.0;206657000.0;59558000.0;3729000.0
BMOB3;ON NM;BEMOBI TECH ON NM;Programas e Serviços;24.35;28/05/2026;17.56;28.2;17688800.0;2084560000.0;1776240000.0;31/03/2026;85608400;-61.0;1305.0;187.0;214.0;1138.0;0.0;0.0;0.0;0.0;0.0;0.0;0.0;78.0;0.0;0.0;88.0;0.0;0.0;0.0;0.0;0.0;2026430000.0;349216000.0;1443770000.0;40893000.0;-308323000.0;974187000.0;159700000.0;34212000.0
BNBR3;ON;BANCO DO NORDESTE ON;Intermediários Financeiros;107.0;28/05/2026;85.44;121.5;28914.0;10560900000.0;0.0;31/03/2026;98700000;0.0;327.0;3273.0;64.0;16819.0;0.0;0.0;0.0;0.0;0.0;0.0;0.0;0.0;0.0;0.0;66.0;0.0;0.0;0.0;0.0;0.0;75643700000.0;0.0;0.0;0.0;0.0;16600600000.0;3230310000.0;488016000.0
BOBR4;PN;BOMBRIL SA PN;Produtos de Uso Pessoal e de Limpeza;1.22;27/05/2026;1.16;1.68;6445.0;317822000.0;471284000.0;30/09/2025;260510000;0.0;-20.0;-608.0;-20.0;-608.0;0.0;0.0;0.0;0.0;0.0;0.0;0.0;183.0;0.0;0.0;0.0;0.0;0.0;0.0;0.0;0.0;895724000.0;22243000.0;441994000.0;175705000.0;153462000.0;-1583160000.0;-1584110000.0;20635000.0
BPAC11;UNT;BTGP BANCO UNT;Intermediários Financeiros;54.3;28/05/2026;37.61;64.34;520977000.0;211228000000.0;0.0;31/03/2026;11670100000;-125.0;1220.0;445.0;283.0;1915.0;0.0;0.0;0.0;0.0;0.0;0.0;0.0;0.0;0.0;0.0;23.0;0.0;0.0;0.0;0.0;0.0;717681000000.0;0.0;0.0;0.0;0.0;74510400000.0;17307500000.0;4570400000.0
BPAC3;ON;BTGP BANCO ON;Intermediários Financeiros;27.76;28/05/2026;20.79;45.29;620961.0;323961000000.0;0.0;31/03/2026;11670100000;-424.0;1872.0;148.0;435.0;638.0;0.0;0.0;0.0;0.0;0.0;0.0;0.0;0.0;0.0;0.0;15.0;0.0;0.0;0.0;0.0;0.0;717681000000.0;0.0;0.0;0.0;0.0;74510400000.0;17307500000.0;4570400000.0
BPAC5;PNA;BTGP BANCO PNA;Intermediários Financeiros;14.42;28/05/2026;8.14;21.28;473148.0;168282000000.0;0.0;31/03/2026;11670100000;-224.0;972.0;148.0;226.0;638.0;0.0;0.0;0.0;0.0;0.0;0.0;0.0;0.0;0.0;0.0;28.0;0.0;0.0;0.0;0.0;0.0;717681000000.0;0.0;0.0;0.0;0.0;74510400000.0;17307500000.0;4570400000.0
BPAN4;PN;BANCO PAN PN;Intermediários Financeiros;12.75;23/01/2026;7.35;12.75;0.0;16180600000.0;0.0;30/09/2025;1269070000;0.0;2147.0;59.0;208.0;614.0;0.0;0.0;0.0;0.0;0.0;0.0;0.0;0.0;0.0;0.0;0.0;0.0;0.0;0.0;0.0;0.0;69375300000.0;0.0;0.0;0.0;0.0;7792670000.0;753744000.0;187071000.0
BRAP3;ON N1;BRADESPAR S/A ON N1;Mineração;19.97;28/05/2026;12.76;21.7;1078390.0;7850150000.0;7594150000.0;31/03/2026;393097000;142.0;1004.0;199.0;100.0;1990.0;0.0;0.0;0.0;0.0;0.0;0.0;0.0;-5.0;0.0;0.0;107.0;0.0;0.0;0.0;0.0;0.0;7870440000.0;256000000.0;256520000.0;0.0;-256000000.0;7823900000.0;782165000.0;553506000.0
BRAP4;PN N1;BRADESPAR S/A PN N1;Mineração;23.35;28/05/2026;13.56;25.49;49907800.0;9178810000.0;8922810000.0;31/03/2026;393097000;26.0;1174.0;199.0;117.0;1990.0;0.0;0.0;0.0;0.0;0.0;0.0;0.0;-5.0;0.0;0.0;101.0;0.0;0.0;0.0;0.0;0.0;7870440000.0;256000000.0;256520000.0;0.0;-256000000.0;7823900000.0;782165000.0;553506000.0
BRAV3;ON;BRAVA ON;Petróleo, Gás e Biocombustíveis;20.24;28/05/2026;13.35;21.64;234420000.0;9402640000.0;20030000000.0;31/03/2026;464557000;166.0;4047.0;50.0;82.0;2456.0;0.0;0.0;0.0;0.0;0.0;0.0;0.0;66.0;0.0;0.0;6.0;0.0;0.0;0.0;0.0;0.0;42610100000.0;5220180000.0;8229310000.0;15847600000.0;10627400000.0;11410000000.0;232365000.0;-349686000.0
BRBI11;UNT N2;BR PARTNERS UNT N2;Intermediários Financeiros;16.1;28/05/2026;13.91;21.02;4773240.0;1690430000.0;473622000.0;31/03/2026;314987000;63.0;996.0;162.0;213.0;756.0;0.0;0.0;0.0;0.0;0.0;0.0;0.0;1.0;0.0;0.0;97.0;0.0;0.0;0.0;0.0;0.0;18173400000.0;0.0;0.0;0.0;0.0;-1216810000.0;9597020.0;-2855000.0
BRKM3;ON N1;BRASKEM ON N1;Químicos;7.9;28/05/2026;7.05;12.35;438263.0;6297940000.0;49315900000.0;31/03/2026;797208000;-307.0;-69.0;-1146.0;-40.0;-1974.0;0.0;0.0;0.0;0.0;0.0;0.0;0.0;-50.0;0.0;0.0;0.0;0.0;0.0;0.0;0.0;0.0;75870000000.0;6046000000.0;26191000000.0;49064000000.0;43018000000.0;-15736000000.0;-9132000000.0;1446000000.0
BRKM5;PNA N1;BRASKEM PNA N1;Químicos;11.13;28/05/2026;6.26;12.7;60270600.0;8872930000.0;51890900000.0;31/03/2026;797208000;-168.0;-97.0;-1146.0;-56.0;-1974.0;0.0;0.0;0.0;0.0;0.0;0.0;0.0;-50.0;0.0;0.0;0.0;0.0;0.0;0.0;0.0;0.0;75870000000.0;6046000000.0;26191000000.0;49064000000.0;43018000000.0;-15736000000.0;-9132000000.0;1446000000.0
BRKM6;PNB N1;BRASKEM PNB N1;Químicos;7.02;20/05/2026;6.12;9.89;486.0;5596400000.0;48614400000.0;31/03/2026;797208000;0.0;-61.0;-1146.0;-36.0;-1974.0;0.0;0.0;0.0;0.0;0.0;0.0;0.0;-50.0;0.0;0.0;0.0;0.0;0.0;0.0;0.0;0.0;75870000000.0;6046000000.0;26191000000.0;49064000000.0;43018000000.0;-15736000000.0;-9132000000.0;1446000000.0
BRSR3;ON;BANRISUL S/A ON;Intermediários Financeiros;17.55;28/05/2026;10.54;19.74;103499.0;7177490000.0;0.0;31/03/2026;408974000;-129.0;453.0;387.0;63.0;2769.0;0.0;0.0;0.0;0.0;0.0;0.0;0.0;0.0;0.0;0.0;90.0;0.0;0.0;0.0;0.0;0.0;164205000000.0;0.0;0.0;0.0;0.0;11323200000.0;1584360000.0;221407000.0
BRSR5;PNA;BANRISUL S/A PNA;Intermediários Financeiros;17.01;07/05/2026;13.36;19.38;444.0;6956650000.0;0.0;31/03/2026;408974000;0.0;439.0;387.0;61.0;2769.0;0.0;0.0;0.0;0.0;0.0;0.0;0.0;0.0;0.0;0.0;95.0;0.0;0.0;0.0;0.0;0.0;164205000000.0;0.0;0.0;0.0;0.0;11323200000.0;1584360000.0;221407000.0
BRSR6;PNB;BANRISUL S/A PNB;Intermediários Financeiros;14.61;28/05/2026;9.71;18.86;28587700.0;5975110000.0;0.0;31/03/2026;408974000;-102.0;377.0;387.0;53.0;2769.0;0.0;0.0;0.0;0.0;0.0;0.0;0.0;0.0;0.0;0.0;109.0;0.0;0.0;0.0;0.0;0.0;164205000000.0;0.0;0.0;0.0;0.0;11323200000.0;1584360000.0;221407000.0
BRST3;ON NM;BRISANET ON NM;Telecomunicações;2.81;28/05/2026;2.58;3.55;1145990.0;1230800000.0;2911830000.0;31/03/2026;438008000;-71.0;3115.0;9.0;79.0;357.0;0.0;0.0;0.0;0.0;0.0;0.0;0.0;55.0;0.0;0.0;15.0;0.0;0.0;0.0;0.0;0.0;4637800000.0;724410000.0;1074170000.0;2405440000.0;1681030000.0;1562810000.0;39507000.0;19047000.0
BSLI3;ON;BRB ON;Intermediários Financeiros;3.87;28/05/2026;3.35;10.54;140874.0;1881520000.0;0.0;30/06/2025;486181000;1349.0;269.0;144.0;47.0;820.0;0.0;0.0;0.0;0.0;0.0;0.0;0.0;0.0;0.0;0.0;75.0;0.0;0.0;0.0;0.0;0.0;74509300000.0;0.0;0.0;0.0;0.0;3984960000.0;698331000.0;272858000.0
BSLI4;ON;BRB ON;Intermediários Financeiros;3.81;28/05/2026;3.34;11.48;147146.0;1852350000.0;0.0;30/06/2025;486181000;106.0;265.0;144.0;46.0;820.0;0.0;0.0;0.0;0.0;0.0;0.0;0.0;0.0;0.0;0.0;84.0;0.0;0.0;0.0;0.0;0.0;74509300000.0;0.0;0.0;0.0;0.0;3984960000.0;698331000.0;272858000.0
CALI3;ON;CAL S/A ON;Construção Civil;23.0;27/05/2026;15.11;25.0;3640.0;160747000.0;311311000.0;31/03/2026;6989000;0.0;393.0;586.0;80.0;2879.0;0.0;0.0;0.0;0.0;0.0;0.0;0.0;47.0;0.0;0.0;39.0;0.0;0.0;0.0;0.0;0.0;1057100000.0;168109000.0;800769000.0;318673000.0;150564000.0;201211000.0;40931000.0;16436000.0
CAMB3;ON;PENALTY ON;Tecidos, Vestuário e Calçados;9.91;28/05/2026;8.13;10.39;238844.0;418945000.0;362405000.0;31/03/2026;42275000;-50.0;608.0;163.0;131.0;756.0;0.0;0.0;0.0;0.0;0.0;0.0;0.0;154.0;0.0;0.0;123.0;0.0;0.0;0.0;0.0;0.0;390149000.0;58191000.0;201014000.0;1651000.0;-56540000.0;319417000.0;68956000.0;19677000.0
CAML3;ON NM;CAMIL ON NM;Alimentos Processados;5.75;28/05/2026;4.11;7.32;7903580.0;2012500000.0;5260740000.0;28/02/2026;350000000;-86.0;1356.0;42.0;67.0;862.0;0.0;0.0;0.0;0.0;0.0;0.0;0.0;51.0;0.0;0.0;51.0;0.0;0.0;0.0;0.0;0.0;10774500000.0;2022700000.0;5513440000.0;5270950000.0;3248240000.0;3015320000.0;148369000.0;-40394000.0
CASH3;ON NM;MELIUZ ON NM;Programas e Serviços;4.46;28/05/2026;3.24;8.82;5144430.0;504988000.0;413623000.0;31/03/2026;113226000;300.0;-712.0;-63.0;112.0;399.0;0.0;0.0;0.0;0.0;0.0;0.0;0.0;-77.0;0.0;0.0;0.0;0.0;0.0;0.0;0.0;0.0;550042000.0;91365000.0;197886000.0;0.0;-91365000.0;451778000.0;-70887000.0;-59939000.0
CBAV3;ON NM;CBA ON NM;Mineração;10.73;28/05/2026;2.83;10.73;31425400.0;6986010000.0;10118800000.0;31/03/2026;651073000;9.0;5703.0;19.0;151.0;711.0;0.0;0.0;0.0;0.0;0.0;0.0;0.0;14.0;0.0;0.0;4.0;0.0;0.0;0.0;0.0;0.0;14112200000.0;1488050000.0;4765150000.0;4620840000.0;3132790000.0;4630130000.0;122494000.0;306437000.0
CBEE3;ON;AMPLA ENERG ON;Energia Elétrica;11.95;28/05/2026;8.49;14.83;1258.0;5416030000.0;10196000000.0;31/03/2026;453224000;0.0;10663.0;11.0;54.0;2200.0;0.0;0.0;0.0;0.0;0.0;0.0;0.0;64.0;0.0;0.0;0.0;0.0;0.0;0.0;0.0;0.0;22330900000.0;154745000.0;4989850000.0;4934770000.0;4780020000.0;9970030000.0;50795000.0;109635000.0
CEAB3;ON NM;CEA MODAS ON NM;Comércio;11.44;28/05/2026;9.51;19.95;105267000.0;3526320000.0;3657980000.0;31/03/2026;308245000;53.0;603.0;190.0;95.0;1201.0;0.0;0.0;0.0;0.0;0.0;0.0;0.0;111.0;0.0;0.0;46.0;0.0;0.0;0.0;0.0;0.0;8629790000.0;805748000.0;4015370000.0;937402000.0;131654000.0;3702830000.0;584677000.0;1664000.0
CEBR3;ON;CEB - COMPANHIA ENERGÉTICA DE BRASÍLIA ON;Energia Elétrica;27.7;28/05/2026;15.74;34.51;176465.0;1996670000.0;1615660000.0;31/03/2026;72082000;-32.0;1196.0;232.0;211.0;1312.0;0.0;0.0;0.0;0.0;0.0;0.0;0.0;89.0;0.0;0.0;142.0;0.0;0.0;0.0;0.0;0.0;1367090000.0;381013000.0;643751000.0;0.0;-381013000.0;945696000.0;166923000.0;30979000.0
CEBR5;PNA;CEB - COMPANHIA ENERGÉTICA DE BRASÍLIA PNA;Energia Elétrica;26.45;28/05/2026;15.64;29.44;52698.0;1906570000.0;1525560000.0;31/03/2026;72082000;19.0;1142.0;232.0;202.0;1312.0;0.0;0.0;0.0;0.0;0.0;0.0;0.0;89.0;0.0;0.0;149.0;0.0;0.0;0.0;0.0;0.0;1367090000.0;381013000.0;643751000.0;0.0;-381013000.0;945696000.0;166923000.0;30979000.0
CEBR6;PNB;CEB - COMPANHIA ENERGÉTICA DE BRASÍLIA PNB;Energia Elétrica;30.5;28/05/2026;17.51;32.0;236444.0;2198500000.0;1817490000.0;31/03/2026;72082000;-3.0;1317.0;232.0;232.0;1312.0;0.0;0.0;0.0;0.0;0.0;0.0;0.0;89.0;0.0;0.0;142.0;0.0;0.0;0.0;0.0;0.0;1367090000.0;381013000.0;643751000.0;0.0;-381013000.0;945696000.0;166923000.0;30979000.0
CEDO3;ON;CIA. DE FIAÇÃO E TECIDOS CEDRO CACHOEIRA ON;Tecidos, Vestuário e Calçados;10.0;14/05/2026;7.0;29.0;1922.0;100000000.0;472845000.0;31/03/2026;10000000;0.0;-180.0;-555.0;39.0;2595.0;0.0;0.0;0.0;0.0;0.0;0.0;0.0;84.0;0.0;0.0;0.0;0.0;0.0;0.0;0.0;0.0;929843000.0;10714000.0;365672000.0;383559000.0;372845000.0;259506000.0;-55520000.0;-18168000.0
CEDO4;PN;CIA. DE FIAÇÃO E TECIDOS CEDRO CACHOEIRA PN;Tecidos, Vestuário e Calçados;5.3;28/05/2026;5.3;18.8;38610.0;53000000.0;425845000.0;31/03/2026;10000000;-586.0;-95.0;-555.0;20.0;2595.0;0.0;0.0;0.0;0.0;0.0;0.0;0.0;84.0;0.0;0.0;0.0;0.0;0.0;0.0;0.0;0.0;929843000.0;10714000.0;365672000.0;383559000.0;372845000.0;259506000.0;-55520000.0;-18168000.0
CEEB3;ON;COELBA ON;Energia Elétrica;48.0;28/05/2026;31.8;50.0;15165.0;12580600000.0;31215600000.0;31/03/2026;262096000;-60.0;672.0;714.0;155.0;3094.0;0.0;0.0;0.0;0.0;0.0;0.0;0.0;118.0;0.0;0.0;121.0;0.0;0.0;0.0;0.0;0.0;37739000000.0;2979000000.0;8572000000.0;21614000000.0;18635000000.0;8110000000.0;1872000000.0;406000000.0
CEEB5;PNA;COELBA PNA;Energia Elétrica;43.01;28/05/2026;30.6;44.08;843.0;11272700000.0;29907700000.0;31/03/2026;262096000;-135.0;602.0;714.0;139.0;3094.0;0.0;0.0;0.0;0.0;0.0;0.0;0.0;118.0;0.0;0.0;135.0;0.0;0.0;0.0;0.0;0.0;37739000000.0;2979000000.0;8572000000.0;21614000000.0;18635000000.0;8110000000.0;1872000000.0;406000000.0
CEED3;ON N1;CEEE-D ON N1;Energia Elétrica;9.79;18/02/2026;6.65;9.99;0.0;668216000.0;7709170000.0;31/03/2026;68255000;0.0;-90.0;-1087.0;-15.0;-6317.0;0.0;0.0;0.0;0.0;0.0;0.0;0.0;57.0;0.0;0.0;0.0;0.0;0.0;0.0;0.0;0.0;10063900000.0;1069340000.0;3393800000.0;8110290000.0;7040950000.0;-4311770000.0;-742009000.0;-40807000.0
CEGR3;ON;CEG ON;Gás;32.69;19/05/2026;32.69;95.47;1473.0;8487570000.0;8801860000.0;31/03/2026;259638000;0.0;1267.0;258.0;389.0;840.0;0.0;0.0;0.0;0.0;0.0;0.0;0.0;248.0;0.0;0.0;20.0;0.0;0.0;0.0;0.0;0.0;4768590000.0;443466000.0;1183610000.0;757761000.0;314295000.0;2181060000.0;670085000.0;137617000.0
CGAS3;ON;COMPANHIA DE GÁS DE SÃO PAULO - COMGÁS ON;Gás;123.99;22/05/2026;113.13;136.99;13569.0;16431300000.0;24982700000.0;31/03/2026;132521000;0.0;1067.0;1162.0;954.0;1299.0;0.0;0.0;0.0;0.0;0.0;0.0;0.0;186.0;0.0;0.0;66.0;0.0;0.0;0.0;0.0;0.0;16495300000.0;2473080000.0;5478740000.0;11024500000.0;8551440000.0;1721830000.0;1539430000.0;279271000.0
CGAS5;PNAS;COMPANHIA DE GÁS DE SÃO PAULO - COMGÁS PNAS;Gás;124.0;28/05/2026;117.18;135.94;164408.0;16432600000.0;24984000000.0;31/03/2026;132521000;23.0;1067.0;1162.0;954.0;1299.0;0.0;0.0;0.0;0.0;0.0;0.0;0.0;186.0;0.0;0.0;72.0;0.0;0.0;0.0;0.0;0.0;16495300000.0;2473080000.0;5478740000.0;11024500000.0;8551440000.0;1721830000.0;1539430000.0;279271000.0
CGRA3;ON;GRAZZIOTIN ON;Comércio;25.6;28/05/2026;18.75;28.52;34044.0;604593000.0;448148000.0;31/03/2026;23616900;115.0;714.0;358.0;68.0;3740.0;0.0;0.0;0.0;0.0;0.0;0.0;0.0;78.0;0.0;0.0;235.0;0.0;0.0;0.0;0.0;0.0;1255700000.0;156445000.0;526615000.0;0.0;-156445000.0;883322000.0;84649000.0;5209000.0
CGRA4;PN;GRAZZIOTIN PN;Comércio;26.2;28/05/2026;18.29;27.59;173629.0;618764000.0;462319000.0;31/03/2026;23616900;195.0;731.0;358.0;70.0;3740.0;0.0;0.0;0.0;0.0;0.0;0.0;0.0;78.0;0.0;0.0;230.0;0.0;0.0;0.0;0.0;0.0;1255700000.0;156445000.0;526615000.0;0.0;-156445000.0;883322000.0;84649000.0;5209000.0
CLSC3;ON N2;CELESC ON N2;Energia Elétrica;129.99;28/05/2026;83.19;133.71;27906.0;5013970000.0;9785340000.0;31/03/2026;38572000;0.0;689.0;1886.0;121.0;10737.0;0.0;0.0;0.0;0.0;0.0;0.0;0.0;75.0;0.0;0.0;66.0;0.0;0.0;0.0;0.0;0.0;14467500000.0;286625000.0;4263640000.0;5057990000.0;4771360000.0;4141510000.0;727471000.0;250659000.0
CLSC4;PN N2;CELESC PN N2;Energia Elétrica;141.6;28/05/2026;90.87;155.46;392851.0;5461800000.0;10233200000.0;31/03/2026;38572000;0.0;751.0;1886.0;132.0;10737.0;0.0;0.0;0.0;0.0;0.0;0.0;0.0;75.0;0.0;0.0;67.0;0.0;0.0;0.0;0.0;0.0;14467500000.0;286625000.0;4263640000.0;5057990000.0;4771360000.0;4141510000.0;727471000.0;250659000.0
CMIG3;ON N1;CEMIG ON N1;Energia Elétrica;16.07;28/05/2026;13.07;19.39;2650480.0;45988800000.0;63806800000.0;31/03/2026;2861780000;-25.0;951.0;169.0;159.0;1009.0;0.0;0.0;0.0;0.0;0.0;0.0;0.0;89.0;0.0;0.0;59.0;0.0;0.0;0.0;0.0;0.0;68174300000.0;1792520000.0;14417400000.0;19610500000.0;17818000000.0;28887600000.0;4837710000.0;978545000.0
CMIG4;PN N1;CEMIG PN N1;Energia Elétrica;11.05;28/05/2026;9.38;13.55;206282000.0;31622700000.0;49440700000.0;31/03/2026;2861780000;-99.0;654.0;169.0;109.0;1009.0;0.0;0.0;0.0;0.0;0.0;0.0;0.0;89.0;0.0;0.0;85.0;0.0;0.0;0.0;0.0;0.0;68174300000.0;1792520000.0;14417400000.0;19610500000.0;17818000000.0;28887600000.0;4837710000.0;978545000.0
CMIN3;ON N2;CSNMINERACAO ON N2;Mineração;4.7;28/05/2026;4.08;6.24;38311700.0;25530600000.0;25799200000.0;31/03/2026;5432040000;151.0;1145.0;41.0;361.0;130.0;0.0;0.0;0.0;0.0;0.0;0.0;0.0;150.0;0.0;0.0;232.0;0.0;0.0;0.0;0.0;0.0;34188500000.0;8861070000.0;12686700000.0;9129710000.0;268641000.0;7080300000.0;2229270000.0;222368000.0
COCE3;ON;CIA ENERG CEARA - COELCE ON;Energia Elétrica;33.32;14/05/2026;24.86;48.49;81.0;2875580000.0;9571330000.0;31/03/2026;86302000;0.0;569.0;585.0;51.0;6497.0;0.0;0.0;0.0;0.0;0.0;0.0;0.0;103.0;0.0;0.0;7.0;0.0;0.0;0.0;0.0;0.0;16659900000.0;191161000.0;3023920000.0;6886910000.0;6695750000.0;5606640000.0;505176000.0;145241000.0
COCE5;PNA;CIA ENERG CEARA - COELCE PNA;Energia Elétrica;33.7;28/05/2026;24.32;34.17;434992.0;2908380000.0;9604120000.0;31/03/2026;86302000;96.0;576.0;585.0;52.0;6497.0;0.0;0.0;0.0;0.0;0.0;0.0;0.0;103.0;0.0;0.0;44.0;0.0;0.0;0.0;0.0;0.0;16659900000.0;191161000.0;3023920000.0;6886910000.0;6695750000.0;5606640000.0;505176000.0;145241000.0
COGN3;ON;COGNA ON;Diversos;2.53;28/05/2026;2.25;4.57;83345300.0;5222600000.0;10553700000.0;31/03/2026;2064270000;0.0;777.0;33.0;38.0;659.0;0.0;0.0;0.0;0.0;0.0;0.0;0.0;90.0;0.0;0.0;47.0;0.0;0.0;0.0;0.0;0.0;24296900000.0;1205330000.0;4981660000.0;6536420000.0;5331090000.0;13601200000.0;671857000.0;141447000.0
CPFE3;ON;CPFL ENERGIA S.A. ON;Energia Elétrica;43.03;28/05/2026;34.48;52.32;109227000.0;49581500000.0;75543700000.0;31/03/2026;1152250000;-260.0;860.0;500.0;204.0;2109.0;0.0;0.0;0.0;0.0;0.0;0.0;0.0;136.0;0.0;0.0;87.0;0.0;0.0;0.0;0.0;0.0;83990600000.0;5751930000.0;19687100000.0;31714100000.0;25962200000.0;24297600000.0;5763250000.0;1830240000.0
CPLE3;ON;COPEL ON;Energia Elétrica;14.45;28/05/2026;10.02;16.72;389033000.0;43101600000.0;61240900000.0;31/03/2026;2982810000;-130.0;1587.0;91.0;181.0;799.0;0.0;0.0;0.0;0.0;0.0;0.0;0.0;78.0;0.0;0.0;74.0;0.0;0.0;0.0;0.0;0.0;62926700000.0;5175930000.0;13098900000.0;23315300000.0;18139300000.0;23832400000.0;2715140000.0;692039000.0
CPLE5;PNA;COPEL PNA;Energia Elétrica;13.58;19/12/2025;11.2;15.38;0.0;40506600000.0;58645900000.0;31/03/2026;2982810000;0.0;1492.0;91.0;170.0;799.0;0.0;0.0;0.0;0.0;0.0;0.0;0.0;78.0;0.0;0.0;0.0;0.0;0.0;0.0;0.0;0.0;62926700000.0;5175930000.0;13098900000.0;23315300000.0;18139300000.0;23832400000.0;2715140000.0;692039000.0
CRPG3;ON;CRISTAL ON;Químicos;18.0;25/05/2026;15.0;21.5;298.0;522342000.0;486672000.0;31/03/2026;29019000;0.0;-649.0;-277.0;95.0;1896.0;0.0;0.0;0.0;0.0;0.0;0.0;0.0;-95.0;0.0;0.0;0.0;0.0;0.0;0.0;0.0;0.0;944267000.0;39844000.0;608871000.0;4174000.0;-35670000.0;550076000.0;-80437000.0;-19991000.0
CRPG5;PNA;CRISTAL PNA;Químicos;16.3;28/05/2026;11.71;24.67;56696.0;473010000.0;437340000.0;31/03/2026;29019000;124.0;-588.0;-277.0;86.0;1896.0;0.0;0.0;0.0;0.0;0.0;0.0;0.0;-95.0;0.0;0.0;0.0;0.0;0.0;0.0;0.0;0.0;944267000.0;39844000.0;608871000.0;4174000.0;-35670000.0;550076000.0;-80437000.0;-19991000.0
CRPG6;PNB;CRISTAL PNB;Químicos;16.81;20/05/2026;10.99;23.89;3567.0;487809000.0;452139000.0;31/03/2026;29019000;0.0;-606.0;-277.0;89.0;1896.0;0.0;0.0;0.0;0.0;0.0;0.0;0.0;-95.0;0.0;0.0;0.0;0.0;0.0;0.0;0.0;0.0;944267000.0;39844000.0;608871000.0;4174000.0;-35670000.0;550076000.0;-80437000.0;-19991000.0
CSAN3;ON;COSAN SA INDUSTRIA E COMERCIO ON;Petróleo, Gás e Biocombustíveis;3.94;28/05/2026;3.94;8.54;159064000.0;15628300000.0;63040900000.0;31/03/2026;3966570000;-175.0;-164.0;-240.0;447.0;88.0;0.0;0.0;0.0;0.0;0.0;0.0;0.0;71.0;0.0;0.0;0.0;0.0;0.0;0.0;0.0;0.0;126989000000.0;17464000000.0;31905100000.0;64876600000.0;47412600000.0;3493750000.0;-9517580000.0;-1583350000.0
CSED3;ON NM;CRUZEIRO EDU ON NM;Diversos;4.06;28/05/2026;3.94;6.96;3535990.0;1480040000.0;1940170000.0;31/03/2026;364543000;-73.0;544.0;75.0;90.0;453.0;0.0;0.0;0.0;0.0;0.0;0.0;0.0;111.0;0.0;0.0;120.0;0.0;0.0;0.0;0.0;0.0;4860500000.0;930828000.0;1244640000.0;1390960000.0;460129000.0;1652140000.0;271939000.0;61484000.0
CSMG3;ON;COPASA MG ON;Água e Saneamento;52.94;28/05/2026;22.37;60.35;255240000.0;20130600000.0;26993000000.0;31/03/2026;380253000;432.0;1485.0;356.0;230.0;2306.0;0.0;0.0;0.0;0.0;0.0;0.0;0.0;100.0;0.0;0.0;42.0;0.0;0.0;0.0;0.0;0.0;21493600000.0;2509970000.0;4270560000.0;9372390000.0;6862420000.0;8768800000.0;1355340000.0;368104000.0
CSNA3;ON;CSN ON;Siderurgia e Metalurgia;6.8;28/05/2026;5.72;10.89;69367500.0;9017440000.0;46013000000.0;31/03/2026;1326090000;382.0;-451.0;-151.0;70.0;969.0;0.0;0.0;0.0;0.0;0.0;0.0;0.0;64.0;0.0;0.0;0.0;0.0;0.0;0.0;0.0;0.0;99128300000.0;13439500000.0;29391900000.0;50435100000.0;36995600000.0;12849800000.0;-1998760000.0;-615531000.0
CSUD3;ON;CSU DIGITAL ON;Serviços Diversos;17.6;28/05/2026;15.37;19.41;2154120.0;735680000.0;789057000.0;31/03/2026;41800000;115.0;723.0;243.0;154.0;1144.0;0.0;0.0;0.0;0.0;0.0;0.0;0.0;125.0;0.0;0.0;134.0;0.0;0.0;0.0;0.0;0.0;828958000.0;95310000.0;275408000.0;148687000.0;53377000.0;478135000.0;101751000.0;20134000.0
CTAX3;ON;CONTAX ON;Serviços Diversos;0.53;28/05/2026;0.53;1.29;6341.0;14156300.0;179418000.0;31/03/2026;26710000;-536.0;-84.0;-63.0;16.0;338.0;0.0;0.0;0.0;0.0;0.0;0.0;0.0;17.0;0.0;0.0;0.0;0.0;0.0;0.0;0.0;0.0;1128430000.0;25032000.0;164031000.0;190294000.0;165262000.0;90400000.0;-16952000.0;-24504000.0
CTKA3;ON;KARSTEN ON;Tecidos, Vestuário e Calçados;46.39;21/05/2026;33.0;50.0;226.0;287850000.0;630160000.0;31/03/2026;6205000;0.0;468.0;992.0;359.0;1291.0;0.0;0.0;0.0;0.0;0.0;0.0;0.0;100.0;0.0;0.0;0.0;0.0;0.0;0.0;0.0;0.0;736778000.0;61217000.0;488291000.0;403527000.0;342310000.0;80083000.0;61528000.0;4075000.0
CTKA4;PN;KARSTEN PN;Tecidos, Vestuário e Calçados;35.77;28/05/2026;31.0;49.8;47277.0;221953000.0;564263000.0;31/03/2026;6205000;220.0;361.0;992.0;277.0;1291.0;0.0;0.0;0.0;0.0;0.0;0.0;0.0;100.0;0.0;0.0;0.0;0.0;0.0;0.0;0.0;0.0;736778000.0;61217000.0;488291000.0;403527000.0;342310000.0;80083000.0;61528000.0;4075000.0
CTSA3;ON;SANTANENSE ON;Tecidos, Vestuário e Calçados;2.0;18/05/2026;2.0;4.29;239.0;13912000.0;249753000.0;31/12/2024;6956000;0.0;-9.0;-2320.0;14.0;1425.0;0.0;0.0;0.0;0.0;0.0;0.0;0.0;-112.0;0.0;0.0;0.0;0.0;0.0;0.0;0.0;0.0;673131000.0;3363000.0;114526000.0;239204000.0;235841000.0;99103000.0;-161364000.0;-49433000.0
CTSA4;PN;SANTANENSE PN;Tecidos, Vestuário e Calçados;1.29;15/05/2026;1.07;2.8;734.0;8973240.0;244814000.0;31/12/2024;6956000;0.0;-6.0;-2320.0;9.0;1425.0;0.0;0.0;0.0;0.0;0.0;0.0;0.0;-112.0;0.0;0.0;0.0;0.0;0.0;0.0;0.0;0.0;673131000.0;3363000.0;114526000.0;239204000.0;235841000.0;99103000.0;-161364000.0;-49433000.0
CURY3;ON NM;CURY S/A ON NM;Construção Civil;32.18;28/05/2026;24.88;40.95;148467000.0;9912970000.0;9506080000.0;31/03/2026;308048000;222.0;931.0;346.0;642.0;501.0;0.0;0.0;0.0;0.0;0.0;0.0;0.0;249.0;0.0;0.0;130.0;0.0;0.0;0.0;0.0;0.0;6195490000.0;1757310000.0;3691840000.0;1350420000.0;-406894000.0;1544570000.0;1064930000.0;302867000.0
CVCB3;ON NM;CVC BRASIL ON NM;Viagens e Lazer;1.6;28/05/2026;1.6;2.72;33019100.0;840946000.0;1074200000.0;31/03/2026;525591000;-533.0;-795.0;-20.0;209.0;76.0;0.0;0.0;0.0;0.0;0.0;0.0;0.0;43.0;0.0;0.0;0.0;0.0;0.0;0.0;0.0;0.0;3724250000.0;182590000.0;2044750000.0;415840000.0;233250000.0;401731000.0;-105822000.0;-72321000.0
CXSE3;ON NM;CAIXA SEGURI ON NM;Previdência e Seguros;17.44;28/05/2026;12.47;19.43;80418400.0;52320000000.0;51220600000.0;31/03/2026;3000000000;-11.0;1191.0;146.0;380.0;459.0;0.0;0.0;0.0;0.0;0.0;0.0;0.0;-11.0;0.0;0.0;75.0;0.0;0.0;0.0;0.0;0.0;14925300000.0;1109470000.0;2119840000.0;10022000.0;-1099450000.0;13772000000.0;4391420000.0;1150280000.0
CYRE3;PN;CYRELA BRAZIL REALTY PN;Construção Civil;22.5;28/05/2026;18.76;32.0;178027000.0;10278000000.0;15202100000.0;31/03/2026;456800000;135.0;520.0;433.0;97.0;2325.0;0.0;0.0;0.0;0.0;0.0;0.0;0.0;58.0;0.0;0.0;102.0;0.0;0.0;0.0;0.0;0.0;26714100000.0;3869720000.0;15143600000.0;8793840000.0;4924120000.0;10621000000.0;1975900000.0;296776000.0
CYRE4;PN;CYRELA BRAZIL REALTY PN;Construção Civil;20.75;28/05/2026;19.45;30.9;14803200.0;9478600000.0;14402700000.0;31/03/2026;456800000;217.0;480.0;433.0;89.0;2325.0;0.0;0.0;0.0;0.0;0.0;0.0;0.0;58.0;0.0;0.0;0.0;0.0;0.0;0.0;0.0;0.0;26714100000.0;3869720000.0;15143600000.0;8793840000.0;4924120000.0;10621000000.0;1975900000.0;296776000.0
DASA3;ON;DIAGNOSTICOS DA AMERICA SA ON;Serv.Méd.Hospit. Análises e Diagnósticos;3.29;28/05/2026;1.2;4.6;5902020.0;4128970000.0;9366830000.0;31/03/2026;1255010000;613.0;-397.0;-83.0;60.0;547.0;0.0;0.0;0.0;0.0;0.0;0.0;0.0;56.0;0.0;0.0;0.0;0.0;0.0;0.0;0.0;0.0;17814500000.0;1705010000.0;5023040000.0;6942870000.0;5237850000.0;6866410000.0;-1039640000.0;-1919000.0
DESK3;ON NM;DESKTOPSIGMA ON NM;Telecomunicações;18.01;28/05/2026;7.65;18.55;10787100.0;2093070000.0;3295270000.0;31/03/2026;116217000;129.0;3398.0;53.0;147.0;1223.0;0.0;0.0;0.0;0.0;0.0;0.0;0.0;97.0;0.0;0.0;8.0;0.0;0.0;0.0;0.0;0.0;3866730000.0;457365000.0;738415000.0;1659560000.0;1202200000.0;1420900000.0;61597000.0;9635000.0
DEXP3;ON;DEXXOS PAR ON;Químicos;7.21;28/05/2026;6.45;8.03;977156.0;886643000.0;789915000.0;31/03/2026;122974000;84.0;623.0;116.0;84.0;855.0;0.0;0.0;0.0;0.0;0.0;0.0;0.0;71.0;0.0;0.0;69.0;0.0;0.0;0.0;0.0;0.0;1616780000.0;360555000.0;1026490000.0;263827000.0;-96728000.0;1051980000.0;142400000.0;51348000.0
DEXP4;PN;DEXXOS PAR PN;Químicos;7.1;28/05/2026;6.39;8.3;20056.0;873115000.0;776387000.0;31/03/2026;122974000;-28.0;613.0;116.0;83.0;855.0;0.0;0.0;0.0;0.0;0.0;0.0;0.0;71.0;0.0;0.0;72.0;0.0;0.0;0.0;0.0;0.0;1616780000.0;360555000.0;1026490000.0;263827000.0;-96728000.0;1051980000.0;142400000.0;51348000.0
DIRR3;ON NM;Direcional Engenharia ON NM;Construção Civil;13.37;28/05/2026;11.36;16.95;104659000.0;6959090000.0;7701680000.0;31/03/2026;520500000;38.0;830.0;161.0;327.0;409.0;0.0;0.0;0.0;0.0;0.0;0.0;0.0;82.0;0.0;0.0;166.0;0.0;0.0;0.0;0.0;0.0;13916900000.0;2420760000.0;6667190000.0;3163360000.0;742594000.0;2129550000.0;837986000.0;213160000.0
DMVF3;ON NM;D1000VFARMA ON NM;Comércio e Distribuição;6.2;28/05/2026;4.32;7.5;621018.0;313739000.0;365974000.0;31/03/2026;50603000;653.0;1310.0;47.0;34.0;1820.0;0.0;0.0;0.0;0.0;0.0;0.0;0.0;40.0;0.0;0.0;0.0;0.0;0.0;0.0;0.0;0.0;1978740000.0;22993000.0;618418000.0;75228000.0;52235000.0;920792000.0;23949000.0;1515000.0
DOHL4;PN;DOHLER PN;Tecidos, Vestuário e Calçados;3.79;28/05/2026;3.4;4.31;12211.0;286695000.0;332207000.0;31/03/2026;75645000;0.0;99894.0;0.0;42.0;912.0;0.0;0.0;0.0;0.0;0.0;0.0;0.0;-34.0;0.0;0.0;12.0;0.0;0.0;0.0;0.0;0.0;1031690000.0;132871000.0;603514000.0;178383000.0;45512000.0;689527000.0;287000.0;-8708000.0
DOTZ3;ON NM;DOTZ SA ON NM;Diversos;3.99;28/05/2026;2.66;9.14;81908.0;53154700.0;114561000.0;31/03/2026;13322000;-197.0;724.0;55.0;-22.0;-1802.0;0.0;0.0;0.0;0.0;0.0;0.0;0.0;192.0;0.0;0.0;0.0;0.0;0.0;0.0;0.0;0.0;335018000.0;48188000.0;229096000.0;109594000.0;61406000.0;-240022000.0;7344000.0;6868000.0
DTCY3;ON;DTCOM ON;Serviços Diversos;2.5;08/05/2026;2.5;4.0;185.0;27827500.0;24119500.0;31/03/2026;11131000;0.0;-4268.0;-6.0;5726.0;4.0;0.0;0.0;0.0;0.0;0.0;0.0;0.0;-101.0;0.0;0.0;0.0;0.0;0.0;0.0;0.0;0.0;5778000.0;3708000.0;4702000.0;0.0;-3708000.0;486000.0;-652000.0;-465000.0
DXCO3;ON;DEXCO ON;Madeira e Papel;4.79;28/05/2026;4.44;6.09;14705700.0;4402170000.0;9234280000.0;31/03/2026;919034000;-204.0;51272.0;1.0;64.0;752.0;0.0;0.0;0.0;0.0;0.0;0.0;0.0;31.0;0.0;0.0;0.0;0.0;0.0;0.0;0.0;0.0;19675400000.0;3131230000.0;6734540000.0;7963340000.0;4832110000.0;6915040000.0;8586000.0;53346000.0
EALT3;ON;ELECTRO AÇO ALTONA S/A ON;Máquinas e Equipamentos;13.5;25/05/2026;11.43;14.83;8694.0;303750000.0;382201000.0;31/03/2026;22500000;0.0;520.0;260.0;83.0;1622.0;0.0;0.0;0.0;0.0;0.0;0.0;0.0;28.0;0.0;0.0;32.0;0.0;0.0;0.0;0.0;0.0;647017000.0;20680000.0;247890000.0;99131000.0;78451000.0;364861000.0;58449000.0;9013000.0
EALT4;PN;ELECTRO AÇO ALTONA S/A PN;Máquinas e Equipamentos;12.44;28/05/2026;9.84;14.53;181835.0;279900000.0;358351000.0;31/03/2026;22500000;-8.0;479.0;260.0;77.0;1622.0;0.0;0.0;0.0;0.0;0.0;0.0;0.0;28.0;0.0;0.0;38.0;0.0;0.0;0.0;0.0;0.0;647017000.0;20680000.0;247890000.0;99131000.0;78451000.0;364861000.0;58449000.0;9013000.0
ECOR3;ON NM;ECORODOVIAS ON NM;Transporte;7.66;28/05/2026;6.07;11.74;60357300.0;5333920000.0;27790600000.0;31/03/2026;696334000;-179.0;732.0;105.0;130.0;588.0;0.0;0.0;0.0;0.0;0.0;0.0;0.0;105.0;0.0;0.0;80.0;0.0;0.0;0.0;0.0;0.0;37541900000.0;4612080000.0;5740910000.0;27068800000.0;22456700000.0;4092730000.0;729107000.0;-10090000.0
EGIE3;ON;	ENGIE BRASIL ON;Energia Elétrica;32.32;28/05/2026;26.95;37.88;80599200.0;36919100000.0;61635400000.0;31/03/2026;1142300000;-95.0;1439.0;225.0;271.0;1191.0;0.0;0.0;0.0;0.0;0.0;0.0;0.0;97.0;0.0;0.0;37.0;0.0;0.0;0.0;0.0;0.0;58695300000.0;6465380000.0;9983640000.0;31181600000.0;24716300000.0;13601000000.0;2565620000.0;751482000.0
EKTR3;ON;ELEKTRO ELETRICIDADE E SERVIÇOS S.A. ON;Energia Elétrica;51.52;13/04/2026;31.55;51.52;879.0;9982460000.0;17902500000.0;31/03/2026;193759000;0.0;1115.0;462.0;439.0;1174.0;0.0;0.0;0.0;0.0;0.0;0.0;0.0;158.0;0.0;0.0;92.0;0.0;0.0;0.0;0.0;0.0;14666000000.0;1599000000.0;4867000000.0;9519000000.0;7920000000.0;2275000000.0;895000000.0;226000000.0
EKTR4;PN;ELEKTRO ELETRICIDADE E SERVIÇOS S.A. PN;Energia Elétrica;38.34;27/05/2026;35.4;50.59;29989.0;7428720000.0;15348700000.0;31/03/2026;193759000;0.0;830.0;462.0;327.0;1174.0;0.0;0.0;0.0;0.0;0.0;0.0;0.0;158.0;0.0;0.0;135.0;0.0;0.0;0.0;0.0;0.0;14666000000.0;1599000000.0;4867000000.0;9519000000.0;7920000000.0;2275000000.0;895000000.0;226000000.0
EMAE4;PN;EMAE PN;Energia Elétrica;38.45;28/05/2026;27.35;49.47;487671.0;1420610000.0;1040700000.0;31/12/2025;36947000;-65.0;-1065.0;-361.0;239.0;1610.0;0.0;0.0;0.0;0.0;0.0;0.0;0.0;-45.0;0.0;0.0;0.0;0.0;0.0;0.0;0.0;0.0;1769990000.0;379911000.0;495293000.0;0.0;-379911000.0;594822000.0;-133356000.0;-486873000.0
EMBJ3;ON NM;EMBRAER ON NM;Material de Transporte;73.6;28/05/2026;64.05;103.96;432583000.0;54498200000.0;57501300000.0;31/03/2026;740465000;14.0;3218.0;229.0;317.0;2321.0;0.0;0.0;0.0;0.0;0.0;0.0;0.0;67.0;0.0;0.0;10.0;0.0;0.0;0.0;0.0;0.0;67636300000.0;11037800000.0;37498900000.0;14040800000.0;3003090000.0;17188500000.0;1693770000.0;174842000.0
ENEV3;ON;ENEVA ON;Energia Elétrica;25.0;28/05/2026;13.16;27.59;294308000.0;48425800000.0;66892500000.0;31/03/2026;1937030000;-56.0;3737.0;67.0;238.0;1052.0;0.0;0.0;0.0;0.0;0.0;0.0;0.0;55.0;0.0;0.0;0.0;0.0;0.0;0.0;0.0;0.0;58669800000.0;3502260000.0;10265500000.0;21969000000.0;18466700000.0;20378000000.0;1295930000.0;522739000.0
ENGI11;UNT N2;ENERGISA UNT N2;Energia Elétrica;48.4;28/05/2026;39.31;58.15;152417000.0;24377800000.0;58170000000.0;31/03/2026;2518370000;33.0;1280.0;378.0;124.0;3902.0;0.0;0.0;0.0;0.0;0.0;0.0;0.0;80.0;0.0;0.0;32.0;0.0;0.0;0.0;0.0;0.0;86720900000.0;11796100000.0;22884200000.0;45588200000.0;33792200000.0;19654200000.0;1904330000.0;465627000.0
ENGI3;ON;ENERGISA ON;Energia Elétrica;11.9;28/05/2026;9.57;13.8;69802.0;29968600000.0;63760700000.0;31/03/2026;2518370000;-83.0;1574.0;76.0;152.0;780.0;0.0;0.0;0.0;0.0;0.0;0.0;0.0;80.0;0.0;0.0;26.0;0.0;0.0;0.0;0.0;0.0;86720900000.0;11796100000.0;22884200000.0;45588200000.0;33792200000.0;19654200000.0;1904330000.0;465627000.0
ENGI4;PN;ENERGISA PN;Energia Elétrica;9.08;28/05/2026;7.27;11.22;100569.0;22866800000.0;56658900000.0;31/03/2026;2518370000;0.0;1201.0;76.0;116.0;780.0;0.0;0.0;0.0;0.0;0.0;0.0;0.0;80.0;0.0;0.0;34.0;0.0;0.0;0.0;0.0;0.0;86720900000.0;11796100000.0;22884200000.0;45588200000.0;33792200000.0;19654200000.0;1904330000.0;465627000.0
ENJU3;ON NM;ENJOEI ON NM;Programas e Serviços;1.06;28/05/2026;0.87;1.36;531942.0;217319000.0;8918060.0;31/03/2026;205018000;0.0;-1236.0;-9.0;73.0;145.0;0.0;0.0;0.0;0.0;0.0;0.0;0.0;-70.0;0.0;0.0;0.0;0.0;0.0;0.0;0.0;0.0;451041000.0;208401000.0;334865000.0;0.0;-208401000.0;296945000.0;-17585000.0;-7518000.0
ENMT3;ON;ENERGISA MT ON;Energia Elétrica;40.81;28/05/2026;40.0;71.47;27065.0;8935020000.0;16721300000.0;31/03/2026;218942000;-140.0;1223.0;334.0;229.0;1786.0;0.0;0.0;0.0;0.0;0.0;0.0;0.0;109.0;0.0;0.0;86.0;0.0;0.0;0.0;0.0;0.0;16868100000.0;1711390000.0;4631970000.0;9497650000.0;7786270000.0;3909730000.0;730370000.0;143160000.0
ENMT4;ON;ENERGISA MT ON;Energia Elétrica;42.8;28/05/2026;42.02;71.29;12939.0;9370720000.0;17157000000.0;31/03/2026;218942000;5.0;1283.0;334.0;240.0;1786.0;0.0;0.0;0.0;0.0;0.0;0.0;0.0;109.0;0.0;0.0;82.0;0.0;0.0;0.0;0.0;0.0;16868100000.0;1711390000.0;4631970000.0;9497650000.0;7786270000.0;3909730000.0;730370000.0;143160000.0
EPAR3;ON;EMBPAR S/A ON;Comércio;2.01;28/05/2026;2.01;5.05;32151.0;29870600.0;21560600.0;31/03/2026;14861000;-519.0;6565.0;3.0;71.0;283.0;0.0;0.0;0.0;0.0;0.0;0.0;0.0;-54.0;0.0;0.0;0.0;0.0;0.0;0.0;0.0;0.0;56066000.0;8310000.0;10030000.0;0.0;-8310000.0;42100000.0;455000.0;2676000.0
EQMA3B;ON MB;CEMAR ON MB;Energia Elétrica;30.49;28/05/2026;24.56;34.58;10242.0;5005970000.0;8588570000.0;31/03/2026;164184000;301.0;568.0;537.0;107.0;2855.0;0.0;0.0;0.0;0.0;0.0;0.0;0.0;144.0;0.0;0.0;27.0;0.0;0.0;0.0;0.0;0.0;11583900000.0;740046000.0;2728790000.0;4322640000.0;3582600000.0;4686790000.0;881804000.0;272311000.0
EQPA3;ON;EQTL PARA ON;Energia Elétrica;5.92;28/05/2026;5.35;7.21;74366.0;13077700000.0;18943000000.0;31/03/2026;2209070000;-166.0;847.0;70.0;235.0;252.0;0.0;0.0;0.0;0.0;0.0;0.0;0.0;143.0;0.0;0.0;23.0;0.0;0.0;0.0;0.0;0.0;19828500000.0;3078030000.0;6637410000.0;8943350000.0;5865320000.0;5563580000.0;1543920000.0;384415000.0
EQPA5;PNA;EQTL PARA PNA;Energia Elétrica;16.4;19/05/2026;5.27;16.85;1359.0;36228800000.0;42094100000.0;31/03/2026;2209070000;0.0;2347.0;70.0;651.0;252.0;0.0;0.0;0.0;0.0;0.0;0.0;0.0;143.0;0.0;0.0;8.0;0.0;0.0;0.0;0.0;0.0;19828500000.0;3078030000.0;6637410000.0;8943350000.0;5865320000.0;5563580000.0;1543920000.0;384415000.0
EQPA7;PNC;EQTL PARA PNC;Energia Elétrica;10.0;23/01/2026;5.51;10.0;0.0;22090700000.0;27956100000.0;31/03/2026;2209070000;0.0;1431.0;70.0;397.0;252.0;0.0;0.0;0.0;0.0;0.0;0.0;0.0;143.0;0.0;0.0;13.0;0.0;0.0;0.0;0.0;0.0;19828500000.0;3078030000.0;6637410000.0;8943350000.0;5865320000.0;5563580000.0;1543920000.0;384415000.0
EQTL3;ON NM;EQUATORIAL ENERGIA S.A. ON NM;Energia Elétrica;38.2;28/05/2026;32.34;45.35;342699000.0;48102800000.0;94050700000.0;31/03/2026;1259240000;55.0;3110.0;123.0;187.0;2040.0;0.0;0.0;0.0;0.0;0.0;0.0;0.0;88.0;0.0;0.0;41.0;0.0;0.0;0.0;0.0;0.0;111792000000.0;10893500000.0;27293700000.0;56841400000.0;45947900000.0;25686500000.0;1546650000.0;424465000.0
ESPA3;ON NM;ESPACOLASER ON NM;Comércio;0.81;28/05/2026;0.79;1.3;1121540.0;292753000.0;918745000.0;31/03/2026;361423000;-357.0;1838.0;4.0;34.0;241.0;0.0;0.0;0.0;0.0;0.0;0.0;0.0;76.0;0.0;0.0;47.0;0.0;0.0;0.0;0.0;0.0;2235380000.0;172031000.0;1045770000.0;798023000.0;625992000.0;869363000.0;15930000.0;12511000.0
ESTR3;ON;ESTRELA ON;Viagens e Lazer;3.01;23/03/2026;3.01;5.1;0.0;24332800.0;163853000.0;30/09/2025;8084000;0.0;13.0;2380.0;-12.0;-2455.0;0.0;0.0;0.0;0.0;0.0;0.0;0.0;-35.0;0.0;0.0;0.0;0.0;0.0;0.0;0.0;0.0;390000000.0;557000.0;163772000.0;140077000.0;139520000.0;-198430000.0;192370000.0;209025000.0
ESTR4;PN;ESTRELA PN;Viagens e Lazer;4.0;27/05/2026;3.0;6.49;1740.0;32336000.0;171856000.0;30/09/2025;8084000;0.0;17.0;2380.0;-16.0;-2455.0;0.0;0.0;0.0;0.0;0.0;0.0;0.0;-35.0;0.0;0.0;0.0;0.0;0.0;0.0;0.0;0.0;390000000.0;557000.0;163772000.0;140077000.0;139520000.0;-198430000.0;192370000.0;209025000.0
ETER3;ON;ETERNIT ON;Construção e Engenharia;3.5;28/05/2026;3.47;4.7;639685.0;216220000.0;340927000.0;31/03/2026;61777000;-141.0;455.0;77.0;26.0;1345.0;0.0;0.0;0.0;0.0;0.0;0.0;0.0;13.0;0.0;0.0;49.0;0.0;0.0;0.0;0.0;0.0;1395340000.0;38686000.0;533519000.0;163394000.0;124708000.0;830698000.0;47476000.0;-12256000.0
EUCA3;ON;EUCATEX ON;Madeira e Papel;26.0;27/05/2026;16.93;26.5;20749.0;2408090000.0;2933910000.0;31/03/2026;92619000;0.0;588.0;442.0;82.0;3180.0;0.0;0.0;0.0;0.0;0.0;0.0;0.0;107.0;0.0;0.0;39.0;0.0;0.0;0.0;0.0;0.0;5122950000.0;527914000.0;2033300000.0;1053730000.0;525814000.0;2944820000.0;409566000.0;186416000.0
EUCA4;PN;EUCATEX PN;Madeira e Papel;27.5;28/05/2026;15.48;27.66;2200930.0;2547020000.0;3072840000.0;31/03/2026;92619000;-18.0;622.0;442.0;86.0;3180.0;0.0;0.0;0.0;0.0;0.0;0.0;0.0;107.0;0.0;0.0;41.0;0.0;0.0;0.0;0.0;0.0;5122950000.0;527914000.0;2033300000.0;1053730000.0;525814000.0;2944820000.0;409566000.0;186416000.0
EVEN3;ON NM;Even ON NM;Construção Civil;5.75;28/05/2026;5.48;8.66;6493120.0;1150000000.0;1721370000.0;31/03/2026;200000000;-221.0;532.0;108.0;60.0;964.0;0.0;0.0;0.0;0.0;0.0;0.0;0.0;53.0;0.0;0.0;133.0;0.0;0.0;0.0;0.0;0.0;5290860000.0;924040000.0;3882020000.0;1495410000.0;571367000.0;1927510000.0;216293000.0;32509000.0
EZTC3;ON NM;EZTec ON NM;Construção Civil;13.22;28/05/2026;9.46;16.37;28047500.0;3714820000.0;3707960000.0;31/03/2026;281000000;-53.0;663.0;200.0;72.0;1833.0;0.0;0.0;0.0;0.0;0.0;0.0;0.0;45.0;0.0;0.0;86.0;0.0;0.0;0.0;0.0;0.0;7339970000.0;1721230000.0;3351740000.0;1714370000.0;-6862980.0;5150250000.0;560612000.0;119699000.0
FESA3;ON;FERBASA ON;Siderurgia e Metalurgia;11.33;28/05/2026;10.35;13.5;3143.0;4001470000.0;3362360000.0;31/03/2026;353175000;-667.0;2475.0;46.0;122.0;929.0;0.0;0.0;0.0;0.0;0.0;0.0;0.0;33.0;0.0;0.0;59.0;0.0;0.0;0.0;0.0;0.0;4417890000.0;997935000.0;1758030000.0;358825000.0;-639110000.0;3281840000.0;161674000.0;-2521000.0
FESA4;PN;FERBASA PN;Siderurgia e Metalurgia;6.14;28/05/2026;5.6;8.69;6025290.0;2168490000.0;1529380000.0;31/03/2026;353175000;0.0;1341.0;46.0;66.0;929.0;0.0;0.0;0.0;0.0;0.0;0.0;0.0;33.0;0.0;0.0;119.0;0.0;0.0;0.0;0.0;0.0;4417890000.0;997935000.0;1758030000.0;358825000.0;-639110000.0;3281840000.0;161674000.0;-2521000.0
