;papel;tipo;empresa;setor;cotacao;dt_ult_cotacao;min_52_sem;max_52_sem;vol_med;valor_mercado;valor_firma;ult_balanco_pro;nr_acoes;os_dia;pl;lpa;pvp;vpa;p_ebit;marg_bruta;psr;marg_ebit;p_ativo;marg_liquida;p_cap_giro;ebit_ativo;p_ativo_circ_liq;roic;div_yield;roe;ev_ebitda;liquidez_corr;ev_ebit;cres_rec;ativo;disponibilidades;ativo_circulante;divd_bruta;divd_liquida;patr_liquido;lucro_liquido_12m;lucro_liquido_3m
0;AALR3;ON NM;ALLIAR ON NM;Serv.Méd.Hospit. Análises e Diagnósticos;4,95;24/11/2025;3,92;12,90;301.332;754.177.000;1.117.380.000;30/09/2025;152359000;0.81;-9.37;-0.53;0.71;7.00;0;0;0;0;0;0;0;2.9;0;0;0.0;0;0;0;0;0;3.027.410.000;123.751.000;811.048.000;486.951.000;363.200.000;1.066.930.000;-80.486.000;7.854.000
1;ABCB4;PN N2;ABC Brasil PN N2;Intermediários Financeiros;23,53;24/11/2025;18,01;23,65;8.431.160;5.756.780.000;-;30/09/2025;244657000;-0.51;5.94;3.96;0.86;27.39;0;0;0;0;0;0;0;0.0;0;0;8.3;0;0;0;0;0;61.006.500.000;0;0;0;0;6.700.380.000;969.550.000;256.811.000
2;ABEV3;ON;AMBEV S/A ON;Bebidas;13,77;24/11/2025;10,52;14,29;385.722.000;217.038.000.000;200.091.000.000;30/09/2025;15761600000;1.10;13.53;1.02;2.36;5.84;0;0;0;0;0;0;0;14.7;0;0;7.6;0;0;0;0;0;140.755.000.000;19.840.900.000;41.940.200.000;2.894.520.000;-16.946.400.000;92.027.400.000;16.037.200.000;4.745.130.000
3;AERI3;ON NM;AERIS ON NM;Máquinas e Equipamentos;4,05;24/11/2025;3,64;8,99;264.913;251.587.000;1.972.990.000;30/09/2025;62120200;1.00;-0.20;-20.06;-1.21;-3.35;0;0;0;0;0;0;0;-44.8;0;0;0.0;0;0;0;0;0;1.954.230.000;29.388.000;737.170.000;1.750.790.000;1.721.400.000;-208.276.000;-1.245.990.000;-144.360.000
4;AFLT3;ON;AFLUENTE T ON;Energia Elétrica;7,50;19/11/2025;6,21;7,80;1.189;473.138.000;462.470.000;30/09/2025;63085000;0.00;13.57;0.55;1.85;4.05;0;0;0;0;0;0;0;13.2;0;0;5.7;0;0;0;0;0;376.972.000;38.090.000;120.228.000;27.422.000;-10.668.000;255.393.000;34.860.000;14.804.000
5;AGRO3;ON NM;BRASILAGRO ON NM;Agropecuária;18,89;24/11/2025;18,59;23,03;3.568.730;1.939.690.000;3.030.850.000;30/09/2025;102683000;1.61;-81.80;-0.23;0.92;20.49;0;0;0;0;0;0;0;1.9;0;0;4.0;0;0;0;0;0;3.825.850.000;236.222.000;1.188.400.000;1.327.380.000;1.091.160.000;2.103.470.000;-23.713.000;-64.275.000
6;AGXY3;ON NM;AGROGALAXY ON NM;Agropecuária;5,28;24/11/2025;5,28;11,85;83.920;89.599.300;1.036.800.000;30/09/2025;16969600;-2.58;0.07;72.30;-0.48;-10.93;0;0;0;0;0;0;0;-32.7;0;0;0.0;0;0;0;0;0;2.215.350.000;57.512.000;917.238.000;1.004.720.000;947.203.000;-185.458.000;1.226.880.000;-639.118.000
7;AHEB3;ON;PARQUE ANHEMBI ON;Viagens e Lazer;21,50;24/11/2025;21,50;45,00;15.510;183.696.000;107.202.000;30/09/2025;8544000;-2.93;2.23;9.66;0.72;30.00;0;0;0;0;0;0;0;11.8;0;0;0.0;0;0;0;0;0;591.545.000;79.604.000;250.936.000;3.110.000;-76.494.000;256.339.000;82.514.000;4.713.000
8;ALLD3;ON NM;ALLIED ON NM;Comércio;8,15;24/11/2025;4,95;8,33;3.909.930;772.851.000;612.667.000;30/09/2025;94828300;-0.85;2.19;3.72;0.46;17.84;0;0;0;0;0;0;0;4.0;0;0;48.0;0;0;0;0;0;3.775.490.000;617.723.000;2.804.940.000;457.539.000;-160.184.000;1.691.720.000;353.208.000;262.604.000
9;ALPA3;ON N1;ALPARGATAS ON N1;Tecidos, Vestuário e Calçados;10,26;24/11/2025;5,05;11,37;122.521;7.008.220.000;6.624.160.000;30/09/2025;683062000;1.38;18.75;0.55;1.63;6.30;0;0;0;0;0;0;0;9.1;0;0;13.2;0;0;0;0;0;6.236.190.000;1.041.070.000;3.129.480.000;657.013.000;-384.061.000;4.301.190.000;373.757.000;171.302.000
10;ALPA4;PN N1;ALPARGATAS PN N1;Tecidos, Vestuário e Calçados;11,30;24/11/2025;5,31;11,30;21.711.500;7.718.600.000;7.334.540.000;30/09/2025;683062000;3.57;20.65;0.55;1.79;6.30;0;0;0;0;0;0;0;9.1;0;0;12.0;0;0;0;0;0;6.236.190.000;1.041.070.000;3.129.480.000;657.013.000;-384.061.000;4.301.190.000;373.757.000;171.302.000
11;ALPK3;ON NM;ESTAPAR ON NM;Serviços Diversos;4,25;24/11/2025;2,12;4,26;624.240;932.049.000;2.105.270.000;30/09/2025;219306000;2.41;660.56;0.01;2.61;1.63;0;0;0;0;0;0;0;16.8;0;0;0.0;0;0;0;0;0;2.589.110.000;337.575.000;553.231.000;1.510.800.000;1.173.220.000;357.066.000;1.411.000;6.196.000
12;ALOS3;ON;ALLOS ON;Exploração de Imóveis;27,76;24/11/2025;16,25;28,51;92.033.000;13.996.300.000;11.087.100.000;30/09/2025;504191000;2.97;18.65;1.49;1.04;26.62;0;0;0;0;0;0;0;5.5;0;0;5.3;0;0;0;0;0;26.343.600.000;2.909.230.000;3.793.000.000;0;-2.909.230.000;13.419.200.000;750.502.000;125.865.000
13;ALUP11;UNT N2;ALUPAR UNT N2;Energia Elétrica;32,99;24/11/2025;24,52;34,61;23.999.200;10.874.400.000;20.127.700.000;30/09/2025;988881000;-0.12;9.35;3.53;1.21;27.30;0;0;0;0;0;0;0;9.0;0;0;2.9;0;0;0;0;0;31.477.800.000;3.224.190.000;6.087.090.000;12.477.500.000;9.253.350.000;8.999.650.000;1.163.360.000;489.390.000
14;ALUP3;ON N2;ALUPAR ON N2;Energia Elétrica;11,90;24/11/2025;8,21;12,36;73.064;11.767.700.000;21.021.000.000;30/09/2025;988881000;0.00;10.12;1.18;1.31;9.10;0;0;0;0;0;0;0;9.0;0;0;2.7;0;0;0;0;0;31.477.800.000;3.224.190.000;6.087.090.000;12.477.500.000;9.253.350.000;8.999.650.000;1.163.360.000;489.390.000
15;ALUP4;PN N2;ALUPAR PN N2;Energia Elétrica;10,68;24/11/2025;8,09;11,07;109.328;10.561.200.000;19.814.600.000;30/09/2025;988881000;1.04;9.08;1.18;1.17;9.10;0;0;0;0;0;0;0;9.0;0;0;3.0;0;0;0;0;0;31.477.800.000;3.224.190.000;6.087.090.000;12.477.500.000;9.253.350.000;8.999.650.000;1.163.360.000;489.390.000
16;AMAR3;ON NM;LOJAS MARISA ON NM;Comércio;1,03;24/11/2025;0,91;1,63;292.803;528.860.000;1.332.000.000;30/09/2025;513456000;1.98;32.87;0.03;1.79;0.58;0;0;0;0;0;0;0;8.3;0;0;0.0;0;0;0;0;0;2.130.540.000;52.179.000;630.263.000;855.315.000;803.136.000;295.428.000;16.090.000;5.839.000
17;AMER3;ON;AMERICANAS ON;Comércio;5,65;24/11/2025;4,93;9,51;10.449.600;1.131.380.000;2.463.380.000;30/09/2025;200245000;0.71;-1.39;-4.06;0.24;23.66;0;0;0;0;0;0;0;-7.1;0;0;0.0;0;0;0;0;0;16.154.000.000;575.000.000;7.514.000.000;1.907.000.000;1.332.000.000;4.737.000.000;-813.000.000;367.000.000
18;AMBP3;ON NM;AMBIPAR ON NM;Água e Saneamento;0,26;24/11/2025;0,26;26,85;30.257.300;434.309.000;6.790.720.000;30/06/2025;1670420000;-7.14;-1.69;-0.15;0.40;0.65;0;0;0;0;0;0;0;6.7;0;0;0.0;0;0;0;0;0;16.918.400.000;4.684.890.000;7.328.510.000;11.041.300.000;6.356.410.000;1.093.330.000;-256.625.000;-171.760.000
19;ANIM3;ON NM;ANIMA ON NM;Diversos;3,39;24/11/2025;1,49;4,44;22.387.900;1.369.120.000;5.204.140.000;30/09/2025;403869000;-1.74;8.68;0.39;0.58;5.83;0;0;0;0;0;0;0;11.7;0;0;1.6;0;0;0;0;0;10.090.300.000;1.676.460.000;2.547.890.000;5.511.490.000;3.835.030.000;2.354.430.000;157.662.000;36.543.000
20;ARML3;ON NM;ARMAC ON NM;Diversos;4,05;24/11/2025;2,85;7,93;4.846.120;1.403.300.000;3.276.360.000;30/09/2025;346494000;-1.22;25.90;0.16;1.10;3.67;0;0;0;0;0;0;0;8.9;0;0;5.3;0;0;0;0;0;4.633.470.000;625.229.000;1.384.320.000;2.498.280.000;1.873.050.000;1.271.350.000;54.187.000;37.773.000
21;ASAI3;ON NM;ASSAI ON NM;Comércio e Distribuição;9,36;24/11/2025;5,06;11,86;164.353.000;12.668.700.000;24.510.700.000;30/09/2025;1353500000;3.88;13.80;0.68;2.21;4.23;0;0;0;0;0;0;0;12.6;0;0;1.1;0;0;0;0;0;45.121.000.000;4.456.000.000;15.965.000.000;16.298.000.000;11.842.000.000;5.720.000.000;918.000.000;152.000.000
22;AURA33;DR3;AURA 360 DR3;Mineração;66,00;24/11/2025;22,04;72,11;46.086.900;14.334.900.000;14.751.700.000;30/09/2025;217196000;2.37;-56.22;-1.17;8.36;7.90;0;0;0;0;0;0;0;27.5;0;0;1.3;0;0;0;0;0;7.599.550.000;1.869.030.000;2.703.720.000;2.285.810.000;416.774.000;1.714.890.000;-254.958.000;30.655.000
23;AURE3;ON NM;AUREN ON NM;Energia Elétrica;12,07;24/11/2025;7,34;12,07;67.847.100;12.678.100.000;32.597.300.000;30/09/2025;1050380000;2.29;-9.26;-1.30;1.03;11.69;0;0;0;0;0;0;0;3.2;0;0;0.5;0;0;0;0;0;48.833.500.000;5.075.680.000;8.819.330.000;24.994.900.000;19.919.200.000;12.275.500.000;-1.368.530.000;-397.034.000
24;AVLL3;ON NM;ALPHAVILLE ON NM;Construção Civil;1,38;24/11/2025;1,38;2,85;25.096;269.555.000;811.768.000;30/09/2025;195330000;-4.17;-2.27;-0.61;-1.42;-0.97;0;0;0;0;0;0;0;12.1;0;0;0.0;0;0;0;0;0;1.343.130.000;187.583.000;515.416.000;729.796.000;542.213.000;-189.334.000;-118.963.000;-54.925.000
25;AZZA3;ON;AZZAS 2154 ON;Comércio;28,79;24/11/2025;20,87;43,97;72.106.500;5.944.850.000;8.271.900.000;30/09/2025;206490000;-2.43;7.89;3.65;0.71;40.43;0;0;0;0;0;0;0;6.4;0;0;5.1;0;0;0;0;0;15.516.300.000;735.519.000;6.874.460.000;3.062.570.000;2.327.050.000;8.347.710.000;753.178.000;164.952.000
26;AZEV3;ON;AZEVEDO & TRAVASSOS ON;Construção e Engenharia;0,25;24/11/2025;0,25;1,23;518.198;148.189.000;206.071.000;30/09/2025;592756000;-7.41;-0.21;-1.22;0.93;0.27;0;0;0;0;0;0;0;-8.5;0;0;0.0;0;0;0;0;0;1.046.490.000;7.191.000;214.002.000;65.073.000;57.882.000;159.350.000;-722.313.000;-620.391.000
27;AZEV4;PN;AZEVEDO & TRAVASSOS PN;Construção e Engenharia;0,23;24/11/2025;0,23;1,23;2.053.000;136.334.000;194.216.000;30/09/2025;592756000;-8.00;-0.19;-1.22;0.86;0.27;0;0;0;0;0;0;0;-8.5;0;0;0.0;0;0;0;0;0;1.046.490.000;7.191.000;214.002.000;65.073.000;57.882.000;159.350.000;-722.313.000;-620.391.000
28;AZUL4;PN;AZUL PN;Transporte;0,86;24/11/2025;0,55;5,40;20.505.100;795.006.000;36.399.200.000;30/09/2025;924426000;-12.24;0.05;16.97;-0.03;-29.65;0;0;0;0;0;0;0;14.2;0;0;0.0;0;0;0;0;0;27.626.200.000;1.765.460.000;7.298.780.000;37.369.700.000;35.604.200.000;-27.406.700.000;15.684.000.000;-1.366.460.000
29;B3SA3;ON;B3 ON;Serviços Financeiros Diversos;13,98;24/11/2025;8,97;14,81;426.803.000;73.625.700.000;72.482.600.000;30/09/2025;5266500000;0.65;15.16;0.92;3.72;3.76;0;0;0;0;0;0;0;13.5;0;0;2.0;0;0;0;0;0;47.335.500.000;15.687.600.000;17.207.700.000;14.544.500.000;-1.143.060.000;19.783.500.000;4.856.290.000;1.246.110.000
30;BALM3;ON;BAUMER ON;Equipamentos;22,50;13/11/2025;11,36;22,50;1.043;220.500.000;149.369.000;30/09/2025;9800000;0.00;8.91;2.52;1.21;18.67;0;0;0;0;0;0;0;12.3;0;0;10.2;0;0;0;0;0;300.735.000;92.774.000;224.454.000;21.643.000;-71.131.000;182.965.000;24.737.000;1.427.000
31;BALM4;PN;BAUMER PN;Equipamentos;16,12;24/11/2025;8,75;21,04;45.039;157.976.000;86.845.000;30/09/2025;9800000;-4.62;6.39;2.52;0.86;18.67;0;0;0;0;0;0;0;12.3;0;0;14.2;0;0;0;0;0;300.735.000;92.774.000;224.454.000;21.643.000;-71.131.000;182.965.000;24.737.000;1.427.000
32;BAUH4;PN;EXCELSIOR PN;Alimentos Processados;86,94;13/11/2025;76,96;87,50;10.557;454.001.000;388.819.000;30/09/2025;5222000;0.00;16.24;5.35;3.21;27.12;0;0;0;0;0;0;0;10.6;0;0;1.4;0;0;0;0;0;204.705.000;65.182.000;115.591.000;0;-65.182.000;141.596.000;27.960.000;5.711.000
33;BAZA3;ON;BANCO DA AMAZONIA S.A. ON;Intermediários Financeiros;78,47;24/11/2025;66,80;90,93;295.287;4.398.870.000;-;30/06/2025;56058000;-0.41;3.77;20.84;0.63;125.37;0;0;0;0;0;0;0;0.0;0;0;10.2;0;0;0;0;0;59.112.000.000;0;0;0;0;7.028.040.000;1.168.040.000;267.703.000
34;BBAS3;ON;BANCO DO BRASIL S.A. ON;Intermediários Financeiros;21,84;24/11/2025;18,35;29,30;558.204.000;125.161.000.000;-;30/09/2025;5730830000;-0.73;5.79;3.77;0.70;31.08;0;0;0;0;0;0;0;0.0;0;0;7.9;0;0;0;0;0;2.499.320.000.000;0;0;0;0;178.142.000.000;21.600.400.000;3.027.870.000
35;BBDC3;ON N1;BANCO BRADESCO S.A. ON N1;Intermediários Financeiros;16,08;24/11/2025;9,66;16,65;93.750.100;170.320.000.000;-;30/09/2025;10592000000;-0.25;7.40;2.17;1.00;16.01;0;0;0;0;0;0;0;0.0;0;0;7.6;0;0;0;0;0;1.753.560.000.000;0;0;0;0;169.590.000.000;23.006.700.000;6.204.590.000
36;BBDC4;PN N1;BANCO BRADESCO S.A. PN N1;Intermediários Financeiros;18,80;24/11/2025;10,58;19,49;530.676.000;199.130.000.000;-;30/09/2025;10592000000;0.05;8.66;2.17;1.17;16.01;0;0;0;0;0;0;0;0.0;0;0;7.2;0;0;0;0;0;1.753.560.000.000;0;0;0;0;169.590.000.000;23.006.700.000;6.204.590.000
37;BBSE3;ON NM;BBSEGURIDADE ON NM;Previdência e Seguros;33,56;24/11/2025;29,77;40,42;149.853.000;67.120.000.000;-;30/09/2025;2000000000;0.87;7.46;4.50;5.22;6.43;0;0;0;0;0;0;0;48.4;0;0;12.7;0;0;0;0;0;20.441.600.000;0;0;0;0;12.869.800.000;8.999.690.000;2.334.340.000
38;BDLL3;ON;BARDELLA ON;Máquinas e Equipamentos;9,90;01/10/2025;6,80;11,00;24;15.840.000;189.658.000;30/09/2025;1600000;0.00;1.05;9.42;-0.07;-137.84;0;0;0;0;0;0;0;-2.3;0;0;0.0;0;0;0;0;0;435.488.000;7.436.000;197.482.000;181.254.000;173.818.000;-220.537.000;15.069.000;24.927.000
39;BDLL4;PN;BARDELLA PN;Máquinas e Equipamentos;6,50;24/11/2025;6,30;9,80;645;10.400.000;184.218.000;30/09/2025;1600000;3.17;0.69;9.42;-0.05;-137.84;0;0;0;0;0;0;0;-2.3;0;0;0.0;0;0;0;0;0;435.488.000;7.436.000;197.482.000;181.254.000;173.818.000;-220.537.000;15.069.000;24.927.000
40;BEEF3;ON NM;Minerva ON NM;Alimentos Processados;6,36;24/11/2025;3,47;7,44;99.470.900;6.360.760.000;18.158.000.000;30/09/2025;1000120000;0.16;-7.80;-0.81;4.92;1.29;0;0;0;0;0;0;0;7.8;0;0;0.0;0;0;0;0;0;45.345.900.000;14.893.200.000;28.397.300.000;26.690.500.000;11.797.300.000;1.291.830.000;-815.049.000;118.114.000
41;BEES3;ON;BANESTES S/A ON;Intermediários Financeiros;7,88;24/11/2025;7,00;8,34;107.479;2.738.330.000;-;30/09/2025;347504000;0.25;6.26;1.26;1.12;7.03;0;0;0;0;0;0;0;0.0;0;0;6.0;0;0;0;0;0;39.330.300.000;0;0;0;0;2.442.350.000;437.469.000;110.664.000
42;BEES4;PN;BANESTES S/A PN;Intermediários Financeiros;7,80;24/11/2025;7,17;8,39;38.836;2.710.530.000;-;30/09/2025;347504000;0.00;6.20;1.26;1.11;7.03;0;0;0;0;0;0;0;0.0;0;0;6.1;0;0;0;0;0;39.330.300.000;0;0;0;0;2.442.350.000;437.469.000;110.664.000
43;BGIP3;ON;BANESE ON;Intermediários Financeiros;31,50;24/11/2025;21,29;41,33;5.478;678.762.000;-;30/09/2025;21548000;-3.70;5.13;6.15;0.78;40.31;0;0;0;0;0;0;0;0.0;0;0;12.7;0;0;0;0;0;13.173.300.000;0;0;0;0;868.624.000;132.427.000;47.036.000
44;BGIP4;PN;BANESE PN;Intermediários Financeiros;30,80;21/11/2025;19,86;31,55;54.212;663.678.000;-;30/09/2025;21548000;0.00;5.01;6.15;0.76;40.31;0;0;0;0;0;0;0;0.0;0;0;14.3;0;0;0;0;0;13.173.300.000;0;0;0;0;868.624.000;132.427.000;47.036.000
45;BIOM3;ON;BIOMM SA ON;Medicamentos e Outros Produtos;7,14;24/11/2025;6,34;10,30;709.326;977.052.000;1.004.220.000;30/09/2025;136842000;-1.92;-15.84;-0.45;3.44;2.08;0;0;0;0;0;0;0;-10.5;0;0;0.0;0;0;0;0;0;485.027.000;74.497.000;258.688.000;101.670.000;27.173.000;284.098.000;-61.673.000;-10.598.000
46;BLAU3;ON NM;BLAU ON NM;Comércio e Distribuição;12,26;24/11/2025;11,41;14,91;2.598.110;2.199.370.000;2.433.760.000;30/09/2025;179394000;-0.16;6.95;1.76;0.94;13.10;0;0;0;0;0;0;0;10.3;0;0;2.8;0;0;0;0;0;3.621.060.000;310.777.000;1.969.160.000;545.170.000;234.393.000;2.350.160.000;316.540.000;104.421.000
47;BMEB3;ON;BANCO MERCANTIL DO BRASIL S/A ON;Intermediários Financeiros;48,00;21/11/2025;29,55;50,00;26.020;5.031.940.000;-;30/09/2025;104832000;0.00;5.34;8.99;2.24;21.45;0;0;0;0;0;0;0;0.0;0;0;2.3;0;0;0;0;0;32.358.400.000;0;0;0;0;2.248.540.000;942.576.000;254.302.000
48;BMEB4;PN;BANCO MERCANTIL DO BRASIL S/A PN;Intermediários Financeiros;65,50;24/11/2025;31,85;65,50;899.036;6.866.500.000;-;30/09/2025;104832000;0.77;7.28;8.99;3.05;21.45;0;0;0;0;0;0;0;0.0;0;0;1.8;0;0;0;0;0;32.358.400.000;0;0;0;0;2.248.540.000;942.576.000;254.302.000
49;BMGB4;PN N1;BANCO BMG PN N1;Intermediários Financeiros;4,25;24/11/2025;3,28;4,35;2.408.330;2.546.120.000;-;30/09/2025;599088000;-0.23;5.22;0.81;0.66;6.42;0;0;0;0;0;0;0;0.0;0;0;9.6;0;0;0;0;0;49.892.900.000;0;0;0;0;3.846.090.000;487.815.000;148.262.000
50;BMIN3;ON;BANCO MERCANTIL DE INVESTIMENTOS SA ON;Intermediários Financeiros;22,99;08/09/2025;16,84;22,99;0;110.927.000;-;30/09/2025;4825000;0.00;13.78;1.67;0.77;29.93;0;0;0;0;0;0;0;0.0;0;0;1.5;0;0;0;0;0;654.117.000;0;0;0;0;144.393.000;8.048.000;1.946.000
51;BMIN4;PN;BANCO MERCANTIL DE INVESTIMENTOS SA PN;Intermediários Financeiros;17,50;24/11/2025;15,06;22,57;1.769;84.437.500;-;30/09/2025;4825000;-2.78;10.49;1.67;0.58;29.93;0;0;0;0;0;0;0;0.0;0;0;8.0;0;0;0;0;0;654.117.000;0;0;0;0;144.393.000;8.048.000;1.946.000
52;BMKS3;ON;MONARK ON;Viagens e Lazer;510,05;24/11/2025;280,64;515,00;100.121;231.945.000;48.553.200;30/09/2025;454750;4.52;3.88;131.35;0.94;540.16;0;0;0;0;0;0;0;-7.1;0;0;6.5;0;0;0;0;0;269.253.000;186.561.000;217.912.000;3.169.000;-183.392.000;245.638.000;59.732.000;-13.961.000
53;BMOB3;ON NM;BEMOBI TECH ON NM;Programas e Serviços;24,99;24/11/2025;12,38;24,99;9.406.200;2.139.350.000;1.683.340.000;30/09/2025;85608400;0.44;14.57;1.72;1.88;13.27;0;0;0;0;0;0;0;8.2;0;0;6.8;0;0;0;0;0;1.728.850.000;475.183.000;1.196.770.000;19.170.000;-456.013.000;1.135.950.000;146.840.000;41.019.000
54;BNBR3;ON;BANCO DO NORDESTE ON;Intermediários Financeiros;107,10;24/11/2025;87,16;107,10;15.635;10.570.800.000;-;30/09/2025;98700000;0.31;3.75;28.60;0.68;157.26;0;0;0;0;0;0;0;0.0;0;0;5.6;0;0;0;0;0;71.183.600.000;0;0;0;0;15.521.300.000;2.822.610.000;657.843.000
55;BOBR4;PN;BOMBRIL SA PN;Produtos de Uso Pessoal e de Limpeza;1,25;24/11/2025;1,19;2,36;7.404;325.638.000;587.460.000;30/09/2024;260510000;2.46;4.47;0.28;344.96;0.00;0;0;0;0;0;0;0;22.1;0;0;0.0;0;0;0;0;0;921.921.000;116.036.000;497.143.000;377.859.000;261.823.000;944.000;72.891.000;21.603.000
56;BPAC11;UNT;BTGP BANCO UNT;Intermediários Financeiros;51,19;24/11/2025;26,26;54,00;425.688.000;196.333.000.000;-;30/09/2025;11506100000;-0.04;13.37;3.83;2.99;17.11;0;0;0;0;0;0;0;0.0;0;0;2.1;0;0;0;0;0;578.439.000.000;0;0;0;0;65.605.500.000;14.680.600.000;4.337.380.000
57;BPAC3;ON;BTGP BANCO ON;Intermediários Financeiros;28,59;24/11/2025;13,08;30,95;112.164;328.960.000.000;-;30/09/2025;11506100000;-4.70;22.41;1.28;5.01;5.70;0;0;0;0;0;0;0;0.0;0;0;1.2;0;0;0;0;0;578.439.000.000;0;0;0;0;65.605.500.000;14.680.600.000;4.337.380.000
58;BPAC5;PNA;BTGP BANCO PNA;Intermediários Financeiros;11,09;24/11/2025;6,61;11,64;68.534;127.603.000.000;-;30/09/2025;11506100000;1.09;8.69;1.28;1.95;5.70;0;0;0;0;0;0;0;0.0;0;0;3.2;0;0;0;0;0;578.439.000.000;0;0;0;0;65.605.500.000;14.680.600.000;4.337.380.000
59;BPAN4;PN;BANCO PAN PN;Intermediários Financeiros;10,85;24/11/2025;6,18;11,40;30.372.600;13.769.400.000;-;30/09/2025;1269070000;0.56;18.27;0.59;1.77;6.14;0;0;0;0;0;0;0;0.0;0;0;2.2;0;0;0;0;0;69.375.300.000;0;0;0;0;7.792.670.000;753.744.000;187.071.000
60;BRAP3;ON N1;BRADESPAR S/A ON N1;Mineração;16,50;24/11/2025;13,50;16,83;724.273;6.486.100.000;5.954.080.000;30/09/2025;393097000;0.00;5.74;2.87;0.71;23.21;0;0;0;0;0;0;0;-0.4;0;0;10.7;0;0;0;0;0;9.217.330.000;532.025.000;532.286.000;0;-532.025.000;9.123.790.000;1.129.410.000;447.973.000
61;BRAP4;PN N1;BRADESPAR S/A PN N1;Mineração;18,47;24/11/2025;14,19;18,49;61.119.100;7.260.500.000;6.728.480.000;30/09/2025;393097000;0.98;6.43;2.87;0.80;23.21;0;0;0;0;0;0;0;-0.4;0;0;10.5;0;0;0;0;0;9.217.330.000;532.025.000;532.286.000;0;-532.025.000;9.123.790.000;1.129.410.000;447.973.000
62;BRAV3;ON;BRAVA ON;Petróleo, Gás e Biocombustíveis;13,89;24/11/2025;13,89;25,58;132.231.000;6.452.700.000;16.903.500.000;30/09/2025;464557000;-1.28;6.64;2.09;0.52;26.70;0;0;0;0;0;0;0;6.5;0;0;0.0;0;0;0;0;0;42.140.500.000;5.431.220.000;8.373.560.000;15.882.000.000;10.450.800.000;12.403.500.000;971.779.000;120.698.000
63;BRBI11;UNT N2;BR PARTNERS UNT N2;Intermediários Financeiros;19,32;24/11/2025;11,02;19,91;6.362.680;2.028.520.000;872.971.000;30/09/2025;314987000;-0.77;11.75;1.64;2.51;7.71;0;0;0;0;0;0;0;0.0;0;0;13.7;0;0;0;0;0;16.954.300.000;0;0;0;0;-1.155.550.000;4.666.020;2.306.000
64;BRFS3;ON NM;BRF Foods ON NM;Alimentos Processados;17,95;22/09/2025;16,22;25,85;0;28.579.900.000;37.001.800.000;30/09/2025;1592190000;0.00;8.49;2.11;2.03;8.85;0;0;0;0;0;0;0;11.0;0;0;16.4;0;0;0;0;0;64.286.400.000;13.837.100.000;32.335.000.000;22.259.100.000;8.421.980.000;14.084.100.000;3.366.230.000;805.199.000
65;BRGE11;PNE;CONSORCIO ALFA PNE;Previdência e Seguros;13,18;20/03/2024;10,48;14,00;0;970.654.000;-623.080.000;31/12/2023;73646000;0.00;33.11;0.40;0.73;17.98;0;0;0;0;0;0;0;-23.4;0;0;2.1;0;0;0;0;0;2.989.060.000;1.593.730.000;1.695.770.000;0;-1.593.730.000;1.324.180.000;29.317.000;-9.184.000
66;BRGE12;PNF;CONSORCIO ALFA PNF;Previdência e Seguros;13,47;25/03/2024;10,50;14,00;0;992.012.000;-601.722.000;31/12/2023;73646000;0.00;33.84;0.40;0.75;17.98;0;0;0;0;0;0;0;-23.4;0;0;0.0;0;0;0;0;0;2.989.060.000;1.593.730.000;1.695.770.000;0;-1.593.730.000;1.324.180.000;29.317.000;-9.184.000
67;BRGE3;ON;CONSORCIO ALFA ON;Previdência e Seguros;13,50;27/03/2024;11,05;13,50;0;994.221.000;-599.513.000;31/12/2023;73646000;0.00;33.91;0.40;0.75;17.98;0;0;0;0;0;0;0;-23.4;0;0;0.0;0;0;0;0;0;2.989.060.000;1.593.730.000;1.695.770.000;0;-1.593.730.000;1.324.180.000;29.317.000;-9.184.000
68;BRGE5;PNA;CONSORCIO ALFA PNA;Previdência e Seguros;13,18;08/03/2024;10,59;13,18;0;970.654.000;-623.080.000;31/12/2023;73646000;0.00;33.11;0.40;0.73;17.98;0;0;0;0;0;0;0;-23.4;0;0;0.0;0;0;0;0;0;2.989.060.000;1.593.730.000;1.695.770.000;0;-1.593.730.000;1.324.180.000;29.317.000;-9.184.000
69;BRGE6;PNB;CONSORCIO ALFA PNB;Previdência e Seguros;12,92;26/03/2024;10,27;13,80;0;951.506.000;-642.228.000;31/12/2023;73646000;0.00;32.46;0.40;0.72;17.98;0;0;0;0;0;0;0;-23.4;0;0;4.4;0;0;0;0;0;2.989.060.000;1.593.730.000;1.695.770.000;0;-1.593.730.000;1.324.180.000;29.317.000;-9.184.000
70;BRGE8;PND;CONSORCIO ALFA PND;Previdência e Seguros;13,17;06/03/2024;10,58;13,17;0;969.918.000;-623.816.000;31/12/2023;73646000;0.00;33.08;0.40;0.73;17.98;0;0;0;0;0;0;0;-23.4;0;0;1.8;0;0;0;0;0;2.989.060.000;1.593.730.000;1.695.770.000;0;-1.593.730.000;1.324.180.000;29.317.000;-9.184.000
71;BRIV3;ON;ALFA DE INVESTIMENTO ON;Intermediários Financeiros;12,86;26/03/2024;10,36;13,15;0;1.139.410.000;-;31/12/2023;88601000;0.00;71.86;0.18;0.68;18.87;0;0;0;0;0;0;0;0.0;0;0;0.0;0;0;0;0;0;28.659.800.000;0;0;0;0;1.671.490.000;15.855.000;-30.485.000
72;BRKM3;ON N1;BRASKEM ON N1;Químicos;7,86;24/11/2025;7,05;15,50;280.333;6.266.050.000;43.578.100.000;30/09/2025;797208000;-0.13;-1.32;-5.96;-1.77;-4.43;0;0;0;0;0;0;0;-2.4;0;0;0.0;0;0;0;0;0;87.383.000.000;7.408.000.000;26.273.000.000;44.720.000.000;37.312.000.000;-3.533.000.000;-4.754.000.000;-26.000.000
73;BRKM5;PNA N1;BRASKEM PNA N1;Químicos;8,06;24/11/2025;6,26;15,43;34.433.900;6.425.500.000;43.737.500.000;30/09/2025;797208000;1.13;-1.35;-5.96;-1.82;-4.43;0;0;0;0;0;0;0;-2.4;0;0;0.0;0;0;0;0;0;87.383.000.000;7.408.000.000;26.273.000.000;44.720.000.000;37.312.000.000;-3.533.000.000;-4.754.000.000;-26.000.000
74;BRKM6;PNB N1;BRASKEM PNB N1;Químicos;8,05;19/11/2025;6,12;11,03;3.646;6.417.520.000;43.729.500.000;30/09/2025;797208000;0.00;-1.35;-5.96;-1.82;-4.43;0;0;0;0;0;0;0;-2.4;0;0;0.0;0;0;0;0;0;87.383.000.000;7.408.000.000;26.273.000.000;44.720.000.000;37.312.000.000;-3.533.000.000;-4.754.000.000;-26.000.000
75;BRSR3;ON;BANRISUL S/A ON;Intermediários Financeiros;14,95;24/11/2025;10,45;15,00;120.714;6.114.160.000;-;30/09/2025;408974000;0.13;4.97;3.01;0.56;26.59;0;0;0;0;0;0;0;0.0;0;0;8.3;0;0;0;0;0;158.325.000.000;0;0;0;0;10.874.300.000;1.231.360.000;328.616.000
76;BRSR5;PNA;BANRISUL S/A PNA;Intermediários Financeiros;17,90;19/11/2025;12,35;20,44;128;7.320.630.000;-;30/09/2025;408974000;0.00;5.95;3.01;0.67;26.59;0;0;0;0;0;0;0;0.0;0;0;8.5;0;0;0;0;0;158.325.000.000;0;0;0;0;10.874.300.000;1.231.360.000;328.616.000
77;BRSR6;PNB;BANRISUL S/A PNB;Intermediários Financeiros;14,20;24/11/2025;9,02;14,36;13.331.600;5.807.430.000;-;30/09/2025;408974000;-0.49;4.72;3.01;0.53;26.59;0;0;0;0;0;0;0;0.0;0;0;8.7;0;0;0;0;0;158.325.000.000;0;0;0;0;10.874.300.000;1.231.360.000;328.616.000
78;BRST3;ON NM;BRISANET ON NM;Telecomunicações;3,47;24/11/2025;2,41;3,51;615.966;1.519.890.000;3.156.700.000;30/09/2025;438008000;1.46;21.95;0.16;0.96;3.60;0;0;0;0;0;0;0;5.5;0;0;1.2;0;0;0;0;0;4.135.700.000;331.947.000;686.860.000;1.968.760.000;1.636.810.000;1.576.320.000;69.238.000;38.336.000
79;BSLI3;ON;BRB ON;Intermediários Financeiros;7,25;24/11/2025;6,77;13,28;27.568;3.524.810.000;-;30/06/2025;486181000;-1.09;5.05;1.44;0.88;8.20;0;0;0;0;0;0;0;0.0;0;0;56.2;0;0;0;0;0;74.509.300.000;0;0;0;0;3.984.960.000;698.331.000;272.858.000
80;BSLI4;ON;BRB ON;Intermediários Financeiros;7,90;24/11/2025;5,83;12,56;38.251;3.840.830.000;-;30/06/2025;486181000;1.54;5.50;1.44;0.96;8.20;0;0;0;0;0;0;0;0.0;0;0;56.8;0;0;0;0;0;74.509.300.000;0;0;0;0;3.984.960.000;698.331.000;272.858.000
81;CAMB3;ON;PENALTY ON;Tecidos, Vestuário e Calçados;9,25;24/11/2025;8,49;10,47;280.851;391.044.000;329.661.000;30/09/2025;42275000;0.54;5.92;1.56;1.26;7.35;0;0;0;0;0;0;0;17.7;0;0;11.4;0;0;0;0;0;396.486.000;63.673.000;204.663.000;2.290.000;-61.383.000;310.829.000;66.033.000;17.064.000
82;CAML3;ON NM;CAMIL ON NM;Alimentos Processados;5,69;24/11/2025;3,36;7,27;4.549.780;1.991.500.000;5.712.450.000;31/08/2025;350000000;-0.87;12.11;0.47;0.58;9.80;0;0;0;0;0;0;0;4.6;0;0;5.2;0;0;0;0;0;11.340.200.000;1.907.190.000;6.364.480.000;5.628.150.000;3.720.950.000;3.429.760.000;164.415.000;78.703.000
83;CASH3;ON NM;MELIUZ ON NM;Programas e Serviços;3,84;24/11/2025;2,56;10,70;12.256.600;434.775.000;367.573.000;30/09/2025;113223000;4.63;7.96;0.48;0.80;4.81;0;0;0;0;0;0;0;11.5;0;0;0.0;0;0;0;0;0;667.687.000;67.301.000;164.064.000;99.000;-67.202.000;544.430.000;54.596.000;15.351.000
84;CBAV3;ON NM;CBA ON NM;Mineração;5,17;24/11/2025;2,84;6,53;30.565.900;3.366.050.000;6.531.460.000;30/09/2025;651073000;4.44;14.38;0.36;0.74;6.95;0;0;0;0;0;0;0;2.1;0;0;0.0;0;0;0;0;0;13.876.800.000;1.208.810.000;4.603.210.000;4.374.230.000;3.165.410.000;4.521.800.000;234.129.000;103.557.000
85;CBEE3;ON;AMPLA ENERG ON;Energia Elétrica;9,01;29/10/2025;8,38;14,83;306;3.424.160.000;8.532.520.000;30/09/2025;380040000;0.00;5.90;1.53;0.41;21.86;0;0;0;0;0;0;0;4.9;0;0;4.6;0;0;0;0;0;20.174.600.000;132.517.000;3.904.830.000;5.240.870.000;5.108.360.000;8.308.650.000;580.452.000;-108.801.000
86;CEAB3;ON NM;CEA MODAS ON NM;Comércio;17,60;24/11/2025;7,42;20,65;60.346.600;5.425.110.000;5.493.670.000;30/09/2025;308245000;2.92;10.26;1.72;1.53;11.47;0;0;0;0;0;0;0;11.4;0;0;2.2;0;0;0;0;0;8.917.830.000;1.180.460.000;4.251.550.000;1.249.020.000;68.561.900;3.536.830.000;528.802.000;69.470.000
87;CEBR3;ON;CEB - COMPANHIA ENERGÉTICA DE BRASÍLIA ON;Energia Elétrica;26,50;24/11/2025;13,57;26,50;174.911;1.910.170.000;1.423.970.000;30/09/2025;72082000;2.20;9.92;2.67;1.92;13.80;0;0;0;0;0;0;0;9.7;0;0;13.7;0;0;0;0;0;1.433.240.000;486.199.000;754.054.000;0;-486.199.000;994.854.000;192.599.000;43.812.000
88;CEBR5;PNA;CEB - COMPANHIA ENERGÉTICA DE BRASÍLIA PNA;Energia Elétrica;25,83;24/11/2025;13,25;25,83;104.743;1.861.880.000;1.375.680.000;30/09/2025;72082000;0.16;9.67;2.67;1.87;13.80;0;0;0;0;0;0;0;9.7;0;0;14.1;0;0;0;0;0;1.433.240.000;486.199.000;754.054.000;0;-486.199.000;994.854.000;192.599.000;43.812.000
89;CEBR6;PNB;CEB - COMPANHIA ENERGÉTICA DE BRASÍLIA PNB;Energia Elétrica;29,36;24/11/2025;14,82;29,36;293.666;2.116.330.000;1.630.130.000;30/09/2025;72082000;2.62;10.99;2.67;2.13;13.80;0;0;0;0;0;0;0;9.7;0;0;13.6;0;0;0;0;0;1.433.240.000;486.199.000;754.054.000;0;-486.199.000;994.854.000;192.599.000;43.812.000
90;CEDO3;ON;CIA. DE FIAÇÃO E TECIDOS CEDRO CACHOEIRA ON;Tecidos, Vestuário e Calçados;12,00;24/11/2025;12,00;30,50;3.779;120.000.000;502.637.000;30/09/2025;10000000;0.00;2.94;4.09;0.41;29.08;0;0;0;0;0;0;0;14.8;0;0;0.0;0;0;0;0;0;956.576.000;8.205.000;394.616.000;390.842.000;382.637.000;290.830.000;40.860.000;-13.063.000
91;CEDO4;PN;CIA. DE FIAÇÃO E TECIDOS CEDRO CACHOEIRA PN;Tecidos, Vestuário e Calçados;10,02;24/11/2025;10,02;23,29;12.821;100.200.000;482.837.000;30/09/2025;10000000;-3.19;2.45;4.09;0.34;29.08;0;0;0;0;0;0;0;14.8;0;0;0.0;0;0;0;0;0;956.576.000;8.205.000;394.616.000;390.842.000;382.637.000;290.830.000;40.860.000;-13.063.000
92;CEEB3;ON;COELBA ON;Energia Elétrica;41,21;24/11/2025;31,88;41,21;328.991;10.801.000.000;26.607.000.000;30/09/2025;262096000;3.28;5.18;7.96;1.26;32.69;0;0;0;0;0;0;0;13.5;0;0;14.4;0;0;0;0;0;33.379.000.000;1.120.000.000;5.865.000.000;16.926.000.000;15.806.000.000;8.568.000.000;2.085.000.000;247.000.000
93;CEED3;ON N1;CEEE-D ON N1;Energia Elétrica;8,95;21/11/2025;6,65;13,98;164;610.882.000;6.557.520.000;30/09/2025;68255000;0.00;-0.98;-9.15;-0.15;-59.06;0;0;0;0;0;0;0;6.4;0;0;0.0;0;0;0;0;0;8.930.240.000;833.665.000;2.771.630.000;6.780.310.000;5.946.640.000;-4.031.280.000;-624.643.000;-263.376.000
94;CEED4;PN N1;CEEE-D PN N1;Energia Elétrica;20,00;27/09/2024;0,00;0,00;0;1.365.100.000;7.311.740.000;30/09/2025;68255000;0.00;-2.19;-9.15;-0.34;-59.06;0;0;0;0;0;0;0;6.4;0;0;0.0;0;0;0;0;0;8.930.240.000;833.665.000;2.771.630.000;6.780.310.000;5.946.640.000;-4.031.280.000;-624.643.000;-263.376.000
95;CEGR3;ON;CEG ON;Gás;96,49;09/10/2025;55,60;96,49;230;25.052.500.000;25.693.000.000;30/09/2025;259638000;0.00;43.43;2.22;12.53;7.70;0;0;0;0;0;0;0;22.3;0;0;0.6;0;0;0;0;0;4.666.200.000;274.174.000;1.087.570.000;914.689.000;640.515.000;1.999.410.000;576.857.000;204.448.000
96;CGAS3;ON;COMPANHIA DE GÁS DE SÃO PAULO - COMGÁS ON;Gás;120,13;24/11/2025;110,59;149,17;22.242;15.919.700.000;22.984.900.000;30/09/2025;132521000;-4.66;9.85;12.20;7.86;15.29;0;0;0;0;0;0;0;20.3;0;0;7.3;0;0;0;0;0;14.874.900.000;1.554.150.000;4.283.060.000;8.619.300.000;7.065.150.000;2.026.140.000;1.616.930.000;403.118.000
97;CGAS5;PNAS;COMPANHIA DE GÁS DE SÃO PAULO - COMGÁS PNAS;Gás;128,50;24/11/2025;111,00;130,19;200.134;17.028.900.000;24.094.100.000;30/09/2025;132521000;-0.54;10.53;12.20;8.40;15.29;0;0;0;0;0;0;0;20.3;0;0;7.6;0;0;0;0;0;14.874.900.000;1.554.150.000;4.283.060.000;8.619.300.000;7.065.150.000;2.026.140.000;1.616.930.000;403.118.000
98;CGRA3;ON;GRAZZIOTIN ON;Comércio;31,60;21/11/2025;22,54;31,69;69.139;650.505.000;435.557.000;30/09/2025;20585600;0.00;6.38;4.95;0.68;46.51;0;0;0;0;0;0;0;6.9;0;0;10.2;0;0;0;0;0;1.313.240.000;214.948.000;588.627.000;0;-214.948.000;957.426.000;101.989.000;8.260.000
99;CGRA4;PN;GRAZZIOTIN PN;Comércio;31,25;24/11/2025;22,45;31,31;523.498;643.300.000;428.352.000;30/09/2025;20585600;0.48;6.31;4.95;0.67;46.51;0;0;0;0;0;0;0;6.9;0;0;10.3;0;0;0;0;0;1.313.240.000;214.948.000;588.627.000;0;-214.948.000;957.426.000;101.989.000;8.260.000
100;CLSC3;ON N2;CELESC ON N2;Energia Elétrica;104,00;18/11/2025;66,48;104,00;11.066;4.011.490.000;8.131.530.000;30/09/2025;38572000;0.00;5.72;18.18;1.02;102.44;0;0;0;0;0;0;0;8.7;0;0;7.5;0;0;0;0;0;13.512.200.000;410.046.000;3.738.060.000;4.530.090.000;4.120.040.000;3.951.430.000;701.377.000;170.116.000
101;CLSC4;PN N2;CELESC PN N2;Energia Elétrica;118,65;24/11/2025;69,76;118,65;669.107;4.576.570.000;8.696.610.000;30/09/2025;38572000;1.16;6.53;18.18;1.16;102.44;0;0;0;0;0;0;0;8.7;0;0;7.2;0;0;0;0;0;13.512.200.000;410.046.000;3.738.060.000;4.530.090.000;4.120.040.000;3.951.430.000;701.377.000;170.116.000
102;CMIG3;ON N1;CEMIG ON N1;Energia Elétrica;13,89;24/11/2025;13,09;18,31;2.079.440;39.750.200.000;52.844.500.000;30/09/2025;2861780000;-0.14;9.89;1.40;1.38;10.04;0;0;0;0;0;0;0;10.1;0;0;6.0;0;0;0;0;0;64.750.100.000;2.317.040.000;13.246.600.000;15.411.400.000;13.094.300.000;28.728.500.000;4.019.280.000;796.267.000
103;CMIG4;PN N1;CEMIG PN N1;Energia Elétrica;11,20;24/11/2025;9,10;12,14;111.704.000;32.052.000.000;45.146.300.000;30/09/2025;2861780000;1.73;7.97;1.40;1.12;10.04;0;0;0;0;0;0;0;10.1;0;0;7.4;0;0;0;0;0;64.750.100.000;2.317.040.000;13.246.600.000;15.411.400.000;13.094.300.000;28.728.500.000;4.019.280.000;796.267.000
104;CMIN3;ON N2;CSNMINERACAO ON N2;Mineração;5,24;24/11/2025;4,34;6,00;32.277.900;28.743.200.000;24.376.600.000;30/09/2025;5485340000;-6.26;11.63;0.45;2.85;1.84;0;0;0;0;0;0;0;15.1;0;0;8.5;0;0;0;0;0;36.313.100.000;13.602.200.000;16.750.700.000;9.235.600.000;-4.366.580.000;10.097.400.000;2.471.090.000;696.466.000
105;COCE3;ON;CIA ENERG CEARA - COELCE ON;Energia Elétrica;32,00;04/11/2025;23,59;37,50;2.600;2.761.660.000;8.466.660.000;30/09/2025;86302000;0.00;9.39;3.41;0.53;60.39;0;0;0;0;0;0;0;7.9;0;0;3.8;0;0;0;0;0;15.771.600.000;108.292.000;3.302.850.000;5.813.280.000;5.704.990.000;5.211.990.000;294.205.000;-25.606.000
106;COCE5;PNA;CIA ENERG CEARA - COELCE PNA;Energia Elétrica;31,23;24/11/2025;22,25;32,56;778.323;2.695.210.000;8.400.200.000;30/09/2025;86302000;-1.48;9.16;3.41;0.52;60.39;0;0;0;0;0;0;0;7.9;0;0;3.9;0;0;0;0;0;15.771.600.000;108.292.000;3.302.850.000;5.813.280.000;5.704.990.000;5.211.990.000;294.205.000;-25.606.000
107;COGN3;ON;COGNA ON;Diversos;3,74;24/11/2025;0,96;3,81;95.808.100;7.018.510.000;12.121.800.000;30/09/2025;1876610000;-1.06;5.27;0.71;0.55;6.80;0;0;0;0;0;0;0;9.5;0;0;1.8;0;0;0;0;0;23.822.500.000;1.277.040.000;4.324.430.000;6.380.340.000;5.103.300.000;12.762.500.000;1.331.340.000;191.605.000
108;CPFE3;ON;CPFL ENERGIA S.A. ON;Energia Elétrica;48,11;24/11/2025;28,79;48,11;81.555.300;55.435.000.000;78.304.900.000;30/09/2025;1152250000;0.88;10.17;4.73;2.45;19.67;0;0;0;0;0;0;0;13.7;0;0;5.8;0;0;0;0;0;82.448.100.000;5.890.500.000;18.520.600.000;28.760.400.000;22.869.900.000;22.670.100.000;5.450.170.000;1.308.170.000
109;CPLE3;ON;COPEL ON;Energia Elétrica;13,15;24/11/2025;7,62;13,77;74.434.600;39.224.000.000;56.181.400.000;30/09/2025;2982810000;1.00;17.76;0.74;1.51;8.71;0;0;0;0;0;0;0;7.0;0;0;4.5;0;0;0;0;0;62.048.400.000;3.970.640.000;13.140.200.000;20.928.100.000;16.957.500.000;25.986.000.000;2.208.380.000;384.222.000
110;CPLE6;PNB;COPEL PNB;Energia Elétrica;14,26;07/11/2025;8,43;14,45;111.237.000;42.534.900.000;59.492.300.000;30/09/2025;2982810000;0.00;19.26;0.74;1.64;8.71;0;0;0;0;0;0;0;7.0;0;0;4.5;0;0;0;0;0;62.048.400.000;3.970.640.000;13.140.200.000;20.928.100.000;16.957.500.000;25.986.000.000;2.208.380.000;384.222.000
111;CRFB3;ON NM;CARREFOUR BR ON NM;Comércio e Distribuição;8,48;30/05/2025;5,25;8,68;0;17.884.800.000;38.010.800.000;30/09/2025;2109060000;0.00;9.84;0.86;0.83;10.16;0;0;0;0;0;0;0;4.9;0;0;1.1;0;0;0;0;0;95.960.000.000;5.133.000.000;46.374.000.000;25.259.000.000;20.126.000.000;21.435.000.000;1.818.000.000;35.000.000
112;CRIV3;ON;ALFA FINANCEIRA ON;Intermediários Financeiros;6,98;25/03/2024;5,60;6,98;0;718.542.000;-;31/12/2023;102943000;0.00;39.11;0.18;0.68;10.28;0;0;0;0;0;0;0;0.0;0;0;0.0;0;0;0;0;0;13.610.400.000;0;0;0;0;1.058.750.000;18.372.000;-1.980.000
113;CRIV4;PN;ALFA FINANCEIRA PN;Intermediários Financeiros;6,74;27/03/2024;5,32;7,06;0;693.836.000;-;31/12/2023;102943000;0.00;37.77;0.18;0.66;10.28;0;0;0;0;0;0;0;0.0;0;0;3.6;0;0;0;0;0;13.610.400.000;0;0;0;0;1.058.750.000;18.372.000;-1.980.000
114;CRPG3;ON;CRISTAL ON;Químicos;19,61;19/11/2025;15,00;21,50;314;569.063.000;488.001.000;30/09/2025;29019000;0.00;-23.66;-0.83;1.02;19.31;0;0;0;0;0;0;0;-4.2;0;0;0.0;0;0;0;0;0;920.693.000;88.034.000;583.943.000;6.972.000;-81.062.000;560.276.000;-24.055.000;-26.625.000
115;CRPG5;PNA;CRISTAL PNA;Químicos;17,99;24/11/2025;11,71;24,67;158.954;522.052.000;440.990.000;30/09/2025;29019000;-2.12;-21.70;-0.83;0.93;19.31;0;0;0;0;0;0;0;-4.2;0;0;0.0;0;0;0;0;0;920.693.000;88.034.000;583.943.000;6.972.000;-81.062.000;560.276.000;-24.055.000;-26.625.000
116;CRPG6;PNB;CRISTAL PNB;Químicos;17,00;24/11/2025;10,99;24,01;13.548;493.323.000;412.261.000;30/09/2025;29019000;-5.45;-20.51;-0.83;0.88;19.31;0;0;0;0;0;0;0;-4.2;0;0;0.0;0;0;0;0;0;920.693.000;88.034.000;583.943.000;6.972.000;-81.062.000;560.276.000;-24.055.000;-26.625.000
117;CSAN3;ON;COSAN SA INDUSTRIA E COMERCIO ON;Petróleo, Gás e Biocombustíveis;5,91;24/11/2025;5,22;11,24;202.533.000;23.442.400.000;77.815.100.000;30/09/2025;3966570000;1.03;-1.77;-3.33;3.97;1.49;0;0;0;0;0;0;0;7.4;0;0;0.0;0;0;0;0;0;125.739.000.000;12.898.400.000;26.885.600.000;67.271.100.000;54.372.700.000;5.901.320.000;-13.216.500.000;-1.185.180.000
118;CSED3;ON NM;CRUZEIRO EDU ON NM;Diversos;6,29;24/11/2025;2,59;6,60;2.694.380;2.292.970.000;2.717.500.000;30/09/2025;364543000;-1.26;9.08;0.69;1.38;4.54;0;0;0;0;0;0;0;11.9;0;0;3.4;0;0;0;0;0;4.778.540.000;839.576.000;1.125.210.000;1.264.100.000;424.528.000;1.656.110.000;252.531.000;113.250.000
119;CSMG3;ON;COPASA MG ON;Água e Saneamento;38,20;24/11/2025;19,00;39,35;67.583.000;14.525.700.000;20.520.100.000;30/09/2025;380253000;0.82;10.75;3.55;1.69;22.65;0;0;0;0;0;0;0;12.9;0;0;4.6;0;0;0;0;0;16.780.100.000;633.079.000;2.283.900.000;6.627.490.000;5.994.410.000;8.612.450.000;1.350.710.000;360.830.000
120;CSNA3;ON;CSN ON;Siderurgia e Metalurgia;8,11;24/11/2025;6,77;11,71;74.406.800;10.754.600.000;45.461.400.000;30/09/2025;1326090000;0.12;-6.92;-1.17;0.76;10.66;0;0;0;0;0;0;0;6.5;0;0;0.0;0;0;0;0;0;100.826.000.000;17.440.200.000;32.836.600.000;52.147.000.000;34.706.800.000;14.141.900.000;-1.555.260.000;-137.080.000
121;CSUD3;ON;CSU DIGITAL ON;Serviços Diversos;19,05;24/11/2025;13,56;19,61;543.341;796.290.000;744.945.000;30/09/2025;41800000;-0.73;8.45;2.25;1.56;12.19;0;0;0;0;0;0;0;16.2;0;0;5.9;0;0;0;0;0;746.484.000;100.728.000;238.696.000;49.383.000;-51.345.000;509.731.000;94.255.000;23.801.000
122;CTKA3;ON;KARSTEN ON;Tecidos, Vestuário e Calçados;37,00;21/11/2025;18,03;41,79;850;229.585.000;579.913.000;30/09/2025;6205000;0.00;2.08;17.81;4.26;8.69;0;0;0;0;0;0;0;12.1;0;0;0.0;0;0;0;0;0;724.854.000;68.716.000;482.865.000;419.044.000;350.328.000;53.936.000;110.530.000;18.428.000
123;CTKA4;PN;KARSTEN PN;Tecidos, Vestuário e Calçados;39,41;21/11/2025;20,12;39,99;19.982;244.539.000;594.867.000;30/09/2025;6205000;0.00;2.21;17.81;4.53;8.69;0;0;0;0;0;0;0;12.1;0;0;0.0;0;0;0;0;0;724.854.000;68.716.000;482.865.000;419.044.000;350.328.000;53.936.000;110.530.000;18.428.000
124;CTNM3;ON;COTEMINAS ON;Tecidos, Vestuário e Calçados;7,13;13/08/2024;7,11;8,80;0;218.435.000;1.453.730.000;30/06/2024;30636000;0.00;-0.46;-15.50;-0.58;-12.27;0;0;0;0;0;0;0;-14.2;0;0;0.0;0;0;0;0;0;3.006.130.000;93.723.000;586.796.000;1.329.020.000;1.235.300.000;-375.916.000;-474.918.000;-104.981.000
125;CTNM4;PN;COTEMINAS PN;Tecidos, Vestuário e Calçados;0,86;15/08/2024;0,62;1,12;0;26.347.000;1.261.640.000;30/06/2024;30636000;0.00;-0.06;-15.50;-0.07;-12.27;0;0;0;0;0;0;0;-14.2;0;0;0.0;0;0;0;0;0;3.006.130.000;93.723.000;586.796.000;1.329.020.000;1.235.300.000;-375.916.000;-474.918.000;-104.981.000
126;CTSA3;ON;SANTANENSE ON;Tecidos, Vestuário e Calçados;2,29;24/11/2025;2,21;7,24;184;15.929.200;230.443.000;30/09/2024;6956000;-19.08;-0.13;-18.07;0.11;20.51;0;0;0;0;0;0;0;-11.4;0;0;0.0;0;0;0;0;0;648.538.000;4.432.000;106.290.000;218.946.000;214.514.000;142.686.000;-125.686.000;-25.893.000
127;CTSA4;PN;SANTANENSE PN;Tecidos, Vestuário e Calçados;2,10;24/11/2025;2,02;4,36;1.273;14.607.600;229.122.000;30/09/2024;6956000;1.94;-0.12;-18.07;0.10;20.51;0;0;0;0;0;0;0;-11.4;0;0;0.0;0;0;0;0;0;648.538.000;4.432.000;106.290.000;218.946.000;214.514.000;142.686.000;-125.686.000;-25.893.000
128;CURY3;ON NM;CURY S/A ON NM;Construção Civil;38,27;24/11/2025;16,19;38,27;70.954.200;11.170.100.000;10.719.800.000;30/09/2025;291875000;1.81;12.82;2.98;8.06;4.75;0;0;0;0;0;0;0;22.6;0;0;4.1;0;0;0;0;0;5.632.000.000;1.773.200.000;3.406.840.000;1.322.990.000;-450.217.000;1.385.220.000;871.243.000;255.253.000
129;CVCB3;ON NM;CVC BRASIL ON NM;Viagens e Lazer;1,73;24/11/2025;1,38;2,84;20.084.100;909.272.000;1.049.270.000;30/09/2025;525591000;-5.46;-12.21;-0.14;1.81;0.96;0;0;0;0;0;0;0;4.5;0;0;0.0;0;0;0;0;0;3.574.570.000;241.715.000;2.015.010.000;381.712.000;139.997.000;503.499.000;-74.475.000;40.626.000
130;CXSE3;ON NM;CAIXA SEGURI ON NM;Previdência e Seguros;16,04;24/11/2025;12,98;16,04;56.700.000;48.120.000.000;47.026.500.000;30/09/2025;3000000000;1.97;10.97;1.46;3.56;4.50;0;0;0;0;0;0;0;-1.0;0;0;7.9;0;0;0;0;0;14.624.500.000;1.104.200.000;1.932.380.000;10.707.000;-1.093.490.000;13.505.700.000;4.386.580.000;1.140.750.000
131;CYRE3;PN;CYRELA BRAZIL REALTY PN;Construção Civil;34,51;24/11/2025;15,59;35,25;133.543.000;13.251.800.000;16.550.500.000;30/09/2025;384000000;1.20;7.28;4.74;1.27;27.17;0;0;0;0;0;0;0;5.9;0;0;3.1;0;0;0;0;0;24.950.400.000;4.197.770.000;14.519.400.000;7.496.400.000;3.298.640.000;10.433.800.000;1.821.190.000;609.115.000
132;DASA3;ON;DIAGNOSTICOS DA AMERICA SA ON;Serv.Méd.Hospit. Análises e Diagnósticos;2,87;24/11/2025;1,20;2,87;3.560.110;3.601.870.000;9.459.120.000;30/09/2025;1255010000;6.69;-3.50;-0.82;0.46;6.23;0;0;0;0;0;0;0;4.4;0;0;0.0;0;0;0;0;0;21.098.500.000;2.545.890.000;6.553.910.000;8.403.140.000;5.857.250.000;7.821.120.000;-1.027.970.000;95.812.000
133;DESK3;ON NM;DESKTOPSIGMA ON NM;Telecomunicações;16,57;24/11/2025;7,72;16,57;15.559.000;1.921.550.000;3.049.030.000;30/09/2025;115966000;4.15;26.26;0.63;1.37;12.09;0;0;0;0;0;0;0;8.9;0;0;0.2;0;0;0;0;0;3.734.990.000;352.702.000;652.423.000;1.480.180.000;1.127.480.000;1.402.260.000;73.180.000;15.051.000
134;DIRR3;ON NM;Direcional Engenharia ON NM;Construção Civil;18,38;24/11/2025;7,67;18,65;76.330.000;9.566.790.000;9.784.360.000;30/09/2025;520500000;0.71;12.60;1.46;3.91;4.70;0;0;0;0;0;0;0;7.7;0;0;5.9;0;0;0;0;0;12.415.700.000;2.449.510.000;5.613.160.000;2.667.070.000;217.569.000;2.445.690.000;759.371.000;229.652.000
135;DMVF3;ON NM;D1000VFARMA ON NM;Comércio e Distribuição;5,15;24/11/2025;4,32;7,00;362.715;260.605.000;279.219.000;30/09/2025;50603000;1.18;15.64;0.33;0.29;17.98;0;0;0;0;0;0;0;1.8;0;0;0.0;0;0;0;0;0;1.933.430.000;13.646.000;627.571.000;32.260.000;18.614.000;909.871.000;16.659.000;7.572.000
136;DOHL3;ON;DOHLER ON;Tecidos, Vestuário e Calçados;6,51;17/11/2025;5,50;7,49;47;492.449.000;547.422.000;30/09/2025;75645000;0.00;89.80;0.07;0.71;9.14;0;0;0;0;0;0;0;-4.3;0;0;0.2;0;0;0;0;0;997.773.000;89.641.000;567.036.000;144.614.000;54.973.000;691.726.000;5.484.000;1.726.000
137;DOHL4;PN;DOHLER PN;Tecidos, Vestuário e Calçados;3,70;24/11/2025;3,67;4,35;11.245;279.886.000;334.859.000;30/09/2025;75645000;-1.86;51.04;0.07;0.40;9.14;0;0;0;0;0;0;0;-4.3;0;0;0.3;0;0;0;0;0;997.773.000;89.641.000;567.036.000;144.614.000;54.973.000;691.726.000;5.484.000;1.726.000
138;DOTZ3;ON NM;DOTZ SA ON NM;Diversos;5,93;24/11/2025;2,66;9,14;57.688;78.999.300;150.943.000;30/09/2025;13322000;-3.42;-27.98;-0.21;-0.32;-18.67;0;0;0;0;0;0;0;12.5;0;0;0.0;0;0;0;0;0;223.847.000;42.311.000;95.575.000;114.255.000;71.944.000;-248.748.000;-2.823.000;-3.346.000
139;DTCY3;ON;DTCOM ON;Serviços Diversos;2,79;24/11/2025;2,70;4,45;275;31.055.500;27.435.500;30/09/2025;11131000;0.00;-189.36;-0.01;25.11;0.11;0;0;0;0;0;0;0;-3.4;0;0;0.0;0;0;0;0;0;7.308.000;3.620.000;7.082.000;0;-3.620.000;1.237.000;-164.000;564.000
140;EALT3;ON;ELECTRO AÇO ALTONA S/A ON;Máquinas e Equipamentos;13,40;24/11/2025;12,21;15,84;9.570;301.500.000;383.989.000;30/09/2025;22500000;1.52;2.85;4.71;0.85;15.84;0;0;0;0;0;0;0;8.3;0;0;4.3;0;0;0;0;0;631.615.000;20.817.000;248.216.000;103.306.000;82.489.000;356.365.000;105.874.000;39.005.000
141;EALT4;PN;ELECTRO AÇO ALTONA S/A PN;Máquinas e Equipamentos;12,00;24/11/2025;10,60;15,38;137.619;270.000.000;352.489.000;30/09/2025;22500000;-1.56;2.55;4.71;0.76;15.84;0;0;0;0;0;0;0;8.3;0;0;5.3;0;0;0;0;0;631.615.000;20.817.000;248.216.000;103.306.000;82.489.000;356.365.000;105.874.000;39.005.000
142;ECOR3;ON NM;ECORODOVIAS ON NM;Transporte;9,81;24/11/2025;3,85;9,81;33.974.500;6.831.040.000;27.530.500.000;30/09/2025;696334000;4.14;7.40;1.33;1.62;6.04;0;0;0;0;0;0;0;11.2;0;0;3.1;0;0;0;0;0;35.119.600.000;4.115.580.000;5.231.620.000;24.815.000.000;20.699.500.000;4.207.980.000;922.744.000;430.027.000
143;EGIE3;ON;	ENGIE BRASIL ON;Energia Elétrica;43,43;24/11/2025;33,18;47,75;62.767.800;35.435.700.000;59.770.900.000;30/09/2025;815928000;1.85;11.68;3.72;2.88;15.08;0;0;0;0;0;0;0;10.0;0;0;4.8;0;0;0;0;0;56.544.100.000;4.625.660.000;8.217.510.000;28.960.800.000;24.335.200.000;12.304.200.000;3.034.300.000;680.406.000
144;EKTR3;ON;ELEKTRO ELETRICIDADE E SERVIÇOS S.A. ON;Energia Elétrica;41,00;14/11/2025;32,30;47,90;2.653;7.944.120.000;15.077.100.000;30/09/2025;193759000;0.00;8.53;4.80;3.93;10.42;0;0;0;0;0;0;0;17.5;0;0;11.1;0;0;0;0;0;13.007.000.000;782.000.000;3.697.000.000;7.915.000.000;7.133.000.000;2.019.000.000;931.000.000;196.000.000
145;EKTR4;PN;ELEKTRO ELETRICIDADE E SERVIÇOS S.A. PN;Energia Elétrica;39,96;24/11/2025;38,50;52,41;33.682;7.742.610.000;14.875.600.000;30/09/2025;193759000;2.49;8.32;4.80;3.83;10.42;0;0;0;0;0;0;0;17.5;0;0;12.6;0;0;0;0;0;13.007.000.000;782.000.000;3.697.000.000;7.915.000.000;7.133.000.000;2.019.000.000;931.000.000;196.000.000
146;ELMD3;ON NM;ELETROMIDIA ON NM;Mídia;31,00;12/06/2025;27,42;32,00;0;4.455.060.000;5.258.000.000;31/03/2025;143712000;0.00;39.74;0.78;4.53;6.85;0;0;0;0;0;0;0;10.3;0;0;0.6;0;0;0;0;0;3.196.250.000;621.699.000;1.009.820.000;1.424.640.000;802.946.000;983.781.000;112.106.000;21.088.000
147;EMAE4;PN;EMAE PN;Energia Elétrica;37,51;24/11/2025;27,35;45,00;437.141;1.385.880.000;890.559.000;30/09/2025;36947000;-1.26;4.38;8.57;0.89;41.96;0;0;0;0;0;0;0;5.0;0;0;0.0;0;0;0;0;0;2.444.370.000;495.323.000;876.249.000;0;-495.323.000;1.550.460.000;316.521.000;287.470.000
148;ENEV3;ON;ENEVA ON;Energia Elétrica;19,10;24/11/2025;9,55;19,49;153.960.000;36.996.200.000;52.524.300.000;30/09/2025;1936970000;0.26;1086.94;0.02;1.86;10.25;0;0;0;0;0;0;0;6.3;0;0;0.0;0;0;0;0;0;54.448.900.000;3.937.340.000;9.169.740.000;19.465.500.000;15.528.100.000;19.852.600.000;34.037.000;351.721.000
149;ENGI11;UNT N2;ENERGISA UNT N2;Energia Elétrica;53,67;24/11/2025;33,28;54,31;126.811.000;24.574.700.000;56.127.100.000;30/09/2025;2289420000;1.34;7.45;7.21;1.33;40.37;0;0;0;0;0;0;0;8.2;0;0;5.4;0;0;0;0;0;82.858.500.000;9.494.770.000;19.805.300.000;41.047.200.000;31.552.500.000;18.484.500.000;3.300.490.000;438.520.000
150;ENGI3;ON;ENERGISA ON;Energia Elétrica;14,26;24/11/2025;9,32;15,00;72.843;32.647.200.000;64.199.600.000;30/09/2025;2289420000;2.52;9.89;1.44;1.77;8.07;0;0;0;0;0;0;0;8.2;0;0;4.1;0;0;0;0;0;82.858.500.000;9.494.770.000;19.805.300.000;41.047.200.000;31.552.500.000;18.484.500.000;3.300.490.000;438.520.000
151;ENGI4;PN;ENERGISA PN;Energia Elétrica;9,90;24/11/2025;5,88;10,03;77.374;22.665.300.000;54.217.800.000;30/09/2025;2289420000;0.81;6.87;1.44;1.23;8.07;0;0;0;0;0;0;0;8.2;0;0;5.9;0;0;0;0;0;82.858.500.000;9.494.770.000;19.805.300.000;41.047.200.000;31.552.500.000;18.484.500.000;3.300.490.000;438.520.000
152;ENJU3;ON NM;ENJOEI ON NM;Programas e Serviços;1,00;24/11/2025;0,87;1,39;685.328;205.018.000;-4.562.020;30/09/2025;205018000;4.17;-10.01;-0.10;0.67;1.48;0;0;0;0;0;0;0;-6.6;0;0;0.0;0;0;0;0;0;437.004.000;209.580.000;261.912.000;0;-209.580.000;303.794.000;-20.489.000;-2.458.000
153;ENMT3;ON;ENERGISA MT ON;Energia Elétrica;55,50;24/11/2025;46,32;80,78;16.619;12.151.300.000;19.016.000.000;30/09/2025;218942000;-3.44;12.15;4.57;3.06;18.11;0;0;0;0;0;0;0;12.0;0;0;9.9;0;0;0;0;0;15.498.500.000;1.338.980.000;3.822.940.000;8.203.700.000;6.864.710.000;3.965.230.000;999.863.000;213.191.000
154;ENMT4;ON;ENERGISA MT ON;Energia Elétrica;50,70;18/11/2025;49,25;77,95;7.222;11.100.400.000;17.965.100.000;30/09/2025;218942000;0.00;11.10;4.57;2.80;18.11;0;0;0;0;0;0;0;12.0;0;0;10.9;0;0;0;0;0;15.498.500.000;1.338.980.000;3.822.940.000;8.203.700.000;6.864.710.000;3.965.230.000;999.863.000;213.191.000
155;EPAR3;ON;EMBPAR S/A ON;Comércio;4,20;24/11/2025;3,51;5,05;42.261;62.416.200;58.995.200;30/09/2025;14861000;0.24;10.68;0.39;1.49;2.81;0;0;0;0;0;0;0;-9.0;0;0;43.7;0;0;0;0;0;56.958.000;3.421.000;8.890.000;0;-3.421.000;41.775.000;5.843.000;886.000
156;EQMA3B;ON MB;CEMAR ON MB;Energia Elétrica;29,62;24/11/2025;21,06;32,99;20.633;4.863.130.000;8.076.050.000;30/09/2025;164184000;-2.92;6.51;4.55;1.12;26.40;0;0;0;0;0;0;0;11.9;0;0;9.2;0;0;0;0;0;11.546.100.000;893.547.000;2.898.700.000;4.106.470.000;3.212.920.000;4.334.970.000;747.371.000;104.332.000
157;EQPA3;ON;EQTL PARA ON;Energia Elétrica;5,75;24/11/2025;4,68;6,40;39.440;12.702.200.000;17.197.700.000;30/09/2025;2209070000;-1.03;7.71;0.75;2.50;2.30;0;0;0;0;0;0;0;12.7;0;0;11.5;0;0;0;0;0;22.144.900.000;5.432.580.000;9.299.620.000;9.928.080.000;4.495.500.000;5.073.530.000;1.648.240.000;388.685.000
158;EQPA5;PNA;EQTL PARA PNA;Energia Elétrica;6,25;03/10/2025;6,25;7,29;15;13.806.700.000;18.302.200.000;30/09/2025;2209070000;0.00;8.38;0.75;2.72;2.30;0;0;0;0;0;0;0;12.7;0;0;10.5;0;0;0;0;0;22.144.900.000;5.432.580.000;9.299.620.000;9.928.080.000;4.495.500.000;5.073.530.000;1.648.240.000;388.685.000
159;EQPA7;PNC;EQTL PARA PNC;Energia Elétrica;6,85;17/09/2025;6,52;8,05;0;15.132.200.000;19.627.700.000;30/09/2025;2209070000;0.00;9.18;0.75;2.98;2.30;0;0;0;0;0;0;0;12.7;0;0;9.6;0;0;0;0;0;22.144.900.000;5.432.580.000;9.299.620.000;9.928.080.000;4.495.500.000;5.073.530.000;1.648.240.000;388.685.000
160;EQTL3;ON NM;EQUATORIAL ENERGIA S.A. ON NM;Energia Elétrica;38,75;24/11/2025;24,87;39,50;369.538.000;48.650.800.000;95.849.600.000;30/09/2025;1255510000;-0.23;14.47;2.68;1.70;22.74;0;0;0;0;0;0;0;8.1;0;0;5.8;0;0;0;0;0;126.167.000.000;15.196.300.000;32.667.400.000;62.395.100.000;47.198.800.000;28.549.100.000;3.362.350.000;468.901.000
161;ESPA3;ON NM;ESPACOLASER ON NM;Comércio;1,08;24/11/2025;0,67;1,35;563.024;390.337.000;999.482.000;30/09/2025;361423000;-1.82;34.53;0.03;0.45;2.39;0;0;0;0;0;0;0;6.9;0;0;0.2;0;0;0;0;0;2.252.060.000;240.204.000;1.069.360.000;849.349.000;609.145.000;864.732.000;11.305.000;-7.968.000
162;ESTR4;PN;ESTRELA PN;Viagens e Lazer;5,50;24/11/2025;3,10;6,49;767;44.462.000;159.126.000;30/06/2025;8084000;-3.51;-1.72;-3.21;-0.08;-73.28;0;0;0;0;0;0;0;-2.8;0;0;0.0;0;0;0;0;0;354.604.000;397.000;134.913.000;115.061.000;114.664.000;-592.373.000;-25.918.000;-19.407.000
163;ETER3;ON;ETERNIT ON;Construção e Engenharia;3,99;24/11/2025;3,62;6,26;441.144;246.490.000;390.795.000;30/09/2025;61777000;-1.72;5.24;0.76;0.29;13.69;0;0;0;0;0;0;0;1.6;0;0;0.9;0;0;0;0;0;1.415.200.000;35.719.000;625.499.000;180.024.000;144.305.000;845.709.000;47.069.000;18.977.000
164;EUCA3;ON;EUCATEX ON;Madeira e Papel;19,95;19/11/2025;14,56;23,19;8.541;1.847.750.000;2.350.870.000;30/09/2025;92619000;0.00;6.25;3.19;0.66;30.27;0;0;0;0;0;0;0;11.0;0;0;3.4;0;0;0;0;0;4.753.030.000;340.700.000;1.761.980.000;843.823.000;503.123.000;2.803.900.000;295.589.000;81.096.000
165;EUCA4;PN;EUCATEX PN;Madeira e Papel;17,02;24/11/2025;12,00;19,25;673.030;1.576.380.000;2.079.500.000;30/09/2025;92619000;-3.51;5.33;3.19;0.56;30.27;0;0;0;0;0;0;0;11.0;0;0;4.3;0;0;0;0;0;4.753.030.000;340.700.000;1.761.980.000;843.823.000;503.123.000;2.803.900.000;295.589.000;81.096.000
166;EVEN3;ON NM;Even ON NM;Construção Civil;8,14;24/11/2025;4,86;8,21;8.325.780;1.628.000.000;1.926.110.000;30/09/2025;200000000;3.30;9.10;0.89;0.82;9.90;0;0;0;0;0;0;0;4.2;0;0;9.4;0;0;0;0;0;5.008.870.000;812.656.000;3.576.330.000;1.110.760.000;298.108.000;1.980.740.000;178.869.000;90.039.000
167;EZTC3;ON NM;EZTec ON NM;Construção Civil;19,23;24/11/2025;9,70;19,63;27.144.700;4.249.620.000;4.414.580.000;30/09/2025;220989000;1.26;7.81;2.46;0.83;23.23;0;0;0;0;0;0;0;5.7;0;0;8.1;0;0;0;0;0;7.008.350.000;1.233.180.000;2.960.190.000;1.398.140.000;164.955.000;5.132.990.000;544.107.000;183.453.000
168;FESA3;ON;FERBASA ON;Siderurgia e Metalurgia;11,24;24/11/2025;10,35;12,82;4.760;3.969.690.000;3.258.310.000;30/09/2025;353175000;-2.77;18.47;0.61;1.17;9.59;0;0;0;0;0;0;0;4.0;0;0;9.3;0;0;0;0;0;4.231.630.000;880.716.000;1.689.220.000;169.341.000;-711.375.000;3.387.880.000;214.885.000;45.881.000
169;FESA4;PN;FERBASA PN;Siderurgia e Metalurgia;6,96;24/11/2025;5,60;7,62;4.487.450;2.458.100.000;1.746.720.000;30/09/2025;353175000;0.87;11.44;0.61;0.73;9.59;0;0;0;0;0;0;0;4.0;0;0;16.5;0;0;0;0;0;4.231.630.000;880.716.000;1.689.220.000;169.341.000;-711.375.000;3.387.880.000;214.885.000;45.881.000
170;FHER3;ON NM;Fer Heringer ON NM;Químicos;4,33;24/11/2025;3,20;9,30;45.647;233.201.000;150.922.000;30/09/2025;53857000;-0.46;-0.36;-11.90;-0.21;-20.97;0;0;0;0;0;0;0;-8.5;0;0;0.0;0;0;0;0;0;2.874.000.000;135.564.000;2.036.000.000;53.285.000;-82.279.000;-1.129.610.000;-640.866.000;-13.096.000
171;FIQE3;ON NM;UNIFIQUE ON NM;Telecomunicações;5,28;24/11/2025;3,15;5,46;2.426.160;1.911.620.000;2.145.100.000;30/09/2025;362050000;-0.19;9.73;0.54;1.50;3.51;0;0;0;0;0;0;0;12.2;0;0;5.1;0;0;0;0;0;2.364.540.000;325.845.000;576.435.000;559.319.000;233.474.000;1.270.410.000;196.375.000;64.679.000
172;FLRY3;ON NM;FLEURY ON NM;Serv.Méd.Hospit. Análises e Diagnósticos;15,23;24/11/2025;10,45;16,26;58.710.800;8.333.720.000;11.326.900.000;30/09/2025;547191000;-0.65;13.88;1.10;1.54;9.86;0;0;0;0;0;0;0;9.0;0;0;6.5;0;0;0;0;0;13.584.200.000;2.512.640.000;4.864.100.000;5.505.860.000;2.993.220.000;5.395.010.000;600.424.000;184.917.000
173;FRAS3;ON;FRAS-LE S.A. ON;Material de Transporte;24,46;24/11/2025;19,67;29,24;9.369.220;6.856.990.000;8.504.110.000;30/09/2025;280335000;0.49;19.26;1.27;2.85;8.60;0;0;0;0;0;0;0;11.2;0;0;2.4;0;0;0;0;0;6.892.510.000;995.268.000;3.374.200.000;2.642.380.000;1.647.120.000;2.409.760.000;356.075.000;106.312.000
174;FRIO3;ON NM;Metalfrio ON NM;Máquinas e Equipamentos;209,99;26/09/2025;150,00;330,00;500;1.320.000.000;2.028.830.000;30/09/2025;6286000;0.00;54.65;3.84;3.62;57.94;0;0;0;0;0;0;0;5.9;0;0;0.0;0;0;0;0;0;1.902.690.000;113.685.000;1.284.780.000;822.513.000;708.828.000;364.200.000;24.153.000;17.046.000
175;GFSA3;ON;GAFISA ON;Construção Civil;5,19;24/11/2025;4,71;51,00;5.611.660;57.930.800;1.405.350.000;30/09/2025;11162000;-1.70;-0.93;-5.58;0.03;178.22;0;0;0;0;0;0;0;-3.7;0;0;0.0;0;0;0;0;0;4.984.010.000;213.602.000;2.896.420.000;1.561.020.000;1.347.410.000;1.989.340.000;-62.257.000;-92.114.000
176;GGBR3;ON N1;GERDAU S.A. ON N1;Siderurgia e Metalurgia;15,90;24/11/2025;13,21;19,40;538.812;31.814.000.000;40.584.300.000;30/09/2025;2000880000;0.57;10.60;1.50;0.58;27.26;0;0;0;0;0;0;0;6.8;0;0;4.0;0;0;0;0;0;87.255.700.000;9.873.580.000;33.400.200.000;18.643.900.000;8.770.320.000;54.539.200.000;3.001.200.000;1.079.390.000
177;GGBR4;PN N1;GERDAU S.A. PN N1;Siderurgia e Metalurgia;18,59;24/11/2025;13,58;20,40;189.066.000;37.196.400.000;45.966.700.000;30/09/2025;2000880000;0.65;12.39;1.50;0.68;27.26;0;0;0;0;0;0;0;6.8;0;0;3.4;0;0;0;0;0;87.255.700.000;9.873.580.000;33.400.200.000;18.643.900.000;8.770.320.000;54.539.200.000;3.001.200.000;1.079.390.000
178;GGPS3;ON NM;GPS ON NM;Serviços Diversos;18,80;24/11/2025;12,43;19,75;50.465.300;12.732.900.000;14.817.200.000;30/09/2025;677281000;-0.21;19.35;0.97;3.27;5.75;0;0;0;0;0;0;0;9.2;0;0;1.7;0;0;0;0;0;14.372.200.000;2.777.150.000;7.582.260.000;4.861.430.000;2.084.280.000;3.896.680.000;658.149.000;154.260.000
179;GMAT3;ON NM;GRUPO MATEUS ON NM;Comércio e Distribuição;5,07;24/11/2025;4,98;8,08;38.394.000;11.399.700.000;12.838.200.000;30/09/2025;2248470000;1.81;6.03;0.84;1.12;4.53;0;0;0;0;0;0;0;9.7;0;0;4.9;0;0;0;0;0;23.696.100.000;1.182.890.000;12.388.000.000;2.621.400.000;1.438.510.000;10.193.300.000;1.891.700.000;850.546.000
180;GOAU3;ON N1;METALÚRGICA GERDAU ON N1;Siderurgia e Metalurgia;10,33;24/11/2025;7,80;11,42;661.763;10.265.000.000;19.013.300.000;30/09/2025;993706000;-0.67;9.78;1.06;0.53;19.49;0;0;0;0;0;0;0;6.8;0;0;3.9;0;0;0;0;0;87.319.900.000;9.895.550.000;33.463.900.000;18.643.900.000;8.748.360.000;19.368.000.000;1.049.390.000;382.300.000
181;GOAU4;PN N1;METALÚRGICA GERDAU PN N1;Siderurgia e Metalurgia;10,77;24/11/2025;7,55;11,43;66.866.400;10.702.200.000;19.450.600.000;30/09/2025;993706000;1.22;10.20;1.06;0.55;19.49;0;0;0;0;0;0;0;6.8;0;0;3.7;0;0;0;0;0;87.319.900.000;9.895.550.000;33.463.900.000;18.643.900.000;8.748.360.000;19.368.000.000;1.049.390.000;382.300.000
182;GOLL4;PN;GOL LINHAS AEREAS INTELIGENTES SA PN;Transporte;0,79;11/06/2025;0,79;1,72;0;950.650.000.000;963.148.000.000;30/09/2025;1203350000000;0.00;-189.23;0.00;-60.87;-0.01;0;0;0;0;0;0;0;-1.5;0;0;0.0;0;0;0;0;0;26.719.300.000;3.037.860.000;8.371.440.000;15.536.000.000;12.498.200.000;-15.618.800.000;-5.023.680.000;247.842.000
183;GRND3;ON;GRENDENE SA ON;Tecidos, Vestuário e Calçados;4,86;24/11/2025;4,46;5,43;25.436.600;4.384.500.000;3.368.220.000;30/09/2025;902160000;3.86;6.04;0.80;1.08;4.49;0;0;0;0;0;0;0;8.4;0;0;10.4;0;0;0;0;0;4.524.890.000;1.099.980.000;2.761.240.000;83.703.000;-1.016.270.000;4.050.730.000;725.807.000;138.485.000
184;GSHP3;ON NM;Generalshopp ON NM;Exploração de Imóveis;2,81;18/11/2025;2,68;7,03;1.453;5.419.840;2.066.110.000;30/09/2025;1928770;0.00;-0.02;-133.21;0.00;-683.39;0;0;0;0;0;0;0;5.1;0;0;0.0;0;0;0;0;0;1.135.860.000;72.254.000;144.432.000;2.132.950.000;2.060.690.000;-1.318.090.000;-256.934.000;20.657.000
185;GUAR3;ON;GUARARAPES CONFECÇÕES ON;Comércio;10,80;24/11/2025;5,59;11,44;14.108.400;5.391.360.000;6.230.660.000;30/09/2025;499200000;2.18;12.25;0.88;0.97;11.11;0;0;0;0;0;0;0;7.5;0;0;1.1;0;0;0;0;0;13.558.200.000;1.067.670.000;8.506.180.000;1.906.970.000;839.298.000;5.544.320.000;440.126.000;73.584.000
186;HAGA3;ON;HAGA ON;Construção e Engenharia;1,82;24/11/2025;1,68;2,49;4.422;21.658.000;-7.737.340;30/09/2025;11900000;5.81;21.25;0.09;-0.43;-4.22;0;0;0;0;0;0;0;-4.2;0;0;0.0;0;0;0;0;0;69.753.700;50.149.400;62.417.800;20.754.100;-29.395.300;-50.250.200;1.019.270;922.028
187;HAGA4;ON;HAGA ON;Construção e Engenharia;1,18;24/11/2025;1,01;1,32;7.098;14.042.000;-15.353.300;30/09/2025;11900000;2.61;13.78;0.09;-0.28;-4.22;0;0;0;0;0;0;0;-4.2;0;0;0.0;0;0;0;0;0;69.753.700;50.149.400;62.417.800;20.754.100;-29.395.300;-50.250.200;1.019.270;922.028
188;HAPV3;ON NM;HAPVIDA ON NM;Serv.Méd.Hospit. Análises e Diagnósticos;17,13;24/11/2025;17,00;45,75;214.703.000;8.610.070.000;12.462.100.000;30/09/2025;502631000;-1.66;-27.76;-0.62;0.18;96.79;0;0;0;0;0;0;0;1.8;0;0;0.0;0;0;0;0;0;74.469.300.000;9.512.180.000;12.323.400.000;13.364.200.000;3.851.980.000;48.650.300.000;-310.198.000;87.134.000
189;HBOR3;ON;Helbor ON;Construção Civil;2,98;24/11/2025;1,25;4,27;8.795.890;398.876.000;1.927.870.000;30/09/2025;133851000;4.56;9.61;0.31;0.27;10.92;0;0;0;0;0;0;0;2.4;0;0;3.4;0;0;0;0;0;6.584.080.000;326.298.000;2.744.380.000;1.855.300.000;1.529.000.000;1.461.830.000;41.509.000;465.000
190;HBRE3;ON NM;HBR REALTY ON NM;Exploração de Imóveis;4,31;24/11/2025;2,61;5,09;1.925.840;444.745.000;1.923.770.000;30/09/2025;103189000;1.41;49.05;0.09;0.23;18.97;0;0;0;0;0;0;0;5.8;0;0;0.0;0;0;0;0;0;5.000.720.000;127.114.000;503.276.000;1.606.140.000;1.479.030.000;1.957.030.000;9.068.000;-30.046.000
191;HBSA3;ON NM;HIDROVIAS ON NM;Transporte;3,80;24/11/2025;1,66;4,10;12.561.400;5.169.450.000;7.739.960.000;30/09/2025;1360380000;1.88;-22.92;-0.17;2.27;1.67;0;0;0;0;0;0;0;3.6;0;0;0.0;0;0;0;0;0;6.901.090.000;1.133.510.000;2.339.830.000;3.704.020.000;2.570.500.000;2.273.440.000;-225.543.000;116.322.000
192;HBTS5;PNA;CIA HABITASUL PNA;Exploração de Imóveis;30,40;18/11/2025;22,82;32,00;964;277.664.000;529.245.000;30/09/2025;9133690;0.00;6.81;4.46;0.42;72.38;0;0;0;0;0;0;0;-4.7;0;0;19.4;0;0;0;0;0;1.654.100.000;11.469.000;110.498.000;263.050.000;251.581.000;661.094.000;40.748.000;4.992.000
193;HETA4;PN;HERCULES S/A PN;Utilidades Domésticas;5,02;18/11/2025;4,51;6,55;151;2.560.200;327.130.000;30/09/2025;510000;0.00;2.32;2.16;-0.01;-686.42;0;0;0;0;0;0;0;34.2;0;0;0.0;0;0;0;0;0;12.566.000;12.000;2.256.000;324.582.000;324.570.000;-350.075.000;1.103.000;279.000
194;HOOT4;PN;HOTEIS OTHON S.A. PN;Hoteis e Restaurantes;6,10;24/11/2025;2,21;6,10;34.659;112.069.000;74.603.200;30/09/2025;18372000;2.01;1.67;3.66;-3.61;-1.69;0;0;0;0;0;0;0;13.6;0;0;0.0;0;0;0;0;0;527.527.000;37.471.000;106.280.000;5.000;-37.466.000;-31.082.000;67.180.000;3.400.000
195;HYPE3;ON;HYPERA ON;Comércio e Distribuição;25,31;24/11/2025;16,02;27,85;58.072.300;16.031.900.000;23.306.900.000;30/09/2025;633421000;0.52;19.46;1.30;1.31;19.35;0;0;0;0;0;0;0;4.6;0;0;4.6;0;0;0;0;0;25.153.700.000;1.863.760.000;6.287.210.000;9.138.770.000;7.275.010.000;12.254.200.000;823.938.000;457.638.000
196;IFCM3;ON NM;INFRACOMM ON NM;Programas e Serviços;1,82;24/11/2025;1,82;47,02;722.035;214.421.000;554.992.000;30/09/2025;117814000;-4.71;-0.96;-1.89;0.63;2.87;0;0;0;0;0;0;0;-103.5;0;0;0.0;0;0;0;0;0;1.336.840.000;77.602.000;630.570.000;418.173.000;340.571.000;338.323.000;-222.304.000;-79.356.000
197;INEP3;ON;INEPAR S/A ON;Máquinas e Equipamentos;1,21;24/11/2025;1,13;2,54;45.530;59.231.400;972.059.000;30/06/2025;48951500;1.68;-0.14;-8.72;-0.03;-36.59;0;0;0;0;0;0;0;-20.9;0;0;0.0;0;0;0;0;0;440.271.000;11.960.000;154.150.000;924.788.000;912.828.000;-1.791.040.000;-426.944.000;-295.253.000
198;INEP4;PN;INEPAR S/A PN;Máquinas e Equipamentos;1,14;24/11/2025;1,12;2,03;24.328;55.804.800;968.633.000;30/06/2025;48951500;-0.87;-0.13;-8.72;-0.03;-36.59;0;0;0;0;0;0;0;-20.9;0;0;0.0;0;0;0;0;0;440.271.000;11.960.000;154.150.000;924.788.000;912.828.000;-1.791.040.000;-426.944.000;-295.253.000
199;INTB3;ON NM;INTELBRAS ON NM;Computadores e Equipamentos;13,10;24/11/2025;10,90;16,37;26.987.500;4.291.710.000;4.084.490.000;30/09/2025;327611000;2.58;9.08;1.44;1.36;9.63;0;0;0;0;0;0;0;8.5;0;0;3.7;0;0;0;0;0;5.591.370.000;1.255.130.000;4.110.060.000;1.047.920.000;-207.216.000;3.154.380.000;472.738.000;148.059.000
200;IRBR3;ON NM;IRBBRASIL RE ON NM;Previdência e Seguros;48,70;24/11/2025;37,49;57,08;35.447.600;3.985.750.000;-;30/09/2025;81843000;1.04;9.42;5.17;0.75;65.09;0;0;0;0;0;0;0;4.1;0;0;0.0;0;0;0;0;0;15.662.500.000;0;0;0;0;5.327.120.000;423.013.000;0
201;ITSA3;ON N1;ITAÚSA ON N1;Intermediários Financeiros;11,79;24/11/2025;7,99;12,07;1.456.120;129.617.000.000;133.921.000.000;30/09/2025;10993800000;0.68;8.15;1.45;1.40;8.41;0;0;0;0;0;0;0;0.2;0;0;8.4;0;0;0;0;0;113.421.000.000;0;0;0;0;4.304.000.000;185.000.000;78.000.000
202;ITSA4;PN N1;ITAÚSA PN N1;Intermediários Financeiros;11,81;24/11/2025;7,78;12,15;275.161.000;129.837.000.000;134.141.000.000;30/09/2025;10993800000;0.25;8.16;1.45;1.40;8.41;0;0;0;0;0;0;0;0.2;0;0;8.4;0;0;0;0;0;113.421.000.000;0;0;0;0;4.304.000.000;185.000.000;78.000.000
203;ITUB3;ON N1;ITAUUNIBANCO ON N1;Intermediários Financeiros;35,44;24/11/2025;22,37;36,59;19.433.300;382.204.000.000;-;30/09/2025;10784500000;0.51;8.84;4.01;1.84;19.21;0;0;0;0;0;0;0;0.0;0;0;7.4;0;0;0;0;0;469.405.000.000;0;0;0;0;207.181.000.000;43.212.000.000;11.760.000.000
204;ITUB4;PN N1;ITAUUNIBANCO PN N1;Intermediários Financeiros;39,82;24/11/2025;25,50;41,22;772.106.000;429.441.000.000;-;30/09/2025;10784500000;-0.38;9.94;4.01;2.07;19.21;0;0;0;0;0;0;0;0.0;0;0;6.6;0;0;0;0;0;469.405.000.000;0;0;0;0;207.181.000.000;43.212.000.000;11.760.000.000
205;ISAE3;ON;ISA ENERGIA ON;Energia Elétrica;32,61;24/11/2025;28,02;33,00;84.343;21.486.200.000;33.884.500.000;30/09/2025;658883000;0.43;7.35;4.44;1.03;31.73;0;0;0;0;0;0;0;7.5;0;0;7.9;0;0;0;0;0;45.643.800.000;2.420.160.000;7.065.290.000;14.818.500.000;12.398.300.000;20.907.000.000;2.924.930.000;784.821.000
206;ISAE4;PN;ISA ENERGIA PN;Energia Elétrica;27,43;24/11/2025;20,54;27,47;61.922.400;18.073.200.000;30.471.500.000;30/09/2025;658883000;1.18;6.18;4.44;0.86;31.73;0;0;0;0;0;0;0;7.5;0;0;9.4;0;0;0;0;0;45.643.800.000;2.420.160.000;7.065.290.000;14.818.500.000;12.398.300.000;20.907.000.000;2.924.930.000;784.821.000
207;JALL3;ON NM;JALLESMACHAD ON NM;Alimentos Processados;2,91;24/11/2025;2,55;5,32;3.323.010;883.307.000;4.228.700.000;30/09/2025;303542000;-4.90;-10.72;-0.27;0.44;6.62;0;0;0;0;0;0;0;-1.2;0;0;0.0;0;0;0;0;0;7.446.330.000;1.485.910.000;2.841.190.000;4.831.300.000;3.345.390.000;2.008.130.000;-82.390.000;18.918.000
208;JBSS3;ON NM;JBS ON NM;Alimentos Processados;39,03;06/06/2025;28,55;44,69;0;33.886.000.000;122.736.000.000;30/09/2025;868204000;0.00;2.94;13.28;0.74;53.06;0;0;0;0;0;0;0;10.2;0;0;19.6;0;0;0;0;0;234.747.000.000;21.609.900.000;93.727.300.000;110.460.000.000;88.850.200.000;46.068.100.000;11.532.300.000;3.160.740.000
209;JHSF3;ON NM;JHSF Part ON NM;Construção Civil;7,39;24/11/2025;3,40;7,39;23.935.100;5.034.980.000;8.571.820.000;30/09/2025;681323000;3.07;3.89;1.90;0.80;9.23;0;0;0;0;0;0;0;4.9;0;0;5.5;0;0;0;0;0;15.658.300.000;2.194.010.000;5.310.580.000;5.730.860.000;3.536.850.000;6.287.800.000;1.293.390.000;298.871.000
210;JOPA3;ON;JOSAPAR S/A ON;Alimentos Processados;20,11;14/11/2025;19,55;22,36;527;212.804.000;669.300.000;30/09/2025;10582000;0.00;25.05;0.80;0.35;57.65;0;0;0;0;0;0;0;3.7;0;0;3.1;0;0;0;0;0;2.247.990.000;741.430.000;1.624.120.000;1.197.930.000;456.496.000;610.043.000;8.494.000;5.313.000
211;JOPA4;PN;JOSAPAR S/A PN;Alimentos Processados;24,00;10/01/2025;23,10;24,00;0;253.968.000;710.464.000;30/09/2025;10582000;0.00;29.90;0.80;0.42;57.65;0;0;0;0;0;0;0;3.7;0;0;2.9;0;0;0;0;0;2.247.990.000;741.430.000;1.624.120.000;1.197.930.000;456.496.000;610.043.000;8.494.000;5.313.000
212;JSLG3;ON NM;JULIO SIMOES ON NM;Transporte;5,55;24/11/2025;5,05;7,65;3.934.800;1.589.690.000;8.120.000.000;30/09/2025;286431000;1.09;16.89;0.33;0.87;6.41;0;0;0;0;0;0;0;8.3;0;0;7.6;0;0;0;0;0;12.459.100.000;1.692.480.000;4.655.460.000;8.222.790.000;6.530.300.000;1.836.170.000;94.104.000;18.103.000
213;KEPL3;ON;KEPLER WEBER SA ON;Máquinas e Equipamentos;9,44;24/11/2025;6,81;10,48;22.536.700;1.696.560.000;1.684.530.000;30/09/2025;179720000;-2.18;11.96;0.79;2.24;4.21;0;0;0;0;0;0;0;11.9;0;0;5.8;0;0;0;0;0;1.552.760.000;363.862.000;1.016.650.000;351.835.000;-12.027.000;755.919.000;141.900.000;51.570.000
214;KLBN11;UNT N2;KLABIN UNT N2;Madeira e Papel;17,33;24/11/2025;17,05;22,72;97.647.400;21.418.800.000;47.519.200.000;30/09/2025;6179680000;-1.37;11.58;1.50;2.09;8.28;0;0;0;0;0;0;0;7.9;0;0;5.8;0;0;0;0;0;62.163.700.000;9.725.680.000;16.586.900.000;35.826.100.000;26.100.400.000;10.239.100.000;1.848.890.000;477.884.000
215;KLBN3;ON N2;KLABIN ON N2;Madeira e Papel;3,49;24/11/2025;3,44;4,77;2.681.410;21.567.100.000;47.667.500.000;30/09/2025;6179680000;-1.97;11.66;0.30;2.11;1.66;0;0;0;0;0;0;0;7.9;0;0;5.7;0;0;0;0;0;62.163.700.000;9.725.680.000;16.586.900.000;35.826.100.000;26.100.400.000;10.239.100.000;1.848.890.000;477.884.000
216;KLBN4;PN N2;KLABIN PN N2;Madeira e Papel;3,48;24/11/2025;3,39;4,49;13.655.000;21.505.300.000;47.605.700.000;30/09/2025;6179680000;-1.69;11.63;0.30;2.10;1.66;0;0;0;0;0;0;0;7.9;0;0;5.7;0;0;0;0;0;62.163.700.000;9.725.680.000;16.586.900.000;35.826.100.000;26.100.400.000;10.239.100.000;1.848.890.000;477.884.000
217;KRSA3;ON NM;KORA SAUDE ON NM;Serv.Méd.Hospit. Análises e Diagnósticos;8,87;14/04/2025;5,97;8,92;0;685.960.000;3.668.620.000;30/09/2025;77334800;0.00;-2.03;-4.36;1.20;7.41;0;0;0;0;0;0;0;5.0;0;0;0.0;0;0;0;0;0;4.968.410.000;292.123.000;1.587.730.000;3.274.790.000;2.982.660.000;573.172.000;-337.561.000;-81.433.000
218;LAVV3;ON NM;LAVVI ON NM;Construção Civil;16,40;24/11/2025;6,34;16,40;7.893.880;3.205.120.000;3.287.710.000;30/09/2025;195434000;0.37;7.46;2.20;2.08;7.89;0;0;0;0;0;0;0;10.5;0;0;8.0;0;0;0;0;0;4.015.730.000;811.911.000;3.122.030.000;894.499.000;82.588.000;1.542.630.000;429.383.000;103.959.000
219;LEVE3;ON;MAHLE METAL LEVE ON;Automóveis e Motocicletas;33,99;24/11/2025;24,17;34,42;11.000.500;4.606.970.000;5.519.590.000;30/09/2025;135539000;2.91;7.90;4.30;5.25;6.47;0;0;0;0;0;0;0;22.3;0;0;8.0;0;0;0;0;0;3.939.110.000;588.372.000;2.517.160.000;1.500.990.000;912.620.000;876.909.000;583.272.000;187.247.000
220;LIGT3;ON;LIGHT SA ON;Energia Elétrica;5,36;24/11/2025;3,69;7,30;7.280.480;1.996.900.000;8.884.310.000;30/09/2025;372555000;0.94;0.87;6.16;0.36;15.09;0;0;0;0;0;0;0;5.6;0;0;0.0;0;0;0;0;0;25.743.900.000;2.641.510.000;5.831.190.000;9.528.930.000;6.887.410.000;5.622.130.000;2.295.590.000;32.617.000
221;LIPR3;ON;LIGHTPAR ON;Energia Elétrica;36,01;27/05/2025;36,01;40,65;0;423.658.000;354.345.000;31/03/2025;11765000;0.00;16.64;2.16;1.82;19.74;0;0;0;0;0;0;0;-3.1;0;0;3.9;0;0;0;0;0;248.334.000;69.313.000;76.009.000;0;-69.313.000;232.276.000;25.463.000;5.491.000
222;LJQQ3;ON NM;QUERO-QUERO ON NM;Comércio;2,07;24/11/2025;1,88;3,30;6.162.770;403.801.000;432.430.000;30/09/2025;195073000;0.00;-3.57;-0.58;0.90;2.30;0;0;0;0;0;0;0;-0.7;0;0;5.9;0;0;0;0;0;3.666.740.000;530.879.000;2.656.850.000;559.508.000;28.629.000;448.152.000;-113.001.000;-42.143.000
223;LOGG3;ON NM;LOG COM PROP ON NM;Exploração de Imóveis;24,06;24/11/2025;15,98;24,85;7.912.940;2.113.890.000;4.046.560.000;30/09/2025;87859000;0.92;5.51;4.37;0.55;43.62;0;0;0;0;0;0;0;2.4;0;0;10.4;0;0;0;0;0;7.160.500.000;592.783.000;1.267.510.000;2.525.450.000;1.932.670.000;3.832.180.000;383.903.000;111.255.000
224;LOGN3;ON NM;Log-In ON NM;Transporte;34,00;24/11/2025;19,60;34,48;958.584;3.648.420.000;5.069.710.000;30/09/2025;107306000;-0.15;29.97;1.13;3.42;9.93;0;0;0;0;0;0;0;7.5;0;0;0.0;0;0;0;0;0;3.991.900.000;269.343.000;1.095.750.000;1.690.630.000;1.421.290.000;1.065.780.000;121.748.000;19.208.000
225;LPSB3;ON NM;LOPES BRASIL ON NM;Exploração de Imóveis;1,80;24/11/2025;1,04;1,80;270.629;265.598.000;177.953.000;30/09/2025;147555000;0.00;6.57;0.27;1.02;1.76;0;0;0;0;0;0;0;10.3;0;0;4.0;0;0;0;0;0;413.852.000;87.645.000;133.433.000;0;-87.645.000;260.103.000;40.435.000;17.324.000
226;LREN3;ON;RENNER ON;Comércio;15,10;24/11/2025;10,45;19,27;242.872.000;16.003.500.000;14.743.200.000;30/09/2025;1059840000;-0.59;11.50;1.31;1.58;9.57;0;0;0;0;0;0;0;19.0;0;0;5.2;0;0;0;0;0;18.348.700.000;1.634.170.000;10.617.400.000;373.879.000;-1.260.290.000;10.143.100.000;1.392.090.000;279.395.000
227;LUPA3;ON NM;LUPATECH ON NM;Petróleo, Gás e Biocombustíveis;0,86;24/11/2025;0,86;1,47;75.791;40.151.700;211.582.000;30/09/2025;46688000;0.00;-3.94;-0.22;0.35;2.43;0;0;0;0;0;0;0;-6.1;0;0;0.0;0;0;0;0;0;488.897.000;1.385.000;133.022.000;172.815.000;171.430.000;113.324.000;-10.202.000;5.120.000
228;LUXM4;PN;TREVISA INVESTIMENTOS SA PN;Transporte;4,01;24/11/2025;3,09;6,22;48.177;166.688.000;162.845.000;30/09/2025;41568000;-1.72;4.00;1.00;0.99;4.03;0;0;0;0;0;0;0;11.7;0;0;2.9;0;0;0;0;0;232.840.000;22.614.000;47.041.000;18.771.000;-3.843.000;167.560.000;41.641.000;7.140.000
229;LWSA3;ON NM;LOCAWEB ON NM;Programas e Serviços;4,17;24/11/2025;2,55;4,61;14.778.200;2.360.220.000;2.058.490.000;30/09/2025;565999000;2.71;-8.59;-0.49;0.97;4.31;0;0;0;0;0;0;0;3.6;0;0;1.2;0;0;0;0;0;3.601.780.000;380.847.000;1.290.430.000;79.117.000;-301.730.000;2.438.600.000;-274.698.000;-287.827.000
230;MAPT4;PN;CIA MARCOPOLO PN;Outros;3,90;13/11/2025;2,50;5,51;416;3.584.100;3.584.100;30/09/2025;919000;0.00;-33.81;-0.12;-0.55;-7.08;0;0;0;0;0;0;0;-11.5;0;0;0.0;0;0;0;0;0;773.000;0;0;0;0;-6.504.000;-106.000;-2.000
231;MATD3;ON NM;MATER DEI ON NM;Serv.Méd.Hospit. Análises e Diagnósticos;4,69;24/11/2025;3,42;4,95;888.124;1.564.340.000;2.275.650.000;30/09/2025;333549000;-1.26;19.24;0.24;1.07;4.39;0;0;0;0;0;0;0;7.6;0;0;1.6;0;0;0;0;0;4.400.940.000;679.543.000;1.562.930.000;1.390.850.000;711.305.000;1.462.810.000;81.309.000;26.865.000
232;MDIA3;ON NM;M.DIASBRANCO ON NM;Alimentos Processados;25,07;24/11/2025;18,77;29,56;22.623.700;8.498.730.000;7.831.340.000;30/09/2025;339000000;-2.30;12.53;2.00;1.02;24.50;0;0;0;0;0;0;0;7.3;0;0;3.0;0;0;0;0;0;13.075.000.000;2.534.910.000;6.333.430.000;1.867.520.000;-667.392.000;8.306.230.000;678.365.000;216.077.000
233;MDNE3;ON NM;MOURA DUBEUX ON NM;Construção Civil;29,50;24/11/2025;9,70;30,20;22.436.900;2.504.820.000;2.751.300.000;30/09/2025;84909000;3.51;7.08;4.16;1.38;21.33;0;0;0;0;0;0;0;7.2;0;0;4.0;0;0;0;0;0;5.489.810.000;562.397.000;2.711.150.000;808.879.000;246.482.000;1.811.090.000;353.626.000;117.826.000
234;MEAL3;ON NM;IMC S/A ON NM;Hoteis e Restaurantes;1,23;24/11/2025;0,91;1,44;224.469;352.613.000;617.653.000;30/09/2025;286677000;0.00;-2.42;-0.51;0.39;3.15;0;0;0;0;0;0;0;-2.0;0;0;0.0;0;0;0;0;0;2.285.740.000;203.637.000;380.213.000;468.677.000;265.040.000;901.644.000;-145.869.000;-27.010.000
235;MELK3;ON NM;MELNICK ON NM;Construção Civil;3,77;24/11/2025;2,45;4,18;1.922.560;777.635.000;928.069.000;30/09/2025;206269000;0.27;7.27;0.52;0.71;5.32;0;0;0;0;0;0;0;4.9;0;0;31.1;0;0;0;0;0;2.692.110.000;364.806.000;1.971.590.000;515.240.000;150.434.000;1.097.540.000;106.991.000;25.048.000
236;MERC3;ON;MERCANTIL BRASIL ON;Intermediários Financeiros;15,28;10/11/2025;15,28;15,28;36;626.404.000;-;30/09/2025;40995000;0.00;17.12;0.89;1.04;14.66;0;0;0;0;0;0;0;0.0;0;0;1.0;0;0;0;0;0;639.709.000;0;0;0;0;600.831.000;36.581.000;10.414.000
237;MERC4;PN;MERCANTIL BRASIL PN;Intermediários Financeiros;12,50;24/11/2025;8,52;13,50;2.896;512.438.000;-;30/09/2025;40995000;-3.85;14.01;0.89;0.85;14.66;0;0;0;0;0;0;0;0.0;0;0;4.2;0;0;0;0;0;639.709.000;0;0;0;0;600.831.000;36.581.000;10.414.000
238;MGEL4;PN N1;MANGELS PN N1;Siderurgia e Metalurgia;6,00;24/11/2025;3,96;8,90;14.492;34.699.300;577.896.000;30/09/2025;5783210;5.45;3.94;1.52;1.12;5.35;0;0;0;0;0;0;0;10.8;0;0;0.0;0;0;0;0;0;750.073.000;33.113.000;324.066.000;576.310.000;543.197.000;30.957.000;8.814.000;10.159.000
239;MGLU3;ON NM;MAGAZ LUIZA ON NM;Comércio;9,90;24/11/2025;5,64;11,45;202.743.000;7.316.050.000;11.684.000.000;30/09/2025;738995000;2.80;19.89;0.50;0.66;15.10;0;0;0;0;0;0;0;4.9;0;0;3.1;0;0;0;0;0;37.222.000.000;1.579.950.000;19.241.500.000;5.947.930.000;4.367.980.000;11.160.100.000;367.818.000;84.585.000
240;MILS3;ON NM;MILLS ON NM;Diversos;12,69;24/11/2025;7,90;13,45;13.757.000;2.971.720.000;4.357.390.000;30/09/2025;234178000;1.36;9.97;1.27;1.77;7.17;0;0;0;0;0;0;0;14.0;0;0;5.5;0;0;0;0;0;4.479.350.000;913.438.000;1.705.800.000;2.299.110.000;1.385.670.000;1.678.720.000;297.960.000;67.339.000
241;MLAS3;ON NM;MULTILASER ON NM;Computadores e Equipamentos;1,16;24/11/2025;0,89;1,51;1.990.220;951.825.000;982.668.000;30/09/2025;820539000;-0.85;-18.49;-0.06;0.31;3.70;0;0;0;0;0;0;0;-0.8;0;0;0.0;0;0;0;0;0;5.284.920.000;470.337.000;3.678.560.000;501.179.000;30.842.000;3.036.010.000;-51.467.000;65.614.000
242;MNDL3;ON;MUNDIAL S/A ON;Tecidos, Vestuário e Calçados;18,04;24/11/2025;15,79;20,00;25.713;178.975.000;694.486.000;30/09/2025;9921000;-1.90;-7.35;-2.46;1.30;13.87;0;0;0;0;0;0;0;6.2;0;0;0.0;0;0;0;0;0;1.435.500.000;4.579.000;602.721.000;520.090.000;515.511.000;137.573.000;-24.364.000;-11.175.000
243;MNPR3;ON;MINUPAR ON;Alimentos Processados;5,22;24/11/2025;1,82;5,78;152.219;370.625.000;251.358.000;30/09/2025;71001000;0.77;0.71;7.33;1.84;2.84;0;0;0;0;0;0;0;17.6;0;0;0.0;0;0;0;0;0;441.203.000;119.267.000;233.217.000;0;-119.267.000;201.583.000;520.772.000;10.132.000
244;MOAR3;ON;MONTEIRO ARANHA ON;Holdings Diversificadas;83,65;24/11/2025;69,49;369,54;165.381;1.024.800.000;589.992.000;30/09/2025;12251000;8.65;32.13;2.60;1.11;75.49;0;0;0;0;0;0;0;-1.2;0;0;65.9;0;0;0;0;0;2.218.610.000;1.277.180.000;1.347.400.000;842.371.000;-434.804.000;924.791.000;31.891.000;30.304.000
245;MOTV3;ON;MOTIVA SA ON;Transporte;15,94;24/11/2025;9,81;16,33;157.796.000;32.198.800.000;64.752.000.000;30/09/2025;2020000000;1.79;11.14;1.43;2.07;7.70;0;0;0;0;0;0;0;11.0;0;0;2.1;0;0;0;0;0;67.325.600.000;7.710.410.000;11.613.800.000;40.263.600.000;32.553.200.000;15.545.900.000;2.891.680.000;1.231.530.000
246;MOVI3;ON NM;MOVIDA ON NM;Diversos;10,43;24/11/2025;3,33;10,71;33.228.500;3.628.920.000;18.983.300.000;30/09/2025;347931000;3.57;13.04;0.80;1.30;8.01;0;0;0;0;0;0;0;11.3;0;0;1.8;0;0;0;0;0;29.641.600.000;3.316.900.000;7.260.530.000;18.671.300.000;15.354.400.000;2.788.630.000;278.191.000;69.955.000
