Acao;Data;Hora;Descrição;Link
UCAS3;29/07/2026;09:11;Período de Silêncio 2T26;https://www.rad.cvm.gov.br/ENET/frmDownloadDocumento.aspx?Tela=ext&numProtocolo=1549084&descTipo=IPE&CodigoInstituicao=1
UCAS3;01/06/2026;20:30;Declaração de Aquisição de Participação Acionária Relevante ;https://www.rad.cvm.gov.br/ENET/frmDownloadDocumento.aspx?Tela=ext&numProtocolo=1529544&descTipo=IPE&CodigoInstituicao=1
UCAS3;29/05/2026;08:10;Abertura flagship da Dell Anno;https://www.rad.cvm.gov.br/ENET/frmDownloadDocumento.aspx?Tela=ext&numProtocolo=1528285&descTipo=IPE&CodigoInstituicao=1
UCAS3;29/04/2026;16:39;Período de Silêncio 1T26;https://www.rad.cvm.gov.br/ENET/frmDownloadDocumento.aspx?Tela=ext&numProtocolo=1510932&descTipo=IPE&CodigoInstituicao=1
UCAS3;11/03/2026;08:19;Período de Silêncio 4T25;https://www.rad.cvm.gov.br/ENET/frmDownloadDocumento.aspx?Tela=ext&numProtocolo=1488708&descTipo=IPE&CodigoInstituicao=1
UCAS3;11/12/2025;20:51;Programa FINAME Materiais ;https://www.rad.cvm.gov.br/ENET/frmDownloadDocumento.aspx?Tela=ext&numProtocolo=1456417&descTipo=IPE&CodigoInstituicao=1
UCAS3;30/10/2025;09:25;Período de Silêncio 3T25;https://www.rad.cvm.gov.br/ENET/frmDownloadDocumento.aspx?Tela=ext&numProtocolo=1437306&descTipo=IPE&CodigoInstituicao=1
UCAS3;15/10/2025;08:37;Aprovação BNDES Brasil Soberano ;https://www.rad.cvm.gov.br/ENET/frmDownloadDocumento.aspx?Tela=ext&numProtocolo=1432803&descTipo=IPE&CodigoInstituicao=1
UCAS3;29/07/2025;10:04;Período de Silêncio 2T25;https://www.rad.cvm.gov.br/ENET/frmDownloadDocumento.aspx?Tela=ext&numProtocolo=1404783&descTipo=IPE&CodigoInstituicao=1
UCAS3;02/06/2025;18:17;Renúncia do Diretor Industrial;https://www.rad.cvm.gov.br/ENET/frmDownloadDocumento.aspx?Tela=ext&numProtocolo=1385782&descTipo=IPE&CodigoInstituicao=1
UCAS3;30/04/2025;17:22;Dividendos/Juros sobre Capital Próprio;https://www.rad.cvm.gov.br/ENET/frmDownloadDocumento.aspx?Tela=ext&numProtocolo=1368943&descTipo=IPE&CodigoInstituicao=1
UCAS3;29/04/2025;08:11;Período de Silêncio 1T25;https://www.rad.cvm.gov.br/ENET/frmDownloadDocumento.aspx?Tela=ext&numProtocolo=1366855&descTipo=IPE&CodigoInstituicao=1
UCAS3;11/03/2025;08:06;Período de Silêncio 4T24;https://www.rad.cvm.gov.br/ENET/frmDownloadDocumento.aspx?Tela=ext&numProtocolo=1345212&descTipo=IPE&CodigoInstituicao=1
UCAS3;02/12/2024;18:28;Dividendos/Juros sobre Capital Próprio;https://www.rad.cvm.gov.br/ENET/frmDownloadDocumento.aspx?Tela=ext&numProtocolo=1310163&descTipo=IPE&CodigoInstituicao=1
UCAS3;30/10/2024;10:29;Período de Silêncio 3T24;https://www.rad.cvm.gov.br/ENET/frmDownloadDocumento.aspx?Tela=ext&numProtocolo=1296035&descTipo=IPE&CodigoInstituicao=1
UCAS3;29/08/2024;18:27;1º (primeira) emissão de notas comerciais escriturais em série única;https://www.rad.cvm.gov.br/ENET/frmDownloadDocumento.aspx?Tela=ext&numProtocolo=1276924&descTipo=IPE&CodigoInstituicao=1
UCAS3;29/08/2024;18:27;Transação com parte relacionada;https://www.rad.cvm.gov.br/ENET/frmDownloadDocumento.aspx?Tela=ext&numProtocolo=1276927&descTipo=IPE&CodigoInstituicao=1
UCAS3;26/07/2024;15:29;Período de Silêncio 2T24;https://www.rad.cvm.gov.br/ENET/frmDownloadDocumento.aspx?Tela=ext&numProtocolo=1263239&descTipo=IPE&CodigoInstituicao=1
UCAS3;26/07/2024;09:59;Período de Silêncio 2T24;https://www.rad.cvm.gov.br/ENET/frmDownloadDocumento.aspx?Tela=ext&numProtocolo=1263088&descTipo=IPE&CodigoInstituicao=1
UCAS3;30/04/2024;14:02;Dividendos/Juros sobre Capital Próprio;https://www.rad.cvm.gov.br/ENET/frmDownloadDocumento.aspx?Tela=ext&numProtocolo=1229321&descTipo=IPE&CodigoInstituicao=1
UCAS3;29/04/2024;14:56;Dividendos/Juros sobre Capital Próprio;https://www.rad.cvm.gov.br/ENET/frmDownloadDocumento.aspx?Tela=ext&numProtocolo=1228058&descTipo=IPE&CodigoInstituicao=1
UCAS3;26/04/2024;10:07;Período de Silêncio 1T24;https://www.rad.cvm.gov.br/ENET/frmDownloadDocumento.aspx?Tela=ext&numProtocolo=1226836&descTipo=IPE&CodigoInstituicao=1
UCAS3;03/04/2024;15:36;Reapresentação do Boletim de Voto para Assembleia Geral Extraordinária;https://www.rad.cvm.gov.br/ENET/frmDownloadDocumento.aspx?Tela=ext&numProtocolo=1217574&descTipo=IPE&CodigoInstituicao=1
UCAS3;28/02/2024;10:15;Período de Silêncio 4T23;https://www.rad.cvm.gov.br/ENET/frmDownloadDocumento.aspx?Tela=ext&numProtocolo=1200314&descTipo=IPE&CodigoInstituicao=1
UCAS3;01/12/2023;09:58;Dividendos/Juros sobre Capital Próprio;https://www.rad.cvm.gov.br/ENET/frmDownloadDocumento.aspx?Tela=ext&numProtocolo=1168073&descTipo=IPE&CodigoInstituicao=1
UCAS3;31/10/2023;08:04;Aprovação Finep-Continuação;https://www.rad.cvm.gov.br/ENET/frmDownloadDocumento.aspx?Tela=ext&numProtocolo=1155897&descTipo=IPE&CodigoInstituicao=1
UCAS3;27/10/2023;08:44;Período de Silêncio 3T23;https://www.rad.cvm.gov.br/ENET/frmDownloadDocumento.aspx?Tela=ext&numProtocolo=1154929&descTipo=IPE&CodigoInstituicao=1
UCAS3;12/09/2023;19:54;Aprovação Finep;https://www.rad.cvm.gov.br/ENET/frmDownloadDocumento.aspx?Tela=ext&numProtocolo=1142746&descTipo=IPE&CodigoInstituicao=1
UCAS3;28/07/2023;08:08;Período de Silêncio 2T23;https://www.rad.cvm.gov.br/ENET/frmDownloadDocumento.aspx?Tela=ext&numProtocolo=1126346&descTipo=IPE&CodigoInstituicao=1
UCAS3;28/04/2023;17:37;Dividendos/Juros sobre Capital Próprio;https://www.rad.cvm.gov.br/ENET/frmDownloadDocumento.aspx?Tela=ext&numProtocolo=1093028&descTipo=IPE&CodigoInstituicao=1
UCAS3;20/04/2023;09:58;Período de Silêncio 1T23;https://www.rad.cvm.gov.br/ENET/frmDownloadDocumento.aspx?Tela=ext&numProtocolo=1088033&descTipo=IPE&CodigoInstituicao=1
UCAS3;22/02/2023;08:56;Período de Silêncio 4T22;https://www.rad.cvm.gov.br/ENET/frmDownloadDocumento.aspx?Tela=ext&numProtocolo=1063873&descTipo=IPE&CodigoInstituicao=1
UCAS3;01/12/2022;18:11;Dividendos/Juros sobre Capital Próprio;https://www.rad.cvm.gov.br/ENET/frmDownloadDocumento.aspx?Tela=ext&numProtocolo=1037326&descTipo=IPE&CodigoInstituicao=1
UCAS3;28/10/2022;19:36;Adesão Fundopem-continuação;https://www.rad.cvm.gov.br/ENET/frmDownloadDocumento.aspx?Tela=ext&numProtocolo=1025874&descTipo=IPE&CodigoInstituicao=1
UCAS3;26/10/2022;09:03;Período de Silêncio 3T22;https://www.rad.cvm.gov.br/ENET/frmDownloadDocumento.aspx?Tela=ext&numProtocolo=1024526&descTipo=IPE&CodigoInstituicao=1
UCAS3;24/10/2022;18:11;Adesão Fundopem;https://www.rad.cvm.gov.br/ENET/frmDownloadDocumento.aspx?Tela=ext&numProtocolo=1023994&descTipo=IPE&CodigoInstituicao=1
UCAS3;11/08/2022;18:47;Fato Relevante - Crédito tributário sobre a inflação no Rendimento Aplicação Financeira (continuação);https://www.rad.cvm.gov.br/ENET/frmDownloadDocumento.aspx?Tela=ext&numProtocolo=1006960&descTipo=IPE&CodigoInstituicao=1
UCAS3;11/08/2022;18:25;Fato Relevante - Crédito tributário sobre a inflação no Rendimento Aplicação Financeira (continuação);https://www.rad.cvm.gov.br/ENET/frmDownloadDocumento.aspx?Tela=ext&numProtocolo=1006878&descTipo=IPE&CodigoInstituicao=1
UCAS3;27/07/2022;11:45;Período de Silêncio 2T22;https://www.rad.cvm.gov.br/ENET/frmDownloadDocumento.aspx?Tela=ext&numProtocolo=1000609&descTipo=IPE&CodigoInstituicao=1
UCAS3;27/07/2022;09:00;Período de Silêncio 2T22;https://www.rad.cvm.gov.br/ENET/frmDownloadDocumento.aspx?Tela=ext&numProtocolo=1000534&descTipo=IPE&CodigoInstituicao=1
UCAS3;27/07/2022;08:49;Período de Silêncio 2T22;https://www.rad.cvm.gov.br/ENET/frmDownloadDocumento.aspx?Tela=ext&numProtocolo=1000525&descTipo=IPE&CodigoInstituicao=1
UCAS3;03/06/2022;18:22;Fato Relevante - Crédito tributário sobre a inflação no Rendimento Aplicação Financeira;https://www.rad.cvm.gov.br/ENET/frmDownloadDocumento.aspx?Tela=ext&numProtocolo=987745&descTipo=IPE&CodigoInstituicao=1
UCAS3;28/04/2022;18:19;Dividendos/Juros sobre Capital Próprio;https://www.rad.cvm.gov.br/ENET/frmDownloadDocumento.aspx?Tela=ext&numProtocolo=972500&descTipo=IPE&CodigoInstituicao=1
UCAS3;27/04/2022;09:30;Período de Silêncio 1T22;https://www.rad.cvm.gov.br/ENET/frmDownloadDocumento.aspx?Tela=ext&numProtocolo=971114&descTipo=IPE&CodigoInstituicao=1
UCAS3;22/03/2022;20:19;Processo PIS/COFINS;https://www.rad.cvm.gov.br/ENET/frmDownloadDocumento.aspx?Tela=ext&numProtocolo=956968&descTipo=IPE&CodigoInstituicao=1
UCAS3;10/03/2022;18:14;Renúncia e Eleição do Diretor Financeiro e de RI;https://www.rad.cvm.gov.br/ENET/frmDownloadDocumento.aspx?Tela=ext&numProtocolo=952534&descTipo=IPE&CodigoInstituicao=1
UCAS3;26/01/2022;13:57;Esclarecimento de danos do temporal;https://www.rad.cvm.gov.br/ENET/frmDownloadDocumento.aspx?Tela=ext&numProtocolo=935592&descTipo=IPE&CodigoInstituicao=1
UCAS3;26/01/2022;09:22;Esclarecimento de danos do temporal;https://www.rad.cvm.gov.br/ENET/frmDownloadDocumento.aspx?Tela=ext&numProtocolo=935530&descTipo=IPE&CodigoInstituicao=1
UCAS3;17/12/2021;10:32;Dividendos/Juros sobre Capital Próprio;https://www.rad.cvm.gov.br/ENET/frmDownloadDocumento.aspx?Tela=ext&numProtocolo=926843&descTipo=IPE&CodigoInstituicao=1
UCAS3;13/12/2021;18:10;Dividendos/Juros sobre Capital Próprio;https://www.rad.cvm.gov.br/ENET/frmDownloadDocumento.aspx?Tela=ext&numProtocolo=925533&descTipo=IPE&CodigoInstituicao=1
UCAS3;11/11/2021;16:43;Mudança de Auditor;https://www.rad.cvm.gov.br/ENET/frmDownloadDocumento.aspx?Tela=ext&numProtocolo=916084&descTipo=IPE&CodigoInstituicao=1
UCAS3;26/10/2021;08:28;Período de Silêncio 3T21;https://www.rad.cvm.gov.br/ENET/frmDownloadDocumento.aspx?Tela=ext&numProtocolo=910050&descTipo=IPE&CodigoInstituicao=1
UCAS3;20/07/2021;07:34;Período de Silêncio 2T21;https://www.rad.cvm.gov.br/ENET/frmDownloadDocumento.aspx?Tela=ext&numProtocolo=884964&descTipo=IPE&CodigoInstituicao=1
UCAS3;31/05/2021;08:23;Aprovação de proposta de aquisição de máquinas e equipamentos ;https://www.rad.cvm.gov.br/ENET/frmDownloadDocumento.aspx?Tela=ext&numProtocolo=872236&descTipo=IPE&CodigoInstituicao=1
UCAS3;28/05/2021;18:14;Aprovação de proposta de aquisição de máquinas e equipamentos ;https://www.rad.cvm.gov.br/ENET/frmDownloadDocumento.aspx?Tela=ext&numProtocolo=872003&descTipo=IPE&CodigoInstituicao=1
UCAS3;28/04/2021;08:56;Dividendos/Juros sobre Capital Próprio;https://www.rad.cvm.gov.br/ENET/frmDownloadDocumento.aspx?Tela=ext&numProtocolo=858233&descTipo=IPE&CodigoInstituicao=1
UCAS3;27/04/2021;15:53;Dividendos/Juros sobre Capital Próprio;https://www.rad.cvm.gov.br/ENET/frmDownloadDocumento.aspx?Tela=ext&numProtocolo=857805&descTipo=IPE&CodigoInstituicao=1
UCAS3;20/04/2021;14:51;Reapresentação de Proposta de Administração;https://www.rad.cvm.gov.br/ENET/frmDownloadDocumento.aspx?Tela=ext&numProtocolo=855444&descTipo=IPE&CodigoInstituicao=1
UCAS3;20/04/2021;12:17;Período de Silêncio 1T21;https://www.rad.cvm.gov.br/ENET/frmDownloadDocumento.aspx?Tela=ext&numProtocolo=855378&descTipo=IPE&CodigoInstituicao=1
UCAS3;24/02/2021;08:18;Período de Silêncio 4T20;https://www.rad.cvm.gov.br/ENET/frmDownloadDocumento.aspx?Tela=ext&numProtocolo=835029&descTipo=IPE&CodigoInstituicao=1
UCAS3;22/02/2021;07:32;Continuidade de ações na Pandemia;https://www.rad.cvm.gov.br/ENET/frmDownloadDocumento.aspx?Tela=ext&numProtocolo=833992&descTipo=IPE&CodigoInstituicao=1
UCAS3;12/11/2020;18:13;Alteração de escriturador;https://www.rad.cvm.gov.br/ENET/frmDownloadDocumento.aspx?Tela=ext&numProtocolo=808076&descTipo=IPE&CodigoInstituicao=1
UCAS3;28/10/2020;08:30;Período de Silêncio 3T20;https://www.rad.cvm.gov.br/ENET/frmDownloadDocumento.aspx?Tela=ext&numProtocolo=803433&descTipo=IPE&CodigoInstituicao=1
UCAS3;22/10/2020;18:05;Celebração, Alteração ou Rescisão de Acordo de Acionistas;https://www.rad.cvm.gov.br/ENET/frmDownloadDocumento.aspx?Tela=ext&numProtocolo=802352&descTipo=IPE&CodigoInstituicao=1
UCAS3;22/07/2020;08:50;Período de Silêncio 2T20;https://www.rad.cvm.gov.br/ENET/frmDownloadDocumento.aspx?Tela=ext&numProtocolo=777602&descTipo=IPE&CodigoInstituicao=1
UCAS3;09/07/2020;18:40;Continuidade das ações em relação à pandemia;https://www.rad.cvm.gov.br/ENET/frmDownloadDocumento.aspx?Tela=ext&numProtocolo=775130&descTipo=IPE&CodigoInstituicao=1
UCAS3;25/06/2020;18:03;Continuidade das ações em relação à pandemia;https://www.rad.cvm.gov.br/ENET/frmDownloadDocumento.aspx?Tela=ext&numProtocolo=771429&descTipo=IPE&CodigoInstituicao=1
UCAS3;18/05/2020;18:09;Comunicado de ações devido COVID-19;https://www.rad.cvm.gov.br/ENET/frmDownloadDocumento.aspx?Tela=ext&numProtocolo=762625&descTipo=IPE&CodigoInstituicao=1
UCAS3;13/05/2020;10:02;Período de Silêncio 1T20;https://www.rad.cvm.gov.br/ENET/frmDownloadDocumento.aspx?Tela=ext&numProtocolo=761472&descTipo=IPE&CodigoInstituicao=1
UCAS3;08/04/2020;18:57;"Cancelamento da Assembleia Geral Ordinária; Continuidade Ações Covid-19";https://www.rad.cvm.gov.br/ENET/frmDownloadDocumento.aspx?Tela=ext&numProtocolo=752955&descTipo=IPE&CodigoInstituicao=1
UCAS3;20/03/2020;09:19;Ações para evitar a proliferação do COVID-19;https://www.rad.cvm.gov.br/ENET/frmDownloadDocumento.aspx?Tela=ext&numProtocolo=747006&descTipo=IPE&CodigoInstituicao=1
UCAS3;26/02/2020;09:57;Período de Silêncio 4T19;https://www.rad.cvm.gov.br/ENET/frmDownloadDocumento.aspx?Tela=ext&numProtocolo=740672&descTipo=IPE&CodigoInstituicao=1
UCAS3;10/12/2019;07:16;Redução de Participação Acionária;https://www.rad.cvm.gov.br/ENET/frmDownloadDocumento.aspx?Tela=ext&numProtocolo=725296&descTipo=IPE&CodigoInstituicao=1
UCAS3;03/12/2019;16:30;"Redução do Capital; Atualização do Estatuto Social";https://www.rad.cvm.gov.br/ENET/frmDownloadDocumento.aspx?Tela=ext&numProtocolo=723904&descTipo=IPE&CodigoInstituicao=1
UCAS3;13/11/2019;19:06;Redução de Capital;https://www.rad.cvm.gov.br/ENET/frmDownloadDocumento.aspx?Tela=ext&numProtocolo=721413&descTipo=IPE&CodigoInstituicao=1
UCAS3;29/10/2019;08:40;Período de Silêncio 3T19;https://www.rad.cvm.gov.br/ENET/frmDownloadDocumento.aspx?Tela=ext&numProtocolo=717873&descTipo=IPE&CodigoInstituicao=1
UCAS3;22/07/2019;08:44;Período de Silêncio 2T19;https://www.rad.cvm.gov.br/ENET/frmDownloadDocumento.aspx?Tela=ext&numProtocolo=701146&descTipo=IPE&CodigoInstituicao=1
UCAS3;09/05/2019;18:37;Alteração de membro de Conselho e mesa Diretora;https://www.rad.cvm.gov.br/ENET/frmDownloadDocumento.aspx?Tela=ext&numProtocolo=689139&descTipo=IPE&CodigoInstituicao=1
UCAS3;24/04/2019;11:40;Período de Silêncio 1T19;https://www.rad.cvm.gov.br/ENET/frmDownloadDocumento.aspx?Tela=ext&numProtocolo=681416&descTipo=IPE&CodigoInstituicao=1
UCAS3;28/03/2019;18:12;"Eleição de membro para o Conselho de Administração; Eleição de Diretor Presidente Interino";https://www.rad.cvm.gov.br/ENET/frmDownloadDocumento.aspx?Tela=ext&numProtocolo=674577&descTipo=IPE&CodigoInstituicao=1
UCAS3;24/03/2019;12:41;Falecimento CEO;https://www.rad.cvm.gov.br/ENET/frmDownloadDocumento.aspx?Tela=ext&numProtocolo=673016&descTipo=IPE&CodigoInstituicao=1
UCAS3;27/02/2019;08:25;Periodo de Silêncio 4T18;https://www.rad.cvm.gov.br/ENET/frmDownloadDocumento.aspx?Tela=ext&numProtocolo=667648&descTipo=IPE&CodigoInstituicao=1
UCAS3;29/10/2018;10:38;Periodo de Silêncio 3T18;https://www.rad.cvm.gov.br/ENET/frmDownloadDocumento.aspx?Tela=ext&numProtocolo=647602&descTipo=IPE&CodigoInstituicao=1
UCAS3;23/08/2018;10:13;Celebração ou Extinção de Contrato;https://www.rad.cvm.gov.br/ENET/frmDownloadDocumento.aspx?Tela=ext&numProtocolo=639014&descTipo=IPE&CodigoInstituicao=1
UCAS3;23/08/2018;09:10;Celebração ou Extinção de Contrato;https://www.rad.cvm.gov.br/ENET/frmDownloadDocumento.aspx?Tela=ext&numProtocolo=639009&descTipo=IPE&CodigoInstituicao=1
UCAS3;26/07/2018;07:58;Período de silêncio - Divulgação de resultado do 2T18;https://www.rad.cvm.gov.br/ENET/frmDownloadDocumento.aspx?Tela=ext&numProtocolo=633965&descTipo=IPE&CodigoInstituicao=1
UCAS3;28/02/2018;08:01;Periodo de silêncio referente divulgação 4º trimestre 2017;https://www.rad.cvm.gov.br/ENET/frmDownloadDocumento.aspx?Tela=ext&numProtocolo=598298&descTipo=IPE&CodigoInstituicao=1
UCAS3;25/10/2017;08:40;Periodo de silêncio referente divulgação 3º trimestre 2017;https://www.rad.cvm.gov.br/ENET/frmDownloadDocumento.aspx?Tela=ext&numProtocolo=583510&descTipo=IPE&CodigoInstituicao=1
UCAS3;25/08/2017;18:06;Celebração, Alteração ou Rescisão de Acordo de Acionistas;https://www.rad.cvm.gov.br/ENET/frmDownloadDocumento.aspx?Tela=ext&numProtocolo=577061&descTipo=IPE&CodigoInstituicao=1
UCAS3;25/07/2017;08:06;Periodo de silêncio referente divulgação 2º trimestre 2017;https://www.rad.cvm.gov.br/ENET/frmDownloadDocumento.aspx?Tela=ext&numProtocolo=572472&descTipo=IPE&CodigoInstituicao=1
UCAS3;25/04/2017;08:47;Periodo de Silencio 1T17;https://www.rad.cvm.gov.br/ENET/frmDownloadDocumento.aspx?Tela=ext&numProtocolo=559065&descTipo=IPE&CodigoInstituicao=1
UCAS3;25/04/2017;08:19;Periodo de Silencio 1T17;https://www.rad.cvm.gov.br/ENET/frmDownloadDocumento.aspx?Tela=ext&numProtocolo=559059&descTipo=IPE&CodigoInstituicao=1
UCAS3;07/04/2017;21:09;Renúncia de Conselheiro de Administração;https://www.rad.cvm.gov.br/ENET/frmDownloadDocumento.aspx?Tela=ext&numProtocolo=556837&descTipo=IPE&CodigoInstituicao=1
UCAS3;01/03/2017;08:36;Período de silêncio 4T16;https://www.rad.cvm.gov.br/ENET/frmDownloadDocumento.aspx?Tela=ext&numProtocolo=549750&descTipo=IPE&CodigoInstituicao=1
UCAS3;31/10/2016;18:21;Renúncia Diretor Comercial;https://www.rad.cvm.gov.br/ENET/frmDownloadDocumento.aspx?Tela=ext&numProtocolo=535741&descTipo=IPE&CodigoInstituicao=1
UCAS3;24/10/2016;09:21;Período de silêncio 3T16;https://www.rad.cvm.gov.br/ENET/frmDownloadDocumento.aspx?Tela=ext&numProtocolo=534922&descTipo=IPE&CodigoInstituicao=1
UCAS3;19/08/2016;19:14;Reapresentação do calendário corporativo;https://www.rad.cvm.gov.br/ENET/frmDownloadDocumento.aspx?Tela=ext&numProtocolo=528693&descTipo=IPE&CodigoInstituicao=1
UCAS3;27/04/2016;07:37;Período de Silêncio - 1T16;https://www.rad.cvm.gov.br/ENET/frmDownloadDocumento.aspx?Tela=ext&numProtocolo=512245&descTipo=IPE&CodigoInstituicao=1
UCAS3;20/04/2016;18:32;Alteração da chapa do Conselho de Administração;https://www.rad.cvm.gov.br/ENET/frmDownloadDocumento.aspx?Tela=ext&numProtocolo=511660&descTipo=IPE&CodigoInstituicao=1
UCAS3;02/03/2016;08:04;Período de Silêncio - 4T15;https://www.rad.cvm.gov.br/ENET/frmDownloadDocumento.aspx?Tela=ext&numProtocolo=502849&descTipo=IPE&CodigoInstituicao=1
