;Data Referência;Demonstração Financeira;Release de Resultados;Acao
0;31/03/2026;https://www.rad.cvm.gov.br/ENET/frmGerenciaPaginaFRE.aspx?NumeroSequencialDocumento=157434&CodigoTipoInstituicao=1;https://www.rad.cvm.gov.br/ENET/frmDownloadDocumento.aspx?Tela=ext&numProtocolo=1522473&descTipo=IPE&CodigoInstituicao=1;NEXP3
1;31/12/2025;https://www.rad.cvm.gov.br/ENET/frmGerenciaPaginaFRE.aspx?NumeroSequencialDocumento=155945&CodigoTipoInstituicao=1;https://www.rad.cvm.gov.br/ENET/frmDownloadDocumento.aspx?Tela=ext&numProtocolo=1499365&descTipo=IPE&CodigoInstituicao=1;NEXP3
2;30/09/2025;https://www.rad.cvm.gov.br/ENET/frmGerenciaPaginaFRE.aspx?NumeroSequencialDocumento=153212&CodigoTipoInstituicao=1;https://www.rad.cvm.gov.br/ENET/frmDownloadDocumento.aspx?Tela=ext&numProtocolo=1445046&descTipo=IPE&CodigoInstituicao=1;NEXP3
3;30/06/2025;https://www.rad.cvm.gov.br/ENET/frmGerenciaPaginaFRE.aspx?NumeroSequencialDocumento=151341&CodigoTipoInstituicao=1;https://www.rad.cvm.gov.br/ENET/frmDownloadDocumento.aspx?Tela=ext&numProtocolo=1413776&descTipo=IPE&CodigoInstituicao=1;NEXP3
4;31/03/2025;https://www.rad.cvm.gov.br/ENET/frmGerenciaPaginaFRE.aspx?NumeroSequencialDocumento=147887&CodigoTipoInstituicao=1;https://www.rad.cvm.gov.br/ENET/frmDownloadDocumento.aspx?Tela=ext&numProtocolo=1379284&descTipo=IPE&CodigoInstituicao=1;NEXP3
5;31/12/2024;https://www.rad.cvm.gov.br/ENET/frmGerenciaPaginaFRE.aspx?NumeroSequencialDocumento=147847&CodigoTipoInstituicao=1;https://www.rad.cvm.gov.br/ENET/frmDownloadDocumento.aspx?Tela=ext&numProtocolo=1352872&descTipo=IPE&CodigoInstituicao=1;NEXP3
6;30/09/2024;https://www.rad.cvm.gov.br/ENET/frmGerenciaPaginaFRE.aspx?NumeroSequencialDocumento=142761&CodigoTipoInstituicao=1;https://www.rad.cvm.gov.br/ENET/frmDownloadDocumento.aspx?Tela=ext&numProtocolo=1300328&descTipo=IPE&CodigoInstituicao=1;NEXP3
7;30/06/2024;https://www.rad.cvm.gov.br/ENET/frmGerenciaPaginaFRE.aspx?NumeroSequencialDocumento=141269&CodigoTipoInstituicao=1;https://www.rad.cvm.gov.br/ENET/frmDownloadDocumento.aspx?Tela=ext&numProtocolo=1269222&descTipo=IPE&CodigoInstituicao=1;NEXP3
8;31/03/2024;https://www.rad.cvm.gov.br/ENET/frmGerenciaPaginaFRE.aspx?NumeroSequencialDocumento=139528&CodigoTipoInstituicao=1;https://www.rad.cvm.gov.br/ENET/frmDownloadDocumento.aspx?Tela=ext&numProtocolo=1235904&descTipo=IPE&CodigoInstituicao=1;NEXP3
9;31/12/2023;https://www.rad.cvm.gov.br/ENET/frmGerenciaPaginaFRE.aspx?NumeroSequencialDocumento=135785&CodigoTipoInstituicao=1;https://www.rad.cvm.gov.br/ENET/frmDownloadDocumento.aspx?Tela=ext&numProtocolo=1215150&descTipo=IPE&CodigoInstituicao=1;NEXP3
10;30/09/2023;https://www.rad.cvm.gov.br/ENET/frmGerenciaPaginaFRE.aspx?NumeroSequencialDocumento=132123&CodigoTipoInstituicao=1;https://www.rad.cvm.gov.br/ENET/frmDownloadDocumento.aspx?Tela=ext&numProtocolo=1160553&descTipo=IPE&CodigoInstituicao=1;NEXP3
11;30/06/2023;https://www.rad.cvm.gov.br/ENET/frmGerenciaPaginaFRE.aspx?NumeroSequencialDocumento=132695&CodigoTipoInstituicao=1;https://www.rad.cvm.gov.br/ENET/frmDownloadDocumento.aspx?Tela=ext&numProtocolo=1132637&descTipo=IPE&CodigoInstituicao=1;NEXP3
12;31/03/2023;https://www.rad.cvm.gov.br/ENET/frmGerenciaPaginaFRE.aspx?NumeroSequencialDocumento=126672&CodigoTipoInstituicao=1;https://www.rad.cvm.gov.br/ENET/frmDownloadDocumento.aspx?Tela=ext&numProtocolo=1100997&descTipo=IPE&CodigoInstituicao=1;NEXP3
13;31/12/2022;https://www.rad.cvm.gov.br/ENET/frmGerenciaPaginaFRE.aspx?NumeroSequencialDocumento=131109&CodigoTipoInstituicao=1;https://www.rad.cvm.gov.br/ENET/frmDownloadDocumento.aspx?Tela=ext&numProtocolo=1079838&descTipo=IPE&CodigoInstituicao=1;NEXP3
14;30/09/2022;https://www.rad.cvm.gov.br/ENET/frmGerenciaPaginaFRE.aspx?NumeroSequencialDocumento=121705&CodigoTipoInstituicao=1;https://www.rad.cvm.gov.br/ENET/frmDownloadDocumento.aspx?Tela=ext&numProtocolo=1031471&descTipo=IPE&CodigoInstituicao=1;NEXP3
15;30/06/2022;https://www.rad.cvm.gov.br/ENET/frmGerenciaPaginaFRE.aspx?NumeroSequencialDocumento=119548&CodigoTipoInstituicao=1;https://www.rad.cvm.gov.br/ENET/frmDownloadDocumento.aspx?Tela=ext&numProtocolo=1006877&descTipo=IPE&CodigoInstituicao=1;NEXP3
16;31/03/2022;https://www.rad.cvm.gov.br/ENET/frmGerenciaPaginaFRE.aspx?NumeroSequencialDocumento=114969&CodigoTipoInstituicao=1;https://www.rad.cvm.gov.br/ENET/frmDownloadDocumento.aspx?Tela=ext&numProtocolo=981013&descTipo=IPE&CodigoInstituicao=1;NEXP3
17;31/12/2021;https://www.rad.cvm.gov.br/ENET/frmGerenciaPaginaFRE.aspx?NumeroSequencialDocumento=112942&CodigoTipoInstituicao=1;https://www.rad.cvm.gov.br/ENET/frmDownloadDocumento.aspx?Tela=ext&numProtocolo=956909&descTipo=IPE&CodigoInstituicao=1;NEXP3
18;30/09/2021;https://www.rad.cvm.gov.br/ENET/frmGerenciaPaginaFRE.aspx?NumeroSequencialDocumento=109802&CodigoTipoInstituicao=1;https://www.rad.cvm.gov.br/ENET/frmDownloadDocumento.aspx?Tela=ext&numProtocolo=916287&descTipo=IPE&CodigoInstituicao=1;NEXP3
19;30/06/2021;https://www.rad.cvm.gov.br/ENET/frmGerenciaPaginaFRE.aspx?NumeroSequencialDocumento=108118&CodigoTipoInstituicao=1;https://www.rad.cvm.gov.br/ENET/frmDownloadDocumento.aspx?Tela=ext&numProtocolo=893580&descTipo=IPE&CodigoInstituicao=1;NEXP3
20;31/03/2021;https://www.rad.cvm.gov.br/ENET/frmGerenciaPaginaFRE.aspx?NumeroSequencialDocumento=104298&CodigoTipoInstituicao=1;https://www.rad.cvm.gov.br/ENET/frmDownloadDocumento.aspx?Tela=ext&numProtocolo=868115&descTipo=IPE&CodigoInstituicao=1;NEXP3
21;31/12/2020;https://www.rad.cvm.gov.br/ENET/frmGerenciaPaginaFRE.aspx?NumeroSequencialDocumento=100558&CodigoTipoInstituicao=1;https://www.rad.cvm.gov.br/ENET/frmDownloadDocumento.aspx?Tela=ext&numProtocolo=837354&descTipo=IPE&CodigoInstituicao=1;NEXP3
22;30/09/2020;https://www.rad.cvm.gov.br/ENET/frmGerenciaPaginaFRE.aspx?NumeroSequencialDocumento=98537&CodigoTipoInstituicao=1;https://www.rad.cvm.gov.br/ENET/frmDownloadDocumento.aspx?Tela=ext&numProtocolo=808643&descTipo=IPE&CodigoInstituicao=1;NEXP3
23;30/06/2020;https://www.rad.cvm.gov.br/ENET/frmGerenciaPaginaFRE.aspx?NumeroSequencialDocumento=95467&CodigoTipoInstituicao=1;https://www.rad.cvm.gov.br/ENET/frmDownloadDocumento.aspx?Tela=ext&numProtocolo=780265&descTipo=IPE&CodigoInstituicao=1;NEXP3
24;31/03/2020;https://www.rad.cvm.gov.br/ENET/frmGerenciaPaginaFRE.aspx?NumeroSequencialDocumento=94420&CodigoTipoInstituicao=1;https://www.rad.cvm.gov.br/ENET/frmDownloadDocumento.aspx?Tela=ext&numProtocolo=772229&descTipo=IPE&CodigoInstituicao=1;NEXP3
25;31/12/2019;https://www.rad.cvm.gov.br/ENET/frmGerenciaPaginaFRE.aspx?NumeroSequencialDocumento=92052&CodigoTipoInstituicao=1;https://www.rad.cvm.gov.br/ENET/frmDownloadDocumento.aspx?Tela=ext&numProtocolo=750298&descTipo=IPE&CodigoInstituicao=1;NEXP3
26;30/09/2019;https://www.rad.cvm.gov.br/ENET/frmGerenciaPaginaFRE.aspx?NumeroSequencialDocumento=89087&CodigoTipoInstituicao=1;https://www.rad.cvm.gov.br/ENET/frmDownloadDocumento.aspx?Tela=ext&numProtocolo=719603&descTipo=IPE&CodigoInstituicao=1;NEXP3
27;30/06/2019;https://www.rad.cvm.gov.br/ENET/frmGerenciaPaginaFRE.aspx?NumeroSequencialDocumento=86286&CodigoTipoInstituicao=1;https://www.rad.cvm.gov.br/ENET/frmDownloadDocumento.aspx?Tela=ext&numProtocolo=705275&descTipo=IPE&CodigoInstituicao=1;NEXP3
28;31/03/2019;https://www.rad.cvm.gov.br/ENET/frmGerenciaPaginaFRE.aspx?NumeroSequencialDocumento=83506&CodigoTipoInstituicao=1;https://www.rad.cvm.gov.br/ENET/frmDownloadDocumento.aspx?Tela=ext&numProtocolo=690579&descTipo=IPE&CodigoInstituicao=1;NEXP3
29;31/12/2018;https://www.rad.cvm.gov.br/ENET/frmGerenciaPaginaFRE.aspx?NumeroSequencialDocumento=81559&CodigoTipoInstituicao=1;https://www.rad.cvm.gov.br/ENET/frmDownloadDocumento.aspx?Tela=ext&numProtocolo=673918&descTipo=IPE&CodigoInstituicao=1;NEXP3
30;30/09/2018;https://www.rad.cvm.gov.br/ENET/frmGerenciaPaginaFRE.aspx?NumeroSequencialDocumento=79172&CodigoTipoInstituicao=1;https://www.rad.cvm.gov.br/ENET/frmDownloadDocumento.aspx?Tela=ext&numProtocolo=651689&descTipo=IPE&CodigoInstituicao=1;NEXP3
31;30/06/2018;https://www.rad.cvm.gov.br/ENET/frmGerenciaPaginaFRE.aspx?NumeroSequencialDocumento=77087&CodigoTipoInstituicao=1;https://www.rad.cvm.gov.br/ENET/frmDownloadDocumento.aspx?Tela=ext&numProtocolo=637736&descTipo=IPE&CodigoInstituicao=1;NEXP3
32;31/03/2018;https://www.rad.cvm.gov.br/ENET/frmGerenciaPaginaFRE.aspx?NumeroSequencialDocumento=73987&CodigoTipoInstituicao=1;https://www.rad.cvm.gov.br/ENET/frmDownloadDocumento.aspx?Tela=ext&numProtocolo=621007&descTipo=IPE&CodigoInstituicao=1;NEXP3
33;31/12/2017;https://www.rad.cvm.gov.br/ENET/frmGerenciaPaginaFRE.aspx?NumeroSequencialDocumento=72876&CodigoTipoInstituicao=1;https://www.rad.cvm.gov.br/ENET/frmDownloadDocumento.aspx?Tela=ext&numProtocolo=604931&descTipo=IPE&CodigoInstituicao=1;NEXP3
34;30/09/2017;https://www.rad.cvm.gov.br/ENET/frmGerenciaPaginaFRE.aspx?NumeroSequencialDocumento=69878&CodigoTipoInstituicao=1;https://www.rad.cvm.gov.br/ENET/frmDownloadDocumento.aspx?Tela=ext&numProtocolo=586505&descTipo=IPE&CodigoInstituicao=1;NEXP3
35;30/06/2017;https://www.rad.cvm.gov.br/ENET/frmGerenciaPaginaFRE.aspx?NumeroSequencialDocumento=67925&CodigoTipoInstituicao=1;https://www.rad.cvm.gov.br/ENET/frmDownloadDocumento.aspx?Tela=ext&numProtocolo=575770&descTipo=IPE&CodigoInstituicao=1;NEXP3
36;31/03/2017;https://www.rad.cvm.gov.br/ENET/frmGerenciaPaginaFRE.aspx?NumeroSequencialDocumento=65287&CodigoTipoInstituicao=1;https://www.rad.cvm.gov.br/ENET/frmDownloadDocumento.aspx?Tela=ext&numProtocolo=564516&descTipo=IPE&CodigoInstituicao=1;NEXP3
37;31/12/2016;https://www.rad.cvm.gov.br/ENET/frmGerenciaPaginaFRE.aspx?NumeroSequencialDocumento=63643&CodigoTipoInstituicao=1;https://www.rad.cvm.gov.br/ENET/frmDownloadDocumento.aspx?Tela=ext&numProtocolo=554210&descTipo=IPE&CodigoInstituicao=1;NEXP3
38;30/09/2016;https://www.rad.cvm.gov.br/ENET/frmGerenciaPaginaFRE.aspx?NumeroSequencialDocumento=61029&CodigoTipoInstituicao=1;https://www.rad.cvm.gov.br/ENET/frmDownloadDocumento.aspx?Tela=ext&numProtocolo=538419&descTipo=IPE&CodigoInstituicao=1;NEXP3
39;30/06/2016;https://www.rad.cvm.gov.br/ENET/frmGerenciaPaginaFRE.aspx?NumeroSequencialDocumento=58876&CodigoTipoInstituicao=1;https://www.rad.cvm.gov.br/ENET/frmDownloadDocumento.aspx?Tela=ext&numProtocolo=527814&descTipo=IPE&CodigoInstituicao=1;NEXP3
40;31/03/2016;https://www.rad.cvm.gov.br/ENET/frmGerenciaPaginaFRE.aspx?NumeroSequencialDocumento=56260&CodigoTipoInstituicao=1;https://www.rad.cvm.gov.br/ENET/frmDownloadDocumento.aspx?Tela=ext&numProtocolo=517288&descTipo=IPE&CodigoInstituicao=1;NEXP3
41;31/12/2015;https://www.rad.cvm.gov.br/ENET/frmGerenciaPaginaFRE.aspx?NumeroSequencialDocumento=54652&CodigoTipoInstituicao=1;https://www.rad.cvm.gov.br/ENET/frmDownloadDocumento.aspx?Tela=ext&numProtocolo=507622&descTipo=IPE&CodigoInstituicao=1;NEXP3
42;30/09/2015;https://www.rad.cvm.gov.br/ENET/frmGerenciaPaginaFRE.aspx?NumeroSequencialDocumento=51695&CodigoTipoInstituicao=1;https://www.rad.cvm.gov.br/ENET/frmDownloadDocumento.aspx?Tela=ext&numProtocolo=491487&descTipo=IPE&CodigoInstituicao=1;NEXP3
43;30/06/2015;https://www.rad.cvm.gov.br/ENET/frmGerenciaPaginaFRE.aspx?NumeroSequencialDocumento=49667&CodigoTipoInstituicao=1;https://www.rad.cvm.gov.br/ENET/frmDownloadDocumento.aspx?Tela=ext&numProtocolo=481103&descTipo=IPE&CodigoInstituicao=1;NEXP3
44;31/03/2015;https://www.rad.cvm.gov.br/ENET/frmGerenciaPaginaFRE.aspx?NumeroSequencialDocumento=47262&CodigoTipoInstituicao=1;https://www.rad.cvm.gov.br/ENET/frmDownloadDocumento.aspx?Tela=ext&numProtocolo=471673&descTipo=IPE&CodigoInstituicao=1;NEXP3
45;31/12/2014;https://www.rad.cvm.gov.br/ENET/frmGerenciaPaginaFRE.aspx?NumeroSequencialDocumento=45116&CodigoTipoInstituicao=1;https://www.rad.cvm.gov.br/ENET/frmDownloadDocumento.aspx?Tela=ext&numProtocolo=460363&descTipo=IPE&CodigoInstituicao=1;NEXP3
46;30/09/2014;https://www.rad.cvm.gov.br/ENET/frmGerenciaPaginaFRE.aspx?NumeroSequencialDocumento=42443&CodigoTipoInstituicao=1;https://www.rad.cvm.gov.br/ENET/frmDownloadDocumento.aspx?Tela=ext&numProtocolo=446283&descTipo=IPE&CodigoInstituicao=1;NEXP3
47;30/06/2014;https://www.rad.cvm.gov.br/ENET/frmGerenciaPaginaFRE.aspx?NumeroSequencialDocumento=40779&CodigoTipoInstituicao=1;https://www.rad.cvm.gov.br/ENET/frmDownloadDocumento.aspx?Tela=ext&numProtocolo=436415&descTipo=IPE&CodigoInstituicao=1;NEXP3
48;31/03/2014;https://www.rad.cvm.gov.br/ENET/frmGerenciaPaginaFRE.aspx?NumeroSequencialDocumento=36921&CodigoTipoInstituicao=1;https://www.rad.cvm.gov.br/ENET/frmDownloadDocumento.aspx?Tela=ext&numProtocolo=425754&descTipo=IPE&CodigoInstituicao=1;NEXP3
49;31/12/2013;https://www.rad.cvm.gov.br/ENET/frmGerenciaPaginaFRE.aspx?NumeroSequencialDocumento=35299&CodigoTipoInstituicao=1;https://www.rad.cvm.gov.br/ENET/frmDownloadDocumento.aspx?Tela=ext&numProtocolo=414678&descTipo=IPE&CodigoInstituicao=1;NEXP3
50;30/09/2013;https://www.rad.cvm.gov.br/ENET/frmGerenciaPaginaFRE.aspx?NumeroSequencialDocumento=32811&CodigoTipoInstituicao=1;https://www.rad.cvm.gov.br/ENET/frmDownloadDocumento.aspx?Tela=ext&numProtocolo=401126&descTipo=IPE&CodigoInstituicao=1;NEXP3
51;30/06/2013;https://www.rad.cvm.gov.br/ENET/frmGerenciaPaginaFRE.aspx?NumeroSequencialDocumento=30547&CodigoTipoInstituicao=1;https://www.rad.cvm.gov.br/ENET/frmDownloadDocumento.aspx?Tela=ext&numProtocolo=390802&descTipo=IPE&CodigoInstituicao=1;NEXP3
52;31/03/2013;https://www.rad.cvm.gov.br/ENET/frmGerenciaPaginaFRE.aspx?NumeroSequencialDocumento=27051&CodigoTipoInstituicao=1;https://www.rad.cvm.gov.br/ENET/frmDownloadDocumento.aspx?Tela=ext&numProtocolo=380581&descTipo=IPE&CodigoInstituicao=1;NEXP3
53;31/12/2012;https://www.rad.cvm.gov.br/ENET/frmGerenciaPaginaFRE.aspx?NumeroSequencialDocumento=25053&CodigoTipoInstituicao=1;https://www.rad.cvm.gov.br/ENET/frmDownloadDocumento.aspx?Tela=ext&numProtocolo=370590&descTipo=IPE&CodigoInstituicao=1;NEXP3
54;30/09/2012;https://www.rad.cvm.gov.br/ENET/frmGerenciaPaginaFRE.aspx?NumeroSequencialDocumento=22500&CodigoTipoInstituicao=1;https://www.rad.cvm.gov.br/ENET/frmDownloadDocumento.aspx?Tela=ext&numProtocolo=357678&descTipo=IPE&CodigoInstituicao=1;NEXP3
55;30/06/2012;https://www.rad.cvm.gov.br/ENET/frmGerenciaPaginaFRE.aspx?NumeroSequencialDocumento=20667&CodigoTipoInstituicao=1;https://www.rad.cvm.gov.br/ENET/frmDownloadDocumento.aspx?Tela=ext&numProtocolo=348524&descTipo=IPE&CodigoInstituicao=1;NEXP3
56;31/03/2012;https://www.rad.cvm.gov.br/ENET/frmGerenciaPaginaFRE.aspx?NumeroSequencialDocumento=17570&CodigoTipoInstituicao=1;https://www.rad.cvm.gov.br/ENET/frmDownloadDocumento.aspx?Tela=ext&numProtocolo=325266&descTipo=IPE&CodigoInstituicao=1;NEXP3
57;31/12/2011;https://www.rad.cvm.gov.br/ENET/frmGerenciaPaginaFRE.aspx?NumeroSequencialDocumento=15176&CodigoTipoInstituicao=1;https://www.rad.cvm.gov.br/ENET/frmDownloadDocumento.aspx?Tela=ext&numProtocolo=311237&descTipo=IPE&CodigoInstituicao=1;NEXP3
58;30/09/2011;https://www.rad.cvm.gov.br/ENET/frmGerenciaPaginaFRE.aspx?NumeroSequencialDocumento=12988&CodigoTipoInstituicao=1;https://www.rad.cvm.gov.br/ENET/frmDownloadDocumento.aspx?Tela=ext&numProtocolo=301876&descTipo=IPE&CodigoInstituicao=1;NEXP3
59;30/06/2011;https://www.rad.cvm.gov.br/ENET/frmGerenciaPaginaFRE.aspx?NumeroSequencialDocumento=11147&CodigoTipoInstituicao=1;https://www.rad.cvm.gov.br/ENET/frmDownloadDocumento.aspx?Tela=ext&numProtocolo=291756&descTipo=IPE&CodigoInstituicao=1;NEXP3
60;31/03/2011;https://www.rad.cvm.gov.br/ENET/frmGerenciaPaginaFRE.aspx?NumeroSequencialDocumento=8154&CodigoTipoInstituicao=1;https://www.rad.cvm.gov.br/ENET/frmDownloadDocumento.aspx?Tela=ext&numProtocolo=280482&descTipo=IPE&CodigoInstituicao=1;NEXP3
61;31/12/2010;https://www.rad.cvm.gov.br/ENET/frmGerenciaPaginaFRE.aspx?NumeroSequencialDocumento=14255&CodigoTipoInstituicao=1;;NEXP3
