;Date;Open;High;Low;Close;Adj Close;Volume;Retornos
0;2023-04-04;6.281406879425049;6.369070053100586;6.269591808319092;6.285355091094971;6.285355091094971;0;
1;2023-04-05;6.338241100311279;6.344438076019287;6.273526191711426;6.3331217765808105;6.3331217765808105;0;0.76
2;2023-04-06;6.265664100646973;6.313899993896484;6.253909111022949;6.265664100646973;6.265664100646973;0;-1.07
3;2023-04-07;6.289308071136475;6.299109935760498;6.246096134185791;6.285355091094971;6.285355091094971;0;0.31
4;2023-04-10;6.273526191711426;6.289118766784668;6.242197036743164;6.277463912963867;6.277463912963867;0;-0.13
5;2023-04-11;6.273526191711426;6.307826042175293;6.195786952972412;6.269591808319092;6.269591808319092;0;-0.13
6;2023-04-12;6.22016716003418;6.225722789764404;6.131207942962647;6.21504020690918;6.21504020690918;0;-0.87
7;2023-04-13;6.134969234466553;6.176064968109131;6.127450942993164;6.138734817504883;6.138734817504883;0;-1.23
8;2023-04-14;6.165227890014648;6.181031227111816;6.127450942993164;6.170600891113281;6.170600891113281;0;0.52
9;2023-04-17;6.0827250480651855;6.128166198730469;6.0679612159729;6.0827250480651855;6.0827250480651855;0;-1.42
10;2023-04-18;6.105006217956543;6.191949844360352;6.10128116607666;6.113235950469971;6.113235950469971;0;0.5
11;2023-04-19;6.191949844360352;6.300378799438477;6.172840118408203;6.192869186401367;6.192869186401367;0;1.3
12;2023-04-20;6.305170059204102;6.31852912902832;6.265664100646973;6.305984973907471;6.305984973907471;0;1.83
13;2023-04-21;6.27939510345459;6.283154010772705;6.238303184509277;6.279952049255371;6.279952049255371;0;-0.41
14;2023-04-24;6.277463912963867;6.327765941619873;6.261741161346436;6.277463912963867;6.277463912963867;0;-0.04
15;2023-04-25;6.285355091094971;6.30434513092041;6.244431018829346;6.291200160980225;6.291200160980225;0;0.22
16;2023-04-26;6.269591808319092;6.335601806640625;6.261741161346436;6.265664100646973;6.265664100646973;0;-0.41
17;2023-04-27;6.281406879425049;6.2965087890625;6.23052978515625;6.285355091094971;6.285355091094971;0;0.31
18;2023-04-28;6.211180210113525;6.302859783172607;6.188118934631348;6.21504020690918;6.21504020690918;0;-1.12
19;2023-05-01;6.253909111022949;6.261741161346436;6.222774982452393;6.253909111022949;6.253909111022949;0;0.63
20;2023-05-02;6.222774982452393;6.292825222015381;6.207324981689453;6.222774982452393;6.222774982452393;0;-0.5
21;2023-05-03;6.28672981262207;6.313072204589844;6.261741161346436;6.277463912963867;6.277463912963867;0;0.88
22;2023-05-04;6.269591808319092;6.333954811096191;6.240048885345459;6.273526191711426;6.273526191711426;0;-0.06
23;2023-05-05;6.261741161346436;6.299999237060547;6.242197036743164;6.265664100646973;6.265664100646973;0;-0.13
24;2023-05-08;6.246096134185791;6.307582855224609;6.246096134185791;6.25;6.25;0;-0.25
25;2023-05-09;6.31510591506958;6.336774826049805;6.285355091094971;6.309147834777832;6.309147834777832;0;0.95
26;2023-05-10;6.294201850891113;6.30011510848999;6.238303184509277;6.294930934906006;6.294930934906006;0;-0.23
27;2023-05-11;6.234414100646973;6.263325214385986;6.195786952972412;6.241154193878174;6.241154193878174;0;-0.85
28;2023-05-12;6.167068958282471;6.196444988250732;6.134969234466553;6.161428928375244;6.161428928375244;0;-1.28
29;2023-05-15;6.119950771331787;6.16782808303833;6.116208076477051;6.119950771331787;6.119950771331787;0;-0.67
30;2023-05-16;6.121638774871826;6.151801109313965;6.086427211761475;6.122196197509766;6.122196197509766;0;0.04
31;2023-05-17;6.167080879211426;6.187280178070068;6.131207942962647;6.166310787200928;6.166310787200928;0;0.72
32;2023-05-18;6.162755966186523;6.177378177642822;6.131207942962647;6.163418769836426;6.163418769836426;0;-0.05
33;2023-05-19;6.163012981414795;6.218669891357422;6.146282196044922;6.15384578704834;6.15384578704834;0;-0.16
34;2023-05-22;6.218904972076416;6.232292175292969;6.15384578704834;6.224448204040527;6.224448204040527;0;1.15
35;2023-05-23;6.177000999450684;6.181490898132324;6.138734817504883;6.169031143188477;6.169031143188477;0;-0.89
36;2023-05-24;6.165227890014648;6.191949844360352;6.108735084533691;6.165227890014648;6.165227890014648;0;-0.06
37;2023-05-25;6.131258010864258;6.18663215637207;6.108735084533691;6.134223937988281;6.134223937988281;0;-0.5
38;2023-05-26;6.202542781829834;6.2375969886779785;6.161428928375244;6.202207088470459;6.202207088470459;0;1.11
39;2023-05-29;6.163057804107666;6.188540935516357;6.134969234466553;6.15763521194458;6.15763521194458;0;-0.72
40;2023-05-30;6.188118934631348;6.2976179122924805;6.165227890014648;6.197021007537842;6.197021007537842;0;0.64
41;2023-05-31;6.242197036743164;6.339381217956543;6.211180210113525;6.2482008934021;6.2482008934021;0;0.83
42;2023-06-01;6.2915568351745605;6.319861888885498;6.25;6.291368007659912;6.291368007659912;0;0.69
43;2023-06-02;6.277463912963867;6.2932658195495605;6.172840118408203;6.2791290283203125;6.2791290283203125;0;-0.19
44;2023-06-05;6.15384578704834;6.163928985595703;6.093844890594482;6.15384578704834;6.15384578704834;0;-2.0
45;2023-06-06;6.119950771331787;6.146282196044922;6.090134143829346;6.116208076477051;6.116208076477051;0;-0.61
46;2023-06-07;6.105661869049072;6.146748065948486;6.0827250480651855;6.097560882568359;6.097560882568359;0;-0.3
47;2023-06-08;6.125946044921875;6.178749084472656;6.11246919631958;6.12551212310791;6.12551212310791;0;0.46
48;2023-06-09;6.181881904602051;6.189099788665772;6.116377830505371;6.182377815246582;6.182377815246582;0;0.93
49;2023-06-12;6.127450942993164;6.145907878875732;6.07902717590332;6.131207942962647;6.131207942962647;0;-0.83
50;2023-06-13;6.07902717590332;6.133427143096924;6.07902717590332;6.07902717590332;6.07902717590332;0;-0.85
51;2023-06-14;6.123699188232422;6.156422138214111;6.119950771331787;6.123699188232422;6.123699188232422;0;0.73
52;2023-06-15;6.093844890594482;6.144254207611084;6.075334072113037;6.100496768951416;6.100496768951416;0;-0.38
53;2023-06-16;6.146282196044922;6.213395118713379;6.134969234466553;6.142506122589111;6.142506122589111;0;0.69
54;2023-06-19;6.180469989776611;6.184671878814697;6.093844890594482;6.176651954650879;6.176651954650879;0;0.56
55;2023-06-20;6.105006217956543;6.115653038024902;6.075334072113037;6.105006217956543;6.105006217956543;0;-1.16
56;2023-06-21;6.108735084533691;6.123699188232422;6.060606002807617;6.108735084533691;6.108735084533691;0;0.06
57;2023-06-22;6.075334072113037;6.1033220291137695;6.053268909454346;6.082119941711426;6.082119941711426;0;-0.44
58;2023-06-23;6.075334072113037;6.115179061889648;6.049606800079346;6.075334072113037;6.075334072113037;0;-0.11
59;2023-06-26;6.092219829559326;6.0996527671813965;6.0459489822387695;6.086427211761475;6.086427211761475;0;0.18
60;2023-06-27;6.053268909454346;6.127210140228272;6.049606800079346;6.056934833526611;6.056934833526611;0;-0.48
61;2023-06-28;6.123699188232422;6.151989936828613;6.0827250480651855;6.123699188232422;6.123699188232422;0;1.1
62;2023-06-29;6.123699188232422;6.146819114685059;6.105006217956543;6.13288688659668;6.13288688659668;0;0.15
63;2023-06-30;6.124341011047363;6.156882762908936;6.105006217956543;6.12508487701416;6.12508487701416;0;-0.13
64;2023-07-03;6.0679612159729;6.082120895385742;6.027728080749512;6.0679612159729;6.0679612159729;0;-0.93
65;2023-07-04;6.097560882568359;6.130770206451416;6.07902717590332;6.093844890594482;6.093844890594482;0;0.43
66;2023-07-05;6.155479907989502;6.190876007080078;6.131207942962647;6.154971122741699;6.154971122741699;0;1.0
67;2023-07-06;6.15384578704834;6.263070106506348;6.146282196044922;6.150062084197998;6.150062084197998;0;-0.08
68;2023-07-07;6.261741161346436;6.292396068572998;6.222774982452393;6.268414974212647;6.268414974212647;0;1.92
69;2023-07-10;6.25;6.26262092590332;6.191949844360352;6.246096134185791;6.246096134185791;0;-0.36
70;2023-07-11;6.2932658195495605;6.348575115203857;6.285355091094971;6.297228813171387;6.297228813171387;0;0.82
71;2023-07-12;6.275465965270996;6.292125225067139;6.210801124572754;6.275506973266602;6.275506973266602;0;-0.34
72;2023-07-13;6.260519027709961;6.315333843231201;6.23052978515625;6.259942054748535;6.259942054748535;0;-0.25
73;2023-07-14;6.289308071136475;6.301727771759033;6.257822036743164;6.294619083404541;6.294619083404541;0;0.55
74;2023-07-17;6.261741161346436;6.340374946594238;6.25;6.268910884857178;6.268910884857178;0;-0.41
75;2023-07-18;6.280911922454834;6.311017036437988;6.25;6.282502174377441;6.282502174377441;0;0.22
76;2023-07-19;6.261741161346436;6.277463912963867;6.161428928375244;6.2683939933776855;6.2683939933776855;0;-0.22
77;2023-07-20;6.188118934631348;6.2098917961120605;6.131207942962647;6.196907997131348;6.196907997131348;0;-1.14
78;2023-07-21;6.173279762268066;6.199627876281738;6.11246919631958;6.174370765686035;6.174370765686035;0;-0.36
79;2023-07-24;6.139995098114014;6.172840118408203;6.053268909454346;6.134969234466553;6.134969234466553;0;-0.64
80;2023-07-25;6.0552520751953125;6.110596179962158;6.049606800079346;6.054257869720459;6.054257869720459;0;-1.32
81;2023-07-26;6.119950771331787;6.13926887512207;6.10128116607666;6.116208076477051;6.116208076477051;0;1.02
82;2023-07-27;6.125351905822754;6.1554460525512695;6.049606800079346;6.122444152832031;6.122444152832031;0;0.1
83;2023-07-28;6.0657501220703125;6.111966133117676;6.042295932769775;6.066374778747559;6.066374778747559;0;-0.92
84;2023-07-31;6.0679612159729;6.12058687210083;6.056934833526611;6.064280986785889;6.064280986785889;0;-0.03
85;2023-08-01;6.056934833526611;6.1028971672058105;6.031363010406494;6.056934833526611;6.056934833526611;0;-0.12
86;2023-08-02;6.123699188232422;6.131319046020508;6.07902717590332;6.127450942993164;6.127450942993164;0;1.16
87;2023-08-03;6.117609024047852;6.209856986999512;6.0679612159729;6.118855953216553;6.118855953216553;0;-0.14
88;2023-08-04;6.242197036743164;6.257822036743164;6.176651954650879;6.246096134185791;6.246096134185791;0;2.08
89;2023-08-07;6.218904972076416;6.2759528160095215;6.191949844360352;6.227763175964356;6.227763175964356;0;-0.29
90;2023-08-08;6.257822036743164;6.265664100646973;6.21504020690918;6.257822036743164;6.257822036743164;0;0.48
91;2023-08-09;6.234414100646973;6.259150981903076;6.195786952972412;6.234414100646973;6.234414100646973;0;-0.37
92;2023-08-10;6.23052978515625;6.264220237731934;6.15384578704834;6.23052978515625;6.23052978515625;0;-0.06
93;2023-08-11;6.191949844360352;6.228940010070801;6.188118934631348;6.191949844360352;6.191949844360352;0;-0.62
94;2023-08-14;6.226650238037109;6.293875217437744;6.211180210113525;6.23052978515625;6.23052978515625;0;0.62
95;2023-08-15;6.289308071136475;6.356534004211426;6.285355091094971;6.289308071136475;6.289308071136475;0;0.94
96;2023-08-16;6.325110912322998;6.362858772277832;6.309147834777832;6.321113109588623;6.321113109588623;0;0.51
97;2023-08-17;6.3371357917785645;6.364429950714111;6.325110912322998;6.341154098510742;6.341154098510742;0;0.32
98;2023-08-18;6.344277858734131;6.358076095581055;6.309147834777832;6.3371357917785645;6.3371357917785645;0;-0.06
99;2023-08-21;6.321113109588623;6.36225700378418;6.305170059204102;6.327503204345703;6.327503204345703;0;-0.15
100;2023-08-22;6.34920597076416;6.372409820556641;6.265664100646973;6.345178127288818;6.345178127288818;0;0.28
101;2023-08-23;6.281406879425049;6.299511909484863;6.180469989776611;6.281406879425049;6.281406879425049;0;-1.01
102;2023-08-24;6.169031143188477;6.178700923919678;6.138734817504883;6.169031143188477;6.169031143188477;0;-1.79
103;2023-08-25;6.142506122589111;6.163489818572998;6.123699188232422;6.138734817504883;6.138734817504883;0;-0.49
104;2023-08-28;6.127450942993164;6.163258075714111;6.116208076477051;6.127450942993164;6.127450942993164;0;-0.18
105;2023-08-29;6.142506122589111;6.159647941589356;6.119950771331787;6.138734817504883;6.138734817504883;0;0.18
106;2023-08-30;6.123699188232422;6.209938049316406;6.116208076477051;6.123699188232422;6.123699188232422;0;-0.24
107;2023-08-31;6.211180210113525;6.2765421867370605;6.172840118408203;6.213409900665283;6.213409900665283;0;1.46
108;2023-09-01;6.269591808319092;6.284304141998291;6.211180210113525;6.273526191711426;6.273526191711426;0;0.97
109;2023-09-04;6.261741161346436;6.273526191711426;6.188118934631348;6.257822036743164;6.257822036743164;0;-0.25
110;2023-09-05;6.226650238037109;6.256083011627197;6.176651954650879;6.226650238037109;6.226650238037109;0;-0.5
111;2023-09-06;6.238303184509277;6.2677202224731445;6.195786952972412;6.244279861450195;6.244279861450195;0;0.28
112;2023-09-07;6.22148323059082;6.224954128265381;6.188118934631348;6.220705986022949;6.220705986022949;0;-0.38
113;2023-09-08;6.203474044799805;6.235379219055176;6.191949844360352;6.199627876281738;6.199627876281738;0;-0.34
114;2023-09-11;6.21504020690918;6.243703842163086;6.172840118408203;6.218904972076416;6.218904972076416;0;0.31
115;2023-09-12;6.15763521194458;6.192298889160156;6.138734817504883;6.15763521194458;6.15763521194458;0;-0.99
116;2023-09-13;6.176651954650879;6.18209981918335;6.119950771331787;6.172840118408203;6.172840118408203;0;0.25
117;2023-09-14;6.131207942962647;6.142506122589111;6.031363010406494;6.134969234466553;6.134969234466553;0;-0.61
118;2023-09-15;6.035003185272217;6.05973482131958;6.020470142364502;6.031363010406494;6.031363010406494;0;-1.69
119;2023-09-18;6.027728080749512;6.037337779998779;5.995203971862793;6.027728080749512;6.027728080749512;0;-0.06
120;2023-09-19;6.011916160583496;6.028718948364258;5.998799800872803;6.010326862335205;6.010326862335205;0;-0.29
121;2023-09-20;6.024096012115479;6.03043794631958;5.991611957550049;6.0302019119262695;6.0302019119262695;0;0.33
122;2023-09-21;6.009614944458008;6.052074909210205;5.970149040222168;6.014595985412598;6.014595985412598;0;-0.26
123;2023-09-22;6.056934833526611;6.0661301612854;6.009614944458008;6.066481113433838;6.066481113433838;0;0.86
124;2023-09-25;6.040782928466797;6.06234884262085;6.020470142364502;6.035003185272217;6.035003185272217;0;-0.52
125;2023-09-26;6.064280986785889;6.068108081817627;6.027728080749512;6.060606002807617;6.060606002807617;0;0.42
126;2023-09-27;6.049606800079346;6.133121013641357;6.042295932769775;6.049606800079346;6.049606800079346;0;-0.18
127;2023-09-28;6.11246919631958;6.173192977905273;6.105006217956543;6.118655204772949;6.118655204772949;0;1.14
128;2023-09-29;6.138734817504883;6.174129009246826;6.0827250480651855;6.142242908477783;6.142242908477783;0;0.39
129;2023-10-02;6.146282196044922;6.15763521194458;6.105006217956543;6.142506122589111;6.142506122589111;0;0.0
130;2023-10-03;6.11246919631958;6.19783878326416;6.093844890594482;6.116208076477051;6.116208076477051;0;-0.43
131;2023-10-04;6.23979377746582;6.27747106552124;6.21504020690918;6.234414100646973;6.234414100646973;0;1.93
132;2023-10-05;6.255742073059082;6.309564113616943;6.242197036743164;6.2561140060424805;6.2561140060424805;0;0.35
133;2023-10-06;6.289308071136475;6.3362717628479;6.257822036743164;6.289308071136475;6.289308071136475;0;0.53
134;2023-10-09;6.281406879425049;6.316780090332031;6.253909111022949;6.281406879425049;6.281406879425049;0;-0.13
135;2023-10-10;6.289308071136475;6.303256034851074;6.207324981689453;6.285355091094971;6.285355091094971;0;0.06
136;2023-10-11;6.203474044799805;6.232876777648926;6.176651954650879;6.199627876281738;6.199627876281738;0;-1.36
137;2023-10-12;6.21504020690918;6.2247700691223145;6.15384578704834;6.211180210113525;6.211180210113525;0;0.19
138;2023-10-13;6.148634910583496;6.17136287689209;6.131207942962647;6.147539138793945;6.147539138793945;0;-1.02
139;2023-10-16;6.131207942962647;6.186161994934082;6.127450942993164;6.127450942993164;6.127450942993164;0;-0.33
140;2023-10-17;6.146282196044922;6.153555870056152;6.10723876953125;6.146282196044922;6.146282196044922;0;0.31
141;2023-10-18;6.127450942993164;6.162395000457764;6.11246919631958;6.127450942993164;6.127450942993164;0;-0.31
142;2023-10-19;6.134969234466553;6.153902053833008;6.11246919631958;6.131207942962647;6.131207942962647;0;0.06
143;2023-10-20;6.134969234466553;6.182639122009277;6.108735084533691;6.145564079284668;6.145564079284668;0;0.23
144;2023-10-23;6.11246919631958;6.138908863067627;6.10128116607666;6.116208076477051;6.116208076477051;0;-0.48
145;2023-10-24;6.140668869018555;6.158268928527832;6.073816776275635;6.139589786529541;6.139589786529541;0;0.38
146;2023-10-25;6.070864200592041;6.108735084533691;6.035003185272217;6.06948709487915;6.06948709487915;0;-1.14
147;2023-10-26;6.038647174835205;6.073826789855957;6.024096012115479;6.038647174835205;6.038647174835205;0;-0.51
148;2023-10-27;6.0459489822387695;6.052608013153076;5.987648963928223;6.0459489822387695;6.0459489822387695;0;0.12
149;2023-10-30;6.0233330726623535;6.138597965240479;6.016847133636475;6.075334072113037;6.075334072113037;0;0.49
150;2023-10-31;6.137771129608154;6.157688140869141;6.097560882568359;6.134969234466553;6.134969234466553;0;0.98
151;2023-11-01;6.117311000823975;6.121510982513428;6.064280986785889;6.11246919631958;6.11246919631958;0;-0.37
152;2023-11-02;6.027728080749512;6.05299186706543;6.016847133636475;6.03190279006958;6.03190279006958;0;-1.32
153;2023-11-03;6.031363010406494;6.058553218841553;5.998799800872803;6.031363010406494;6.031363010406494;0;-0.01
154;2023-11-06;6.056934833526611;6.089101791381836;6.053268909454346;6.049606800079346;6.049606800079346;0;0.3
155;2023-11-07;6.028575897216797;6.029678821563721;5.970149040222168;6.029250144958496;6.029250144958496;0;-0.34
156;2023-11-08;5.984439849853516;6.014244079589844;5.959475994110107;5.984439849853516;5.984439849853516;0;-0.74
157;2023-11-09;6.024096012115479;6.041508197784424;5.998799800872803;6.024096012115479;6.024096012115479;0;0.66
158;2023-11-10;6.024096012115479;6.040044784545898;5.977285861968994;6.020470142364502;6.020470142364502;0;-0.06
159;2023-11-13;6.006005764007568;6.047303199768066;5.9880242347717285;5.9880242347717285;5.9880242347717285;0;-0.54
160;2023-11-14;6.020470142364502;6.074149131774902;5.9880242347717285;6.020470142364502;6.020470142364502;0;0.54
161;2023-11-15;6.07164478302002;6.078230857849121;6.024096012115479;6.07164478302002;6.07164478302002;0;0.85
162;2023-11-16;6.035003185272217;6.06513786315918;5.998799800872803;6.035003185272217;6.035003185272217;0;-0.6
163;2023-11-17;6.027728080749512;6.091020107269287;6.013228893280029;6.031363010406494;6.031363010406494;0;-0.06
164;2023-11-20;6.020470142364502;6.131207942962647;6.020470142364502;6.105006217956543;6.105006217956543;0;1.22
165;2023-11-21;6.064280986785889;6.134096145629883;6.060606002807617;6.064280986785889;6.064280986785889;0;-0.67
166;2023-11-22;6.145229816436768;6.147205829620361;6.0827250480651855;6.145326137542725;6.145326137542725;0;1.34
167;2023-11-23;6.119950771331787;6.160617828369141;6.119950771331787;6.119950771331787;6.119950771331787;0;-0.41
168;2023-11-24;6.144186019897461;6.184548854827881;6.131207942962647;6.144408226013184;6.144408226013184;0;0.4
169;2023-11-27;6.174347877502441;6.204500198364258;6.146282196044922;6.169031143188477;6.169031143188477;0;0.4
170;2023-11-28;6.180469989776611;6.202035903930664;6.15384578704834;6.180469989776611;6.180469989776611;0;0.19
171;2023-11-29;6.190064907073975;6.218681812286377;6.165227890014648;6.189846992492676;6.189846992492676;0;0.15
172;2023-11-30;6.218904972076416;6.253909111022949;6.188118934631348;6.22529411315918;6.22529411315918;0;0.57
173;2023-12-01;6.21504020690918;6.241011142730713;6.172073841094971;6.217998027801514;6.217998027801514;0;-0.12
174;2023-12-04;6.25;6.25;6.169031143188477;6.196075916290283;6.196075916290283;0;-0.35
175;2023-12-05;6.244962215423584;6.266965866088867;6.218904972076416;6.24483585357666;6.24483585357666;0;0.79
176;2023-12-06;6.206305980682373;6.214841842651367;6.150062084197998;6.205389976501465;6.205389976501465;0;-0.63
177;2023-12-07;6.146282196044922;6.191949844360352;6.127450942993164;6.150062084197998;6.150062084197998;0;-0.89
178;2023-12-08;6.176651954650879;6.186888217926025;6.146282196044922;6.176651954650879;6.176651954650879;0;0.43
179;2023-12-11;6.165227890014648;6.2326979637146;6.15384578704834;6.186540126800537;6.186540126800537;0;0.16
180;2023-12-12;6.196961879730225;6.232422828674316;6.184291839599609;6.197213172912598;6.197213172912598;0;0.17
181;2023-12-13;6.2404961585998535;6.2404961585998535;6.188118934631348;6.240493774414063;6.240493774414063;0;0.7
182;2023-12-14;6.203474044799805;6.260060787200928;6.195786952972412;6.209082126617432;6.209082126617432;0;-0.5
183;2023-12-15;6.265664100646973;6.30131196975708;6.234414100646973;6.275866985321045;6.275866985321045;0;1.08
184;2023-12-18;6.257822036743164;6.277463912963867;6.23052978515625;6.257822036743164;6.257822036743164;0;-0.29
185;2023-12-19;6.193313121795654;6.229319095611572;6.180469989776611;6.188118934631348;6.188118934631348;0;-1.11
186;2023-12-20;6.191949844360352;6.211180210113525;6.146282196044922;6.191949844360352;6.191949844360352;0;0.06
187;2023-12-21;6.203474044799805;6.227035999298096;6.15384578704834;6.207324981689453;6.207324981689453;0;0.25
188;2023-12-22;6.188118934631348;6.224206924438477;6.169031143188477;6.188118934631348;6.188118934631348;0;-0.31
189;2023-12-25;6.159658908843994;6.218904972076416;6.159658908843994;6.174228191375732;6.174228191375732;0;-0.22
190;2023-12-26;6.203474044799805;6.212131023406982;6.123699188232422;6.207324981689453;6.207324981689453;0;0.54
191;2023-12-27;6.12596607208252;6.185510158538818;6.108735084533691;6.126150131225586;6.126150131225586;0;-1.31
192;2023-12-28;6.169031143188477;6.189611911773682;6.119950771331787;6.177408218383789;6.177408218383789;0;0.84
193;2023-12-29;6.172840118408203;6.191949844360352;6.15384578704834;6.175254821777344;6.175254821777344;0;-0.03
194;2024-01-01;6.176468849182129;6.188118934631348;6.15384578704834;6.172840118408203;6.172840118408203;0;-0.04
195;2024-01-02;6.172840118408203;6.19184684753418;6.134969234466553;6.169031143188477;6.169031143188477;0;-0.06
196;2024-01-03;6.212279796600342;6.23052978515625;6.195786952972412;6.213866233825684;6.213866233825684;0;0.73
197;2024-01-04;6.232871055603027;6.260517120361328;6.218904972076416;6.226650238037109;6.226650238037109;0;0.21
198;2024-01-05;6.199627876281738;6.26163911819458;6.180469989776611;6.208722114562988;6.208722114562988;0;-0.29
199;2024-01-08;6.201669216156006;6.224311828613281;6.169031143188477;6.201819896697998;6.201819896697998;0;-0.11
200;2024-01-09;6.199627876281738;6.233902931213379;6.188118934631348;6.199627876281738;6.199627876281738;0;-0.04
201;2024-01-10;6.23052978515625;6.246800899505615;6.207324981689453;6.226650238037109;6.226650238037109;0;0.44
202;2024-01-11;6.2362470626831055;6.245380878448486;6.184291839599609;6.226650238037109;6.226650238037109;0;0.0
203;2024-01-12;6.218904972076416;6.246096134185791;6.169031143188477;6.21504020690918;6.21504020690918;0;-0.19
204;2024-01-15;6.181808948516846;6.213050842285156;6.161671161651611;6.180469989776611;6.180469989776611;0;-0.56
205;2024-01-16;6.181807041168213;6.230002880096436;6.127450942993164;6.182544231414795;6.182544231414795;0;0.03
206;2024-01-17;6.224542140960693;6.269591808319092;6.199627876281738;6.224202156066895;6.224202156066895;0;0.67
207;2024-01-18;6.25;6.281253814697266;6.222774982452393;6.25;6.25;0;0.41
208;2024-01-19;6.257822036743164;6.265664100646973;6.21504020690918;6.2598958015441895;6.2598958015441895;0;0.16
209;2024-01-22;6.260557174682617;6.345083236694336;6.25;6.263101100921631;6.263101100921631;0;0.05
210;2024-01-23;6.339207172393799;6.359232902526856;6.281406879425049;6.338293075561523;6.338293075561523;0;1.2
211;2024-01-24;6.281406879425049;6.325496196746826;6.246096134185791;6.277463912963867;6.277463912963867;0;-0.96
212;2024-01-25;6.265664100646973;6.2846550941467285;6.234414100646973;6.265664100646973;6.265664100646973;0;-0.19
213;2024-01-26;6.242197036743164;6.26574182510376;6.226650238037109;6.247521877288818;6.247521877288818;0;-0.29
214;2024-01-29;6.237274169921875;6.2754621505737305;6.218904972076416;6.242197036743164;6.242197036743164;0;-0.09
215;2024-01-30;6.289308071136475;6.295534133911133;6.246096134185791;6.285355091094971;6.285355091094971;0;0.69
216;2024-01-31;6.2845139503479;6.305170059204102;6.261741161346436;6.284778118133545;6.284778118133545;0;-0.01
217;2024-02-01;6.273526191711426;6.298205852508545;6.226650238037109;6.269591808319092;6.269591808319092;0;-0.24
218;2024-02-02;6.261741161346436;6.29132080078125;6.253909111022949;6.26481819152832;6.26481819152832;0;-0.08
219;2024-02-05;6.269950866699219;6.288067817687988;6.238303184509277;6.269591808319092;6.269591808319092;0;0.08
220;2024-02-06;6.242197036743164;6.262738227844238;6.222774982452393;6.226650238037109;6.226650238037109;0;-0.68
221;2024-02-07;6.25;6.277050018310547;6.246096134185791;6.25;6.25;0;0.37
222;2024-02-08;6.265664100646973;6.30344295501709;6.250613212585449;6.274606227874756;6.274606227874756;0;0.39
223;2024-02-09;6.300245761871338;6.306042194366455;6.257822036743164;6.299205780029297;6.299205780029297;0;0.39
224;2024-02-12;6.260128974914551;6.285355091094971;6.238303184509277;6.24865198135376;6.24865198135376;0;-0.8
225;2024-02-13;6.246096134185791;6.279934883117676;6.222774982452393;6.246096134185791;6.246096134185791;0;-0.04
226;2024-02-14;6.226650238037109;6.244231224060059;6.203474044799805;6.23052978515625;6.23052978515625;0;-0.25
227;2024-02-15;6.238303184509277;6.2662458419799805;6.21504020690918;6.244485855102539;6.244485855102539;0;0.22
228;2024-02-16;6.257822036743164;6.26505708694458;6.23052978515625;6.257822036743164;6.257822036743164;0;0.21
229;2024-02-19;6.265664100646973;6.273078918457031;6.234414100646973;6.257771015167236;6.257771015167236;0;-0.0
230;2024-02-20;6.23052978515625;6.265664100646973;6.226650238037109;6.234414100646973;6.234414100646973;0;-0.37
231;2024-02-21;6.211180210113525;6.227752208709717;6.203474044799805;6.21504020690918;6.21504020690918;0;-0.31
232;2024-02-22;6.236839771270752;6.271564960479736;6.203474044799805;6.235658168792725;6.235658168792725;0;0.33
233;2024-02-23;6.281406879425049;6.337530136108398;6.257822036743164;6.2843427658081055;6.2843427658081055;0;0.78
234;2024-02-26;6.317119121551514;6.339583873748779;6.303732872009277;6.33239221572876;6.33239221572876;0;0.76
235;2024-02-27;6.314994812011719;6.325110912322998;6.253105163574219;6.315969944000244;6.315969944000244;0;-0.26
236;2024-02-28;6.25;6.278462886810303;6.218904972076416;6.25;6.25;0;-1.04
237;2024-02-29;6.281406879425049;6.315775871276856;6.269591808319092;6.281406879425049;6.281406879425049;0;0.5
238;2024-03-01;6.274208068847656;6.2808918952941895;6.242197036743164;6.269591808319092;6.269591808319092;0;-0.19
239;2024-03-04;6.271207809448242;6.284702777862549;6.261741161346436;6.269265174865723;6.269265174865723;0;-0.01
240;2024-03-05;6.277499198913574;6.302892208099365;6.257822036743164;6.269591808319092;6.269591808319092;0;0.01
241;2024-03-06;6.289308071136475;6.311413764953613;6.269591808319092;6.289308071136475;6.289308071136475;0;0.31
242;2024-03-07;6.296202182769775;6.312408924102783;6.285355091094971;6.294612884521484;6.294612884521484;0;0.08
243;2024-03-08;6.317119121551514;6.421666145324707;6.2932658195495605;6.317119121551514;6.317119121551514;0;0.36
244;2024-03-11;6.405121803283691;6.411693096160889;6.353240013122559;6.402255058288574;6.402255058288574;0;1.35
245;2024-03-12;6.381292819976807;6.385695934295654;6.3371357917785645;6.379524230957031;6.379524230957031;0;-0.36
246;2024-03-13;6.353240013122559;6.379397869110107;6.341154098510742;6.353240013122559;6.353240013122559;0;-0.41
247;2024-03-14;6.353240013122559;6.372459888458252;6.329113960266113;6.357278823852539;6.357278823852539;0;0.06
248;2024-03-15;6.353240013122559;6.376064777374268;6.345178127288818;6.357278823852539;6.357278823852539;0;0.0
249;2024-03-18;6.358735084533691;6.40049409866333;6.345178127288818;6.359006881713867;6.359006881713867;0;0.03
250;2024-03-19;6.399649143218994;6.40945291519165;6.365372180938721;6.400681972503662;6.400681972503662;0;0.66
251;2024-03-20;6.389776229858398;6.400153160095215;6.353240013122559;6.389776229858398;6.389776229858398;0;-0.17
252;2024-03-21;6.345178127288818;6.373486042022705;6.297228813171387;6.34920597076416;6.34920597076416;0;-0.63
253;2024-03-22;6.2932658195495605;6.309485912322998;6.246096134185791;6.2932658195495605;6.2932658195495605;0;-0.88
254;2024-03-25;6.297228813171387;6.323912143707275;6.285355091094971;6.303020000457764;6.303020000457764;0;0.15
255;2024-03-26;6.2831549644470215;6.305170059204102;6.273526191711426;6.283584117889404;6.283584117889404;0;-0.31
256;2024-03-27;6.273526191711426;6.296212196350098;6.265664100646973;6.283243179321289;6.283243179321289;0;-0.01
257;2024-03-28;6.289308071136475;6.322858810424805;6.273526191711426;6.296113967895508;6.296113967895508;0;0.2
258;2024-03-29;6.321113109588623;6.337530136108398;6.301197052001953;6.330534934997559;6.330534934997559;0;0.55
259;2024-04-01;6.329113960266113;6.353875160217285;6.313130855560303;6.329113960266113;6.329113960266113;0;-0.02
260;2024-04-02;6.3331217765808105;6.355062961578369;6.310892105102539;6.3331217765808105;6.3331217765808105;0;0.06
261;2024-04-03;6.365372180938721;6.4081711769104;6.3331217765808105;6.369112968444824;6.369112968444824;0;0.57
262;2024-04-04;6.375034809112549;6.3852219581604;6.3331217765808105;6.3754730224609375;6.3754730224609375;0;0.1
263;2024-04-05;6.391129016876221;6.395815849304199;6.3331217765808105;6.385695934295654;6.385695934295654;0;0.16
264;2024-04-08;6.373486042022705;6.403122901916504;6.357278823852539;6.377551078796387;6.377551078796387;0;-0.13
265;2024-04-09;6.358919143676758;6.3797807693481445;6.329113960266113;6.359126091003418;6.359126091003418;0;-0.29
266;2024-04-10;6.347652912139893;6.37290096282959;6.3371357917785645;6.347774028778076;6.347774028778076;0;-0.18
267;2024-04-11;6.341154098510742;6.382933139801025;6.3371357917785645;6.350769996643066;6.350769996643066;0;0.05
268;2024-04-12;6.38162088394165;6.402027130126953;6.3371357917785645;6.385695934295654;6.385695934295654;0;0.55
269;2024-04-15;6.36942720413208;6.475381851196289;6.329113960266113;6.375455856323242;6.375455856323242;0;-0.16
270;2024-04-16;6.447453022003174;6.575345993041992;6.426734924316406;6.443298816680908;6.443298816680908;0;1.06
271;2024-04-17;6.569347858428955;6.595208168029785;6.501951217651367;6.569387912750244;6.569387912750244;0;1.96
272;2024-04-18;6.5104169845581055;6.557432174682617;6.506180763244629;6.516476154327393;6.516476154327393;0;-0.81
273;2024-04-19;6.518024921417236;6.557376861572266;6.447453022003174;6.5104169845581055;6.5104169845581055;0;-0.09
274;2024-04-22;6.464124202728272;6.472492218017578;6.389776229858398;6.464124202728272;6.464124202728272;0;-0.71
275;2024-04-23;6.379499912261963;6.42936897277832;6.365372180938721;6.38016414642334;6.38016414642334;0;-1.3
276;2024-04-24;6.38162088394165;6.428705215454102;6.36942720413208;6.388131141662598;6.388131141662598;0;0.12
277;2024-04-25;6.402049064636231;6.468924045562744;6.377551078796387;6.406149864196777;6.406149864196777;0;0.28
278;2024-04-26;6.447453022003174;6.467616081237793;6.36942720413208;6.453574180603027;6.453574180603027;0;0.74
279;2024-04-29;6.393861770629883;6.424473762512207;6.385695934295654;6.393861770629883;6.393861770629883;0;-0.93
280;2024-04-30;6.426408767700195;6.492498874664307;6.402049064636231;6.418485164642334;6.418485164642334;0;0.39
281;2024-05-01;6.486824035644531;6.491376876831055;6.4683051109313965;6.486334800720215;6.486334800720215;0;1.06
282;2024-05-02;6.501951217651367;6.5123162269592285;6.36942720413208;6.506180763244629;6.506180763244629;0;0.31
283;2024-05-03;6.406325817108154;6.422605991363525;6.34920597076416;6.409104824066162;6.409104824066162;0;-1.49
284;2024-05-06;6.389776229858398;6.407036781311035;6.36132287979126;6.389776229858398;6.389776229858398;0;-0.3
285;2024-05-07;6.36942720413208;6.376984119415283;6.329113960266113;6.365372180938721;6.365372180938721;0;-0.38
286;2024-05-08;6.3331217765808105;6.371828079223633;6.317119121551514;6.3371357917785645;6.3371357917785645;0;-0.44
287;2024-05-09;6.355131149291992;6.466397762298584;6.329113960266113;6.355804920196533;6.355804920196533;0;0.29
288;2024-05-10;6.435006141662598;6.456849098205566;6.4102559089660645;6.435006141662598;6.435006141662598;0;1.25
289;2024-05-13;6.435006141662598;6.482991218566895;6.430868148803711;6.435006141662598;6.435006141662598;0;0.0
290;2024-05-14;6.4683051109313965;6.473602771759033;6.430868148803711;6.4683051109313965;6.4683051109313965;0;0.52
291;2024-05-15;6.452815055847168;6.517324924468994;6.447453022003174;6.453472137451172;6.453472137451172;0;-0.23
292;2024-05-16;6.506180763244629;6.516629219055176;6.4599480628967285;6.506180763244629;6.506180763244629;0;0.82
293;2024-05-17;6.493505954742432;6.501951217651367;6.4683051109313965;6.493505954742432;6.493505954742432;0;-0.19
294;2024-05-20;6.472492218017578;6.510319232940674;6.4599480628967285;6.483092784881592;6.483092784881592;0;-0.16
295;2024-05-21;6.485764980316162;6.500082969665527;6.451612949371338;6.480881214141846;6.480881214141846;0;-0.03
296;2024-05-22;6.501951217651367;6.570537090301514;6.485084056854248;6.506180763244629;6.506180763244629;0;0.39
297;2024-05-23;6.544503211975098;6.56813383102417;6.514657974243164;6.544503211975098;6.544503211975098;0;0.59
298;2024-05-24;6.523157119750977;6.564336776733398;6.514657974243164;6.528848171234131;6.528848171234131;0;-0.24
299;2024-05-27;6.57462215423584;6.6197829246521;6.535947799682617;6.57462215423584;6.57462215423584;0;0.7
300;2024-05-28;6.6006598472595215;6.613051891326904;6.565988063812256;6.6006598472595215;6.6006598472595215;0;0.4
301;2024-05-29;6.585058212280273;6.620131015777588;6.565988063812256;6.584803104400635;6.584803104400635;0;-0.24
302;2024-05-30;6.596305847167969;6.63055419921875;6.57462215423584;6.6006598472595215;6.6006598472595215;0;0.24
303;2024-05-31;6.613757133483887;6.693174839019775;6.6006598472595215;6.613757133483887;6.613757133483887;0;0.2
304;2024-06-03;6.675567150115967;6.704835891723633;6.648935794830322;6.683743953704834;6.683743953704834;0;1.06
305;2024-06-04;6.724139213562012;6.759091854095459;6.680027008056641;6.72474479675293;6.72474479675293;0;0.61
306;2024-06-05;6.753604888916016;6.763744831085205;6.715917110443115;6.74763822555542;6.74763822555542;0;0.34
307;2024-06-06;6.781001091003418;6.787166118621826;6.706908226013184;6.781214237213135;6.781214237213135;0;0.5
308;2024-06-07;6.724696159362793;6.74115800857544;6.693439960479736;6.715917110443115;6.715917110443115;0;-0.96
309;2024-06-10;6.724949836730957;6.843818187713623;6.715917110443115;6.729475021362305;6.729475021362305;0;0.2
310;2024-06-11;6.80272102355957;6.834896087646484;6.779661178588867;6.80272102355957;6.80272102355957;0;1.09
311;2024-06-12;6.833745002746582;6.962010860443115;6.820182800292969;6.825939178466797;6.825939178466797;0;0.34
312;2024-06-13;6.901310920715332;6.91782283782959;6.844626903533936;6.901310920715332;6.901310920715332;0;1.1
313;2024-06-14;6.8386549949646;6.8386549949646;6.7750678062438965;6.838862895965576;6.838862895965576;0;-0.9
314;2024-06-17;6.779661178588867;6.882516860961914;6.765900135040283;6.784261226654053;6.784261226654053;0;-0.8
315;2024-06-18;6.891798973083496;6.893062114715576;6.849315166473389;6.893309116363525;6.893309116363525;0;1.61
316;2024-06-19;6.912779808044434;6.961325168609619;6.882311820983887;6.913257122039795;6.913257122039795;0;0.29
317;2024-06-20;6.887052059173584;6.9108500480651855;6.826366901397705;6.891798973083496;6.891798973083496;0;-0.31
318;2024-06-21;6.902956008911133;6.908456802368164;6.849315166473389;6.896552085876465;6.896552085876465;0;0.07
319;2024-06-24;6.8631439208984375;6.880248069763184;6.811988830566406;6.877579212188721;6.877579212188721;0;-0.28
320;2024-06-25;6.834569931030273;6.901151180267334;6.825939178466797;6.825939178466797;6.825939178466797;0;-0.75
321;2024-06-26;6.906076908111572;6.972276210784912;6.882311820983887;6.913535118103027;6.913535118103027;0;1.28
322;2024-06-27;6.963788032531738;7.004048824310303;6.939624786376953;6.970212936401367;6.970212936401367;0;0.82
323;2024-06-28;6.949269771575928;7.050654888153076;6.930006980895996;6.949269771575928;6.949269771575928;0;-0.3
324;2024-07-01;7.067138195037842;7.098295211791992;7.0422539710998535;7.067138195037842;7.067138195037842;0;1.7
325;2024-07-02;7.1511311531066895;7.206056118011475;7.117437839508057;7.150082111358643;7.150082111358643;0;1.17
326;2024-07-03;7.203174114227295;7.209807872772217;7.102272987365723;7.194244861602783;7.194244861602783;0;0.62
327;2024-07-04;7.072135925292969;7.092308044433594;6.95894193649292;7.081002235412598;7.081002235412598;0;-1.57
328;2024-07-08;7.002800941467285;7.055280208587647;6.978366851806641;7.027407169342041;7.027407169342041;0;-0.76
329;2024-07-09;7.009424209594727;7.015665054321289;6.934813022613525;7.002800941467285;7.002800941467285;0;-0.35
330;2024-07-10;6.927553176879883;6.943195819854736;6.879918098449707;6.92679500579834;6.92679500579834;0;-1.09
331;2024-07-11;6.954102993011475;7.01913595199585;6.939624786376953;6.954102993011475;6.954102993011475;0;0.39
332;2024-07-12;7.022471904754639;7.092617988586426;7.0077080726623535;7.017543792724609;7.017543792724609;0;0.91
333;2024-07-15;7.030179977416992;7.105096817016602;7.022471904754639;7.030910015106201;7.030910015106201;0;0.19
334;2024-07-16;7.057162761688232;7.070508003234863;6.99790096282959;7.057162761688232;7.057162761688232;0;0.37
335;2024-07-17;7.039600849151611;7.12952184677124;7.022471904754639;7.038603782653809;7.038603782653809;0;-0.26
336;2024-07-18;7.1326680183410645;7.203214168548584;7.102272987365723;7.127583980560303;7.127583980560303;0;1.26
337;2024-07-19;7.168458938598633;7.192525863647461;7.1326680183410645;7.168458938598633;7.168458938598633;0;0.57
338;2024-07-22;7.158195972442627;7.255867004394531;7.147963047027588;7.158195972442627;7.158195972442627;0;-0.14
339;2024-07-23;7.194244861602783;7.234574794769287;7.168458938598633;7.194244861602783;7.194244861602783;0;0.5
340;2024-07-24;7.199423789978027;7.298226833343506;7.183907985687256;7.199423789978027;7.199423789978027;0;0.07
341;2024-07-25;7.291533946990967;7.30994176864624;7.2411298751831055;7.293321132659912;7.293321132659912;0;1.3
342;2024-07-26;7.256071090698242;7.277870178222656;7.230658054351807;7.254834175109863;7.254834175109863;0;-0.53
343;2024-07-29;7.278019905090332;7.283320903778076;7.227358818054199;7.283320903778076;7.283320903778076;0;0.39
344;2024-07-30;7.21662712097168;7.263749122619629;7.199423789978027;7.209805011749268;7.209805011749268;0;-1.01
345;2024-07-31;7.202424049377441;7.296542167663574;7.183907985687256;7.204108238220215;7.204108238220215;0;-0.08
346;2024-08-01;7.271489143371582;7.284534931182861;7.204610824584961;7.262164115905762;7.262164115905762;0;0.81
347;2024-08-02;7.304602146148682;7.391626834869385;7.299270153045654;7.30994176864624;7.30994176864624;0;0.66
348;2024-08-05;7.31528902053833;7.437695980072021;7.267442226409912;7.31528902053833;7.31528902053833;0;0.07
349;2024-08-06;7.304602146148682;7.325010776519775;7.152759075164795;7.315775871276855;7.315775871276855;0;0.01
350;2024-08-07;7.163323879241943;7.201924800872803;7.1123762130737305;7.163323879241943;7.163323879241943;0;-2.08
351;2024-08-08;7.142857074737549;7.175869941711426;7.097231864929199;7.137759208679199;7.137759208679199;0;-0.36
352;2024-08-09;7.06214714050293;7.082878112792969;7.002800941467285;7.069192886352539;7.069192886352539;0;-0.96
353;2024-08-12;7.012622833251953;7.051219940185547;6.978366851806641;7.020565986633301;7.020565986633301;0;-0.69
354;2024-08-13;7.002800941467285;7.0452880859375;6.993007183074951;7.002800941467285;7.002800941467285;0;-0.25
355;2024-08-14;7.012622833251953;7.020266056060791;6.963788032531738;7.012622833251953;7.012622833251953;0;0.14
356;2024-08-15;7.002800941467285;7.0348100662231445;6.993007183074951;7.0077080726623535;7.0077080726623535;0;-0.07
